/******************************************方法区****************************************************************/
--自动根据项目值判断相应得分、根据总分数判断评级结果 
--delete FROM class_method where className='SystemManage' and methodName='AutoEvaluateScore';
INSERT INTO CLASS_METHOD (CLASSNAME,METHODNAME,METHODTYPE,METHODDESCRIBE,RETURNTYPE,METHODARGS,METHODCODE,INPUTUSER,INPUTORG,INPUTTIME,UPDATEUSER,UPDATETIME,REMARK) VALUES ('SystemManage','AutoEvaluateScore','Bizlet','自动根据项目值判断相应得分 ','Number','String ModelNo,String ItemNo,String ItemValue,String CodeNo','com.amarsoft.app.lending.bizlets.EvaluateScoreOrResultGene ','system','9900','2006/10/01 01:01:01','system','2006/10/01 01:01:01',null);
--delete FROM class_method where className='SystemManage' and methodName='AutoEvaluateResult';
INSERT INTO CLASS_METHOD (CLASSNAME,METHODNAME,METHODTYPE,METHODDESCRIBE,RETURNTYPE,METHODARGS,METHODCODE,INPUTUSER,INPUTORG,INPUTTIME,UPDATEUSER,UPDATETIME,REMARK) VALUES ('SystemManage','AutoEvaluateResult','Bizlet','自动根据总分数判断评级结果 ','String','String ModelNo,String TotalScore,String CodeNo','com.amarsoft.app.lending.bizlets.EvaluateScoreOrResultGene ','system','9900','2006/10/01 01:01:01','system','2006/10/01 01:01:01',null);

--------评级中获取值得总方法，牵涉到复杂计算的都在此方法中得到
--delete FROM class_method where className='SystemManage' and methodName='EvaluateGetValue';
INSERT INTO CLASS_METHOD (CLASSNAME,METHODNAME,METHODTYPE,METHODDESCRIBE,RETURNTYPE,METHODARGS,METHODCODE,INPUTUSER,INPUTORG,INPUTTIME,UPDATEUSER,UPDATETIME,REMARK) VALUES ('SystemManage','EvaluateGetValue','Bizlet','评级模板中计算科目平均值','Number','String MethodName,String ObjectNo,String AccountMonth,String ReportScope,String RowSubject,String ItemName,String HowMuchY','com.amarsoft.app.lending.bizlets.EvaluateGetValue','als6',null,'2012/09/23 19:54:03','als6','2012/09/23 22:44:42','');


/******************************************代码区****************************************************************/
--本期所有操作开关CODE
--delete FROM code_catalog where CodeNo='OperateModelNos';
INSERT INTO CODE_CATALOG (CODENO,SORTNO,CODETYPEONE,CODETYPETWO,CODENAME,CODEDESCRIBE,CODEATTRIBUTE,INPUTUSER,INPUTORG,INPUTTIME,UPDATEUSER,UPDATETIME,REMARK) VALUES ('OperateModelNos','','7.公用信息','7.公用信息','OperateModelNos','','','als6',null,'2012/09/20 20:56:03','als6','2012/09/20 20:56:03','');

delete FROM code_library where CodeNo='OperateModelNos';
INSERT INTO CODE_LIBRARY (CODENO,ITEMNO,ITEMNAME,BANKNO,SORTNO,ISINUSE,ITEMDESCRIBE,ITEMATTRIBUTE,RELATIVECODE,ATTRIBUTE1,ATTRIBUTE2,ATTRIBUTE3,ATTRIBUTE4,ATTRIBUTE5,ATTRIBUTE6,ATTRIBUTE7,ATTRIBUTE8,INPUTUSER,INPUTORG,INPUTTIME,UPDATEUSER,UPDATETIME,REMARK,HELPTEXT) VALUES ('OperateModelNos','010','评级模型或评级模型项目前台页面显示细项','','010','1','','','@111@大型企业打分卡@112@房地产企业打分卡@113@新建企业打分卡@114@事业单位打分卡@115@担保公司专家打分卡@311@制造类中小企业打分卡@312@商贸类中小企业打分卡@313@其他类中小企业打分卡@314@微型企业打分卡@511@房贷专家打分卡@512@消费贷专家打分卡@513@经营性涉农贷款评分模型@514@经营类（非涉农）贷款打分卡@211@非银行类金融机构专家打分卡@212@银行类金融机构专家打分卡','','','','','','','','','als6',null,'2012/09/20 20:57:00','als6','2012/09/29 23:24:27','','');
INSERT INTO CODE_LIBRARY (CODENO,ITEMNO,ITEMNAME,BANKNO,SORTNO,ISINUSE,ITEMDESCRIBE,ITEMATTRIBUTE,RELATIVECODE,ATTRIBUTE1,ATTRIBUTE2,ATTRIBUTE3,ATTRIBUTE4,ATTRIBUTE5,ATTRIBUTE6,ATTRIBUTE7,ATTRIBUTE8,INPUTUSER,INPUTORG,INPUTTIME,UPDATEUSER,UPDATETIME,REMARK,HELPTEXT) VALUES ('OperateModelNos','020','评级结果调整','','020','2','','','','','','','','','','','','als6',null,'2012/09/20 20:57:00','als6','2012/09/29 23:24:27','','');
INSERT INTO CODE_LIBRARY (CODENO,ITEMNO,ITEMNAME,BANKNO,SORTNO,ISINUSE,ITEMDESCRIBE,ITEMATTRIBUTE,RELATIVECODE,ATTRIBUTE1,ATTRIBUTE2,ATTRIBUTE3,ATTRIBUTE4,ATTRIBUTE5,ATTRIBUTE6,ATTRIBUTE7,ATTRIBUTE8,INPUTUSER,INPUTORG,INPUTTIME,UPDATEUSER,UPDATETIME,REMARK,HELPTEXT) VALUES ('OperateModelNos','02001','非零售都要进行评级结果调整','','02001','1','','','@111@大型企业打分卡@112@房地产企业打分卡@113@新建企业打分卡@114@事业单位打分卡@115@担保公司专家打分卡@311@制造类中小企业打分卡@312@商贸类中小企业打分卡@313@其他类中小企业打分卡@314@微型企业打分卡@211@非银行类金融机构专家打分卡@212@银行类金融机构专家打分卡:PJTZ:D@2@1','','','','','','','','','als6',null,'2012/09/27 15:30:23','als6','2012/09/29 23:24:27','','');
INSERT INTO CODE_LIBRARY (CODENO,ITEMNO,ITEMNAME,BANKNO,SORTNO,ISINUSE,ITEMDESCRIBE,ITEMATTRIBUTE,RELATIVECODE,ATTRIBUTE1,ATTRIBUTE2,ATTRIBUTE3,ATTRIBUTE4,ATTRIBUTE5,ATTRIBUTE6,ATTRIBUTE7,ATTRIBUTE8,INPUTUSER,INPUTORG,INPUTTIME,UPDATEUSER,UPDATETIME,REMARK,HELPTEXT) VALUES ('OperateModelNos','030','权重调整','','030','2','','','','','','','','','','','','als6',null,'2012/09/20 20:57:00','als6','2012/09/29 23:24:27','','');
INSERT INTO CODE_LIBRARY (CODENO,ITEMNO,ITEMNAME,BANKNO,SORTNO,ISINUSE,ITEMDESCRIBE,ITEMATTRIBUTE,RELATIVECODE,ATTRIBUTE1,ATTRIBUTE2,ATTRIBUTE3,ATTRIBUTE4,ATTRIBUTE5,ATTRIBUTE6,ATTRIBUTE7,ATTRIBUTE8,INPUTUSER,INPUTORG,INPUTTIME,UPDATEUSER,UPDATETIME,REMARK,HELPTEXT) VALUES ('OperateModelNos','03001','非银行类金融机构根据投资收益率进行权重调整','','03001','1','','','@211@非银行类金融机构专家打分卡:1.2.3:=Double(0.0)@%@1.1','','','','','','','','','als6',null,'2012/09/27 15:33:46','als6','2012/09/29 23:24:27','','');
INSERT INTO CODE_LIBRARY (CODENO,ITEMNO,ITEMNAME,BANKNO,SORTNO,ISINUSE,ITEMDESCRIBE,ITEMATTRIBUTE,RELATIVECODE,ATTRIBUTE1,ATTRIBUTE2,ATTRIBUTE3,ATTRIBUTE4,ATTRIBUTE5,ATTRIBUTE6,ATTRIBUTE7,ATTRIBUTE8,INPUTUSER,INPUTORG,INPUTTIME,UPDATEUSER,UPDATETIME,REMARK,HELPTEXT) VALUES ('OperateModelNos','03002','银行类金融结构根据所在地区进行权重调整','','03002','1','','','@212@银行类金融机构专家打分卡:QZTZ:金融机构所属地区','','','','','','','','','als6',null,'2012/09/27 15:40:39','als6','2012/09/29 23:24:27','','');

--0操作符CODE
--delete FROM code_catalog where CodeNo='ArithmeticOpe';
--delete FROM code_library where CodeNo='ArithmeticOpe';
INSERT INTO CODE_CATALOG (CODENO,SORTNO,CODETYPEONE,CODETYPETWO,CODENAME,CODEDESCRIBE,CODEATTRIBUTE,INPUTUSER,INPUTORG,INPUTTIME,UPDATEUSER,UPDATETIME,REMARK) VALUES ('ArithmeticOpe',null,'7.公用信息','7.公用信息','ArithmeticOpe',null,null,'system','9900','2009/07/29 15:51:13','system','2009/07/29 15:51:16',null);
INSERT INTO CODE_LIBRARY (CODENO,ITEMNO,ITEMNAME,BANKNO,SORTNO,ISINUSE,ITEMDESCRIBE,ITEMATTRIBUTE,RELATIVECODE,ATTRIBUTE1,ATTRIBUTE2,ATTRIBUTE3,ATTRIBUTE4,ATTRIBUTE5,ATTRIBUTE6,ATTRIBUTE7,ATTRIBUTE8,INPUTUSER,INPUTORG,INPUTTIME,UPDATEUSER,UPDATETIME,REMARK,HELPTEXT) VALUES ('ArithmeticOpe','010','<',null,'010','1',null,null,null,null,null,null,null,null,null,null,null,null,null,null,'system','2009/07/29 16:06:21',null,null);
INSERT INTO CODE_LIBRARY (CODENO,ITEMNO,ITEMNAME,BANKNO,SORTNO,ISINUSE,ITEMDESCRIBE,ITEMATTRIBUTE,RELATIVECODE,ATTRIBUTE1,ATTRIBUTE2,ATTRIBUTE3,ATTRIBUTE4,ATTRIBUTE5,ATTRIBUTE6,ATTRIBUTE7,ATTRIBUTE8,INPUTUSER,INPUTORG,INPUTTIME,UPDATEUSER,UPDATETIME,REMARK,HELPTEXT) VALUES ('ArithmeticOpe','020','<=',null,'020','1',null,null,null,null,null,null,null,null,null,null,null,null,null,null,'system','2009/07/29 16:06:23',null,null);
INSERT INTO CODE_LIBRARY (CODENO,ITEMNO,ITEMNAME,BANKNO,SORTNO,ISINUSE,ITEMDESCRIBE,ITEMATTRIBUTE,RELATIVECODE,ATTRIBUTE1,ATTRIBUTE2,ATTRIBUTE3,ATTRIBUTE4,ATTRIBUTE5,ATTRIBUTE6,ATTRIBUTE7,ATTRIBUTE8,INPUTUSER,INPUTORG,INPUTTIME,UPDATEUSER,UPDATETIME,REMARK,HELPTEXT) VALUES ('ArithmeticOpe','030','>=',null,'030','1',null,null,null,null,null,null,null,null,null,null,null,null,null,null,'system','2009/07/29 16:06:23',null,null);
INSERT INTO CODE_LIBRARY (CODENO,ITEMNO,ITEMNAME,BANKNO,SORTNO,ISINUSE,ITEMDESCRIBE,ITEMATTRIBUTE,RELATIVECODE,ATTRIBUTE1,ATTRIBUTE2,ATTRIBUTE3,ATTRIBUTE4,ATTRIBUTE5,ATTRIBUTE6,ATTRIBUTE7,ATTRIBUTE8,INPUTUSER,INPUTORG,INPUTTIME,UPDATEUSER,UPDATETIME,REMARK,HELPTEXT) VALUES ('ArithmeticOpe','040','>',null,'040','1',null,null,null,null,null,null,null,null,null,null,null,null,null,null,'system','2009/07/29 16:06:21',null,null);
INSERT INTO CODE_LIBRARY (CODENO,ITEMNO,ITEMNAME,BANKNO,SORTNO,ISINUSE,ITEMDESCRIBE,ITEMATTRIBUTE,RELATIVECODE,ATTRIBUTE1,ATTRIBUTE2,ATTRIBUTE3,ATTRIBUTE4,ATTRIBUTE5,ATTRIBUTE6,ATTRIBUTE7,ATTRIBUTE8,INPUTUSER,INPUTORG,INPUTTIME,UPDATEUSER,UPDATETIME,REMARK,HELPTEXT) VALUES ('ArithmeticOpe','050','=',null,'050','1',null,null,null,null,null,null,null,null,null,null,null,null,null,null,'system','2009/07/29 16:06:23',null,null);

--1、客户详情评级模板选择下拉菜单――个人
--delete FROM code_library where codeNo ='IndCreditTempletType' and ItemNo in('511','512','513','514');
INSERT INTO CODE_LIBRARY (CODENO,ITEMNO,ITEMNAME,BANKNO,SORTNO,ISINUSE,ITEMDESCRIBE,ITEMATTRIBUTE,RELATIVECODE,ATTRIBUTE1,ATTRIBUTE2,ATTRIBUTE3,ATTRIBUTE4,ATTRIBUTE5,ATTRIBUTE6,ATTRIBUTE7,ATTRIBUTE8,INPUTUSER,INPUTORG,INPUTTIME,UPDATEUSER,UPDATETIME,REMARK,HELPTEXT) VALUES ('IndCreditTempletType','511','房贷专家打分卡',null,'511','1','511',null,null,null,null,null,null,null,null,null,null,'system','9900','2009/08/25 16:51:50','system','2009/12/15 19:46:17',null,null);
INSERT INTO CODE_LIBRARY (CODENO,ITEMNO,ITEMNAME,BANKNO,SORTNO,ISINUSE,ITEMDESCRIBE,ITEMATTRIBUTE,RELATIVECODE,ATTRIBUTE1,ATTRIBUTE2,ATTRIBUTE3,ATTRIBUTE4,ATTRIBUTE5,ATTRIBUTE6,ATTRIBUTE7,ATTRIBUTE8,INPUTUSER,INPUTORG,INPUTTIME,UPDATEUSER,UPDATETIME,REMARK,HELPTEXT) VALUES ('IndCreditTempletType','512','消费贷专家打分卡',null,'512','1','512',null,null,null,null,null,null,null,null,null,null,'system','9900','2009/08/25 16:51:50','system','2010/01/08 17:23:15',null,null);
INSERT INTO CODE_LIBRARY (CODENO,ITEMNO,ITEMNAME,BANKNO,SORTNO,ISINUSE,ITEMDESCRIBE,ITEMATTRIBUTE,RELATIVECODE,ATTRIBUTE1,ATTRIBUTE2,ATTRIBUTE3,ATTRIBUTE4,ATTRIBUTE5,ATTRIBUTE6,ATTRIBUTE7,ATTRIBUTE8,INPUTUSER,INPUTORG,INPUTTIME,UPDATEUSER,UPDATETIME,REMARK,HELPTEXT) VALUES ('IndCreditTempletType','513','经营性涉农贷款评分模型',null,'513','1','513',null,null,null,null,null,null,null,null,null,null,'system','9900','2009/08/25 16:51:51','system','2009/12/15 19:46:21',null,null);
INSERT INTO CODE_LIBRARY (CODENO,ITEMNO,ITEMNAME,BANKNO,SORTNO,ISINUSE,ITEMDESCRIBE,ITEMATTRIBUTE,RELATIVECODE,ATTRIBUTE1,ATTRIBUTE2,ATTRIBUTE3,ATTRIBUTE4,ATTRIBUTE5,ATTRIBUTE6,ATTRIBUTE7,ATTRIBUTE8,INPUTUSER,INPUTORG,INPUTTIME,UPDATEUSER,UPDATETIME,REMARK,HELPTEXT) VALUES ('IndCreditTempletType','514','经营类（非涉农）贷款打分卡',null,'514','1','514',null,null,null,null,null,null,null,null,null,null,'system','9900','2009/08/25 16:51:51','system','2009/12/15 19:46:21',null,null);
--2、客户详情评级模板选择下拉菜单――企业
--delete FROM code_library where codeNo ='CreditTempletType' and ItemNo in('111','112','113','114','115','311','312','313','314');
INSERT INTO CODE_LIBRARY (CODENO,ITEMNO,ITEMNAME,BANKNO,SORTNO,ISINUSE,ITEMDESCRIBE,ITEMATTRIBUTE,RELATIVECODE,ATTRIBUTE1,ATTRIBUTE2,ATTRIBUTE3,ATTRIBUTE4,ATTRIBUTE5,ATTRIBUTE6,ATTRIBUTE7,ATTRIBUTE8,INPUTUSER,INPUTORG,INPUTTIME,UPDATEUSER,UPDATETIME,REMARK,HELPTEXT) VALUES ('CreditTempletType','111','大型企业打分卡',null,'111','1','111',null,null,null,null,null,null,null,null,null,null,'system','9900','2009/08/25 16:51:50','system','2009/12/15 19:46:17',null,null);
INSERT INTO CODE_LIBRARY (CODENO,ITEMNO,ITEMNAME,BANKNO,SORTNO,ISINUSE,ITEMDESCRIBE,ITEMATTRIBUTE,RELATIVECODE,ATTRIBUTE1,ATTRIBUTE2,ATTRIBUTE3,ATTRIBUTE4,ATTRIBUTE5,ATTRIBUTE6,ATTRIBUTE7,ATTRIBUTE8,INPUTUSER,INPUTORG,INPUTTIME,UPDATEUSER,UPDATETIME,REMARK,HELPTEXT) VALUES ('CreditTempletType','112','房地产企业打分卡',null,'112','1','112',null,null,null,null,null,null,null,null,null,null,'system','9900','2009/08/25 16:51:50','system','2010/01/08 17:23:15',null,null);
INSERT INTO CODE_LIBRARY (CODENO,ITEMNO,ITEMNAME,BANKNO,SORTNO,ISINUSE,ITEMDESCRIBE,ITEMATTRIBUTE,RELATIVECODE,ATTRIBUTE1,ATTRIBUTE2,ATTRIBUTE3,ATTRIBUTE4,ATTRIBUTE5,ATTRIBUTE6,ATTRIBUTE7,ATTRIBUTE8,INPUTUSER,INPUTORG,INPUTTIME,UPDATEUSER,UPDATETIME,REMARK,HELPTEXT) VALUES ('CreditTempletType','113','新建企业打分卡',null,'113','1','113',null,null,null,null,null,null,null,null,null,null,'system','9900','2009/08/25 16:51:51','system','2009/12/15 19:46:21',null,null);
INSERT INTO CODE_LIBRARY (CODENO,ITEMNO,ITEMNAME,BANKNO,SORTNO,ISINUSE,ITEMDESCRIBE,ITEMATTRIBUTE,RELATIVECODE,ATTRIBUTE1,ATTRIBUTE2,ATTRIBUTE3,ATTRIBUTE4,ATTRIBUTE5,ATTRIBUTE6,ATTRIBUTE7,ATTRIBUTE8,INPUTUSER,INPUTORG,INPUTTIME,UPDATEUSER,UPDATETIME,REMARK,HELPTEXT) VALUES ('CreditTempletType','114','事业单位打分卡',null,'114','1','114',null,null,null,null,null,null,null,null,null,null,'system','9900','2009/08/25 16:51:50','system','2010/01/08 17:23:15',null,null);
INSERT INTO CODE_LIBRARY (CODENO,ITEMNO,ITEMNAME,BANKNO,SORTNO,ISINUSE,ITEMDESCRIBE,ITEMATTRIBUTE,RELATIVECODE,ATTRIBUTE1,ATTRIBUTE2,ATTRIBUTE3,ATTRIBUTE4,ATTRIBUTE5,ATTRIBUTE6,ATTRIBUTE7,ATTRIBUTE8,INPUTUSER,INPUTORG,INPUTTIME,UPDATEUSER,UPDATETIME,REMARK,HELPTEXT) VALUES ('CreditTempletType','115','担保公司专家打分卡',null,'115','1','115',null,null,null,null,null,null,null,null,null,null,'system','9900','2009/08/25 16:51:51','system','2009/12/15 19:46:21',null,null);
INSERT INTO CODE_LIBRARY (CODENO,ITEMNO,ITEMNAME,BANKNO,SORTNO,ISINUSE,ITEMDESCRIBE,ITEMATTRIBUTE,RELATIVECODE,ATTRIBUTE1,ATTRIBUTE2,ATTRIBUTE3,ATTRIBUTE4,ATTRIBUTE5,ATTRIBUTE6,ATTRIBUTE7,ATTRIBUTE8,INPUTUSER,INPUTORG,INPUTTIME,UPDATEUSER,UPDATETIME,REMARK,HELPTEXT) VALUES ('CreditTempletType','311','制造类中小企业打分卡',null,'311','1','311',null,null,null,null,null,null,null,null,null,null,'system','9900','2009/08/25 16:51:50','system','2010/01/08 17:23:15',null,null);
INSERT INTO CODE_LIBRARY (CODENO,ITEMNO,ITEMNAME,BANKNO,SORTNO,ISINUSE,ITEMDESCRIBE,ITEMATTRIBUTE,RELATIVECODE,ATTRIBUTE1,ATTRIBUTE2,ATTRIBUTE3,ATTRIBUTE4,ATTRIBUTE5,ATTRIBUTE6,ATTRIBUTE7,ATTRIBUTE8,INPUTUSER,INPUTORG,INPUTTIME,UPDATEUSER,UPDATETIME,REMARK,HELPTEXT) VALUES ('CreditTempletType','312','商贸类中小企业打分卡',null,'312','1','312',null,null,null,null,null,null,null,null,null,null,'system','9900','2009/08/25 16:51:50','system','2009/12/15 19:46:17',null,null);
INSERT INTO CODE_LIBRARY (CODENO,ITEMNO,ITEMNAME,BANKNO,SORTNO,ISINUSE,ITEMDESCRIBE,ITEMATTRIBUTE,RELATIVECODE,ATTRIBUTE1,ATTRIBUTE2,ATTRIBUTE3,ATTRIBUTE4,ATTRIBUTE5,ATTRIBUTE6,ATTRIBUTE7,ATTRIBUTE8,INPUTUSER,INPUTORG,INPUTTIME,UPDATEUSER,UPDATETIME,REMARK,HELPTEXT) VALUES ('CreditTempletType','313','其他类中小企业打分卡',null,'313','1','313',null,null,null,null,null,null,null,null,null,null,'system','9900','2009/08/25 16:51:51','system','2009/12/15 19:46:21',null,null);
INSERT INTO CODE_LIBRARY (CODENO,ITEMNO,ITEMNAME,BANKNO,SORTNO,ISINUSE,ITEMDESCRIBE,ITEMATTRIBUTE,RELATIVECODE,ATTRIBUTE1,ATTRIBUTE2,ATTRIBUTE3,ATTRIBUTE4,ATTRIBUTE5,ATTRIBUTE6,ATTRIBUTE7,ATTRIBUTE8,INPUTUSER,INPUTORG,INPUTTIME,UPDATEUSER,UPDATETIME,REMARK,HELPTEXT) VALUES ('CreditTempletType','314','微型企业打分卡',null,'314','1','314',null,null,null,null,null,null,null,null,null,null,'system','9900','2009/08/25 16:51:51','system','2009/12/15 19:46:21',null,null);
INSERT INTO CODE_LIBRARY (CODENO,ITEMNO,ITEMNAME,BANKNO,SORTNO,ISINUSE,ITEMDESCRIBE,ITEMATTRIBUTE,RELATIVECODE,ATTRIBUTE1,ATTRIBUTE2,ATTRIBUTE3,ATTRIBUTE4,ATTRIBUTE5,ATTRIBUTE6,ATTRIBUTE7,ATTRIBUTE8,INPUTUSER,INPUTORG,INPUTTIME,UPDATEUSER,UPDATETIME,REMARK,HELPTEXT) VALUES ('CreditTempletType','211','非银行类金融机构专家打分卡',null,'211','1','211',null,null,null,null,null,null,null,null,null,null,'system','9900','2009/08/25 16:51:51','system','2009/12/15 19:46:21',null,null);
INSERT INTO CODE_LIBRARY (CODENO,ITEMNO,ITEMNAME,BANKNO,SORTNO,ISINUSE,ITEMDESCRIBE,ITEMATTRIBUTE,RELATIVECODE,ATTRIBUTE1,ATTRIBUTE2,ATTRIBUTE3,ATTRIBUTE4,ATTRIBUTE5,ATTRIBUTE6,ATTRIBUTE7,ATTRIBUTE8,INPUTUSER,INPUTORG,INPUTTIME,UPDATEUSER,UPDATETIME,REMARK,HELPTEXT) VALUES ('CreditTempletType','212','银行类金融机构专家打分卡',null,'212','1','212',null,null,null,null,null,null,null,null,null,null,'system','9900','2009/08/25 16:51:51','system','2009/12/15 19:46:21',null,null);

--3、评级模板信用记录调整项CODE
--delete FROM code_catalog where CodeNo='目前逾期情况';
--delete FROM code_library where CodeNo='目前逾期情况';
INSERT INTO CODE_CATALOG (CODENO,SORTNO,CODETYPEONE,CODETYPETWO,CODENAME,CODEDESCRIBE,CODEATTRIBUTE,INPUTUSER,INPUTORG,INPUTTIME,UPDATEUSER,UPDATETIME,REMARK) VALUES ('目前逾期情况',null,'1.客户管理','信用等级评估','目前逾期情况',null,null,'system','9900','2009/07/29 15:51:13','system','2009/07/29 15:51:16',null);
INSERT INTO CODE_LIBRARY (CODENO,ITEMNO,ITEMNAME,BANKNO,SORTNO,ISINUSE,ITEMDESCRIBE,ITEMATTRIBUTE,RELATIVECODE,ATTRIBUTE1,ATTRIBUTE2,ATTRIBUTE3,ATTRIBUTE4,ATTRIBUTE5,ATTRIBUTE6,ATTRIBUTE7,ATTRIBUTE8,INPUTUSER,INPUTORG,INPUTTIME,UPDATEUSER,UPDATETIME,REMARK,HELPTEXT) VALUES ('目前逾期情况','010','目前无逾期',null,'010','1',null,null,null,null,null,null,null,null,null,null,null,null,null,null,'system','2009/07/29 16:06:21',null,null);
INSERT INTO CODE_LIBRARY (CODENO,ITEMNO,ITEMNAME,BANKNO,SORTNO,ISINUSE,ITEMDESCRIBE,ITEMATTRIBUTE,RELATIVECODE,ATTRIBUTE1,ATTRIBUTE2,ATTRIBUTE3,ATTRIBUTE4,ATTRIBUTE5,ATTRIBUTE6,ATTRIBUTE7,ATTRIBUTE8,INPUTUSER,INPUTORG,INPUTTIME,UPDATEUSER,UPDATETIME,REMARK,HELPTEXT) VALUES ('目前逾期情况','020','目前逾期1个月以上',null,'020','1',null,null,null,null,null,null,null,null,null,null,null,null,null,null,'system','2009/07/29 16:06:23',null,null);

--delete FROM code_catalog where CodeNo='历史本金/利息逾期情况';
--delete FROM code_library where CodeNo='历史本金/利息逾期情况';
INSERT INTO CODE_CATALOG (CODENO,SORTNO,CODETYPEONE,CODETYPETWO,CODENAME,CODEDESCRIBE,CODEATTRIBUTE,INPUTUSER,INPUTORG,INPUTTIME,UPDATEUSER,UPDATETIME,REMARK) VALUES ('历史本金/利息逾期情况',null,'1.客户管理','信用等级评估','历史本金/利息逾期情况',null,null,'system','9900','2009/07/29 15:51:13','system','2009/07/29 15:51:16',null);
INSERT INTO CODE_LIBRARY (CODENO,ITEMNO,ITEMNAME,BANKNO,SORTNO,ISINUSE,ITEMDESCRIBE,ITEMATTRIBUTE,RELATIVECODE,ATTRIBUTE1,ATTRIBUTE2,ATTRIBUTE3,ATTRIBUTE4,ATTRIBUTE5,ATTRIBUTE6,ATTRIBUTE7,ATTRIBUTE8,INPUTUSER,INPUTORG,INPUTTIME,UPDATEUSER,UPDATETIME,REMARK,HELPTEXT) VALUES ('历史本金/利息逾期情况','010','近3年内未发生过本金/利息逾期',null,'010','1',null,null,null,null,null,null,null,null,null,null,null,null,null,null,'system','2009/07/29 16:06:21',null,null);
INSERT INTO CODE_LIBRARY (CODENO,ITEMNO,ITEMNAME,BANKNO,SORTNO,ISINUSE,ITEMDESCRIBE,ITEMATTRIBUTE,RELATIVECODE,ATTRIBUTE1,ATTRIBUTE2,ATTRIBUTE3,ATTRIBUTE4,ATTRIBUTE5,ATTRIBUTE6,ATTRIBUTE7,ATTRIBUTE8,INPUTUSER,INPUTORG,INPUTTIME,UPDATEUSER,UPDATETIME,REMARK,HELPTEXT) VALUES ('历史本金/利息逾期情况','020','近3年内发生过本金/利息逾期1个月以上次数1次',null,'020','1',null,null,null,null,null,null,null,null,null,null,null,null,null,null,'system','2009/07/29 16:06:23',null,null);
INSERT INTO CODE_LIBRARY (CODENO,ITEMNO,ITEMNAME,BANKNO,SORTNO,ISINUSE,ITEMDESCRIBE,ITEMATTRIBUTE,RELATIVECODE,ATTRIBUTE1,ATTRIBUTE2,ATTRIBUTE3,ATTRIBUTE4,ATTRIBUTE5,ATTRIBUTE6,ATTRIBUTE7,ATTRIBUTE8,INPUTUSER,INPUTORG,INPUTTIME,UPDATEUSER,UPDATETIME,REMARK,HELPTEXT) VALUES ('历史本金/利息逾期情况','030','近3年内发生过本金/利息逾期1个月以上次数2次',null,'030','1',null,null,null,null,null,null,null,null,null,null,null,null,null,null,'system','2009/07/29 16:06:24',null,null);
INSERT INTO CODE_LIBRARY (CODENO,ITEMNO,ITEMNAME,BANKNO,SORTNO,ISINUSE,ITEMDESCRIBE,ITEMATTRIBUTE,RELATIVECODE,ATTRIBUTE1,ATTRIBUTE2,ATTRIBUTE3,ATTRIBUTE4,ATTRIBUTE5,ATTRIBUTE6,ATTRIBUTE7,ATTRIBUTE8,INPUTUSER,INPUTORG,INPUTTIME,UPDATEUSER,UPDATETIME,REMARK,HELPTEXT) VALUES ('历史本金/利息逾期情况','040','近3年内发生过本金/利息逾期1个月以上次数3次及以上',null,'040','1',null,null,null,null,null,null,null,null,null,null,null,null,null,null,'system','2009/07/29 16:06:26',null,null);

--delete FROM code_catalog where CodeNo='支票退票情况';
--delete FROM code_library where CodeNo='支票退票情况';
INSERT INTO CODE_CATALOG (CODENO,SORTNO,CODETYPEONE,CODETYPETWO,CODENAME,CODEDESCRIBE,CODEATTRIBUTE,INPUTUSER,INPUTORG,INPUTTIME,UPDATEUSER,UPDATETIME,REMARK) VALUES ('支票退票情况',null,'1.客户管理','信用等级评估','支票退票情况',null,null,'system','9900','2009/07/29 15:51:13','system','2009/07/29 15:51:16',null);
INSERT INTO CODE_LIBRARY (CODENO,ITEMNO,ITEMNAME,BANKNO,SORTNO,ISINUSE,ITEMDESCRIBE,ITEMATTRIBUTE,RELATIVECODE,ATTRIBUTE1,ATTRIBUTE2,ATTRIBUTE3,ATTRIBUTE4,ATTRIBUTE5,ATTRIBUTE6,ATTRIBUTE7,ATTRIBUTE8,INPUTUSER,INPUTORG,INPUTTIME,UPDATEUSER,UPDATETIME,REMARK,HELPTEXT) VALUES ('支票退票情况','010','企业未出现支票退票',null,'010','1',null,null,null,null,null,null,null,null,null,null,null,null,null,null,'system','2009/07/29 16:06:21',null,null);
INSERT INTO CODE_LIBRARY (CODENO,ITEMNO,ITEMNAME,BANKNO,SORTNO,ISINUSE,ITEMDESCRIBE,ITEMATTRIBUTE,RELATIVECODE,ATTRIBUTE1,ATTRIBUTE2,ATTRIBUTE3,ATTRIBUTE4,ATTRIBUTE5,ATTRIBUTE6,ATTRIBUTE7,ATTRIBUTE8,INPUTUSER,INPUTORG,INPUTTIME,UPDATEUSER,UPDATETIME,REMARK,HELPTEXT) VALUES ('支票退票情况','020','企业出现支票退票1次',null,'020','1',null,null,null,null,null,null,null,null,null,null,null,null,null,null,'system','2009/07/29 16:06:23',null,null);
INSERT INTO CODE_LIBRARY (CODENO,ITEMNO,ITEMNAME,BANKNO,SORTNO,ISINUSE,ITEMDESCRIBE,ITEMATTRIBUTE,RELATIVECODE,ATTRIBUTE1,ATTRIBUTE2,ATTRIBUTE3,ATTRIBUTE4,ATTRIBUTE5,ATTRIBUTE6,ATTRIBUTE7,ATTRIBUTE8,INPUTUSER,INPUTORG,INPUTTIME,UPDATEUSER,UPDATETIME,REMARK,HELPTEXT) VALUES ('支票退票情况','030','企业出现支票退票2次',null,'030','1',null,null,null,null,null,null,null,null,null,null,null,null,null,null,'system','2009/07/29 16:06:24',null,null);
INSERT INTO CODE_LIBRARY (CODENO,ITEMNO,ITEMNAME,BANKNO,SORTNO,ISINUSE,ITEMDESCRIBE,ITEMATTRIBUTE,RELATIVECODE,ATTRIBUTE1,ATTRIBUTE2,ATTRIBUTE3,ATTRIBUTE4,ATTRIBUTE5,ATTRIBUTE6,ATTRIBUTE7,ATTRIBUTE8,INPUTUSER,INPUTORG,INPUTTIME,UPDATEUSER,UPDATETIME,REMARK,HELPTEXT) VALUES ('支票退票情况','040','企业出现支票退票3次以上',null,'040','1',null,null,null,null,null,null,null,null,null,null,null,null,null,null,'system','2009/07/29 16:06:26',null,null);

--4、评级模板评级调整项CODE
--delete FROM code_catalog where CodeNo='调整项一';
--delete FROM code_library where CodeNo='调整项一';
INSERT INTO CODE_CATALOG (CODENO,SORTNO,CODETYPEONE,CODETYPETWO,CODENAME,CODEDESCRIBE,CODEATTRIBUTE,INPUTUSER,INPUTORG,INPUTTIME,UPDATEUSER,UPDATETIME,REMARK) VALUES ('调整项一',null,'1.客户管理','信用等级评估','调整项一',null,null,'system','9900','2009/07/29 15:51:13','system','2009/07/29 15:51:16',null);
INSERT INTO CODE_LIBRARY (CODENO,ITEMNO,ITEMNAME,BANKNO,SORTNO,ISINUSE,ITEMDESCRIBE,ITEMATTRIBUTE,RELATIVECODE,ATTRIBUTE1,ATTRIBUTE2,ATTRIBUTE3,ATTRIBUTE4,ATTRIBUTE5,ATTRIBUTE6,ATTRIBUTE7,ATTRIBUTE8,INPUTUSER,INPUTORG,INPUTTIME,UPDATEUSER,UPDATETIME,REMARK,HELPTEXT) VALUES ('调整项一','D','客户不能按照我行要求提供财务资料（包括其对外融资及或有负债信息的）',null,'010','1',null,null,null,null,null,null,null,null,null,null,null,null,null,null,'system','2009/07/29 16:06:21',null,null);
INSERT INTO CODE_LIBRARY (CODENO,ITEMNO,ITEMNAME,BANKNO,SORTNO,ISINUSE,ITEMDESCRIBE,ITEMATTRIBUTE,RELATIVECODE,ATTRIBUTE1,ATTRIBUTE2,ATTRIBUTE3,ATTRIBUTE4,ATTRIBUTE5,ATTRIBUTE6,ATTRIBUTE7,ATTRIBUTE8,INPUTUSER,INPUTORG,INPUTTIME,UPDATEUSER,UPDATETIME,REMARK,HELPTEXT) VALUES ('调整项一','Z','不存在此调整项',null,'020','1',null,null,null,null,null,null,null,null,null,null,null,null,null,null,'system','2009/07/29 16:06:23',null,null);

--delete FROM code_catalog where CodeNo='调整项二';
--delete FROM code_library where CodeNo='调整项二';
INSERT INTO CODE_CATALOG (CODENO,SORTNO,CODETYPEONE,CODETYPETWO,CODENAME,CODEDESCRIBE,CODEATTRIBUTE,INPUTUSER,INPUTORG,INPUTTIME,UPDATEUSER,UPDATETIME,REMARK) VALUES ('调整项二',null,'1.客户管理','信用等级评估','调整项二',null,null,'system','9900','2009/07/29 15:51:13','system','2009/07/29 15:51:16',null);
INSERT INTO CODE_LIBRARY (CODENO,ITEMNO,ITEMNAME,BANKNO,SORTNO,ISINUSE,ITEMDESCRIBE,ITEMATTRIBUTE,RELATIVECODE,ATTRIBUTE1,ATTRIBUTE2,ATTRIBUTE3,ATTRIBUTE4,ATTRIBUTE5,ATTRIBUTE6,ATTRIBUTE7,ATTRIBUTE8,INPUTUSER,INPUTORG,INPUTTIME,UPDATEUSER,UPDATETIME,REMARK,HELPTEXT) VALUES ('调整项二','1','报表未经过审计（政府背景企业除外）、或频繁变更报表审计的会计师事务所、或审计事务所对审计报告出具重大保留意见的',null,'010','1',null,null,null,null,null,null,null,null,null,null,null,null,null,null,'system','2009/07/29 16:06:21',null,null);
INSERT INTO CODE_LIBRARY (CODENO,ITEMNO,ITEMNAME,BANKNO,SORTNO,ISINUSE,ITEMDESCRIBE,ITEMATTRIBUTE,RELATIVECODE,ATTRIBUTE1,ATTRIBUTE2,ATTRIBUTE3,ATTRIBUTE4,ATTRIBUTE5,ATTRIBUTE6,ATTRIBUTE7,ATTRIBUTE8,INPUTUSER,INPUTORG,INPUTTIME,UPDATEUSER,UPDATETIME,REMARK,HELPTEXT) VALUES ('调整项二','Z','不存在此调整项',null,'020','1',null,null,null,null,null,null,null,null,null,null,null,null,null,null,'system','2009/07/29 16:06:23',null,null);

--delete FROM code_catalog where CodeNo='调整项三';
--delete FROM code_library where CodeNo='调整项三';
INSERT INTO CODE_CATALOG (CODENO,SORTNO,CODETYPEONE,CODETYPETWO,CODENAME,CODEDESCRIBE,CODEATTRIBUTE,INPUTUSER,INPUTORG,INPUTTIME,UPDATEUSER,UPDATETIME,REMARK) VALUES ('调整项三',null,'1.客户管理','信用等级评估','调整项三',null,null,'system','9900','2009/07/29 15:51:13','system','2009/07/29 15:51:16',null);
INSERT INTO CODE_LIBRARY (CODENO,ITEMNO,ITEMNAME,BANKNO,SORTNO,ISINUSE,ITEMDESCRIBE,ITEMATTRIBUTE,RELATIVECODE,ATTRIBUTE1,ATTRIBUTE2,ATTRIBUTE3,ATTRIBUTE4,ATTRIBUTE5,ATTRIBUTE6,ATTRIBUTE7,ATTRIBUTE8,INPUTUSER,INPUTORG,INPUTTIME,UPDATEUSER,UPDATETIME,REMARK,HELPTEXT) VALUES ('调整项三','1','环保部门对该企业拟投产项目出具否定意见或客户被环保部门通报的',null,'010','1',null,null,null,null,null,null,null,null,null,null,null,null,null,null,'system','2009/07/29 16:06:21',null,null);
INSERT INTO CODE_LIBRARY (CODENO,ITEMNO,ITEMNAME,BANKNO,SORTNO,ISINUSE,ITEMDESCRIBE,ITEMATTRIBUTE,RELATIVECODE,ATTRIBUTE1,ATTRIBUTE2,ATTRIBUTE3,ATTRIBUTE4,ATTRIBUTE5,ATTRIBUTE6,ATTRIBUTE7,ATTRIBUTE8,INPUTUSER,INPUTORG,INPUTTIME,UPDATEUSER,UPDATETIME,REMARK,HELPTEXT) VALUES ('调整项三','Z','不存在此调整项',null,'020','1',null,null,null,null,null,null,null,null,null,null,null,null,null,null,'system','2009/07/29 16:06:23',null,null);

--delete FROM code_catalog where CodeNo='调整项四';
--delete FROM code_library where CodeNo='调整项四';
INSERT INTO CODE_CATALOG (CODENO,SORTNO,CODETYPEONE,CODETYPETWO,CODENAME,CODEDESCRIBE,CODEATTRIBUTE,INPUTUSER,INPUTORG,INPUTTIME,UPDATEUSER,UPDATETIME,REMARK) VALUES ('调整项四',null,'1.客户管理','信用等级评估','调整项四',null,null,'system','9900','2009/07/29 15:51:13','system','2009/07/29 15:51:16',null);
INSERT INTO CODE_LIBRARY (CODENO,ITEMNO,ITEMNAME,BANKNO,SORTNO,ISINUSE,ITEMDESCRIBE,ITEMATTRIBUTE,RELATIVECODE,ATTRIBUTE1,ATTRIBUTE2,ATTRIBUTE3,ATTRIBUTE4,ATTRIBUTE5,ATTRIBUTE6,ATTRIBUTE7,ATTRIBUTE8,INPUTUSER,INPUTORG,INPUTTIME,UPDATEUSER,UPDATETIME,REMARK,HELPTEXT) VALUES ('调整项四','1','客户涉及重大法律纠纷的',null,'010','1',null,null,null,null,null,null,null,null,null,null,null,null,null,null,'system','2009/07/29 16:06:21',null,null);
INSERT INTO CODE_LIBRARY (CODENO,ITEMNO,ITEMNAME,BANKNO,SORTNO,ISINUSE,ITEMDESCRIBE,ITEMATTRIBUTE,RELATIVECODE,ATTRIBUTE1,ATTRIBUTE2,ATTRIBUTE3,ATTRIBUTE4,ATTRIBUTE5,ATTRIBUTE6,ATTRIBUTE7,ATTRIBUTE8,INPUTUSER,INPUTORG,INPUTTIME,UPDATEUSER,UPDATETIME,REMARK,HELPTEXT) VALUES ('调整项四','Z','不存在此调整项',null,'020','1',null,null,null,null,null,null,null,null,null,null,null,null,null,null,'system','2009/07/29 16:06:23',null,null);

--delete FROM code_catalog where CodeNo='调整项五';
--delete FROM code_library where CodeNo='调整项五';
INSERT INTO CODE_CATALOG (CODENO,SORTNO,CODETYPEONE,CODETYPETWO,CODENAME,CODEDESCRIBE,CODEATTRIBUTE,INPUTUSER,INPUTORG,INPUTTIME,UPDATEUSER,UPDATETIME,REMARK) VALUES ('调整项五',null,'1.客户管理','信用等级评估','调整项五',null,null,'system','9900','2009/07/29 15:51:13','system','2009/07/29 15:51:16',null);
INSERT INTO CODE_LIBRARY (CODENO,ITEMNO,ITEMNAME,BANKNO,SORTNO,ISINUSE,ITEMDESCRIBE,ITEMATTRIBUTE,RELATIVECODE,ATTRIBUTE1,ATTRIBUTE2,ATTRIBUTE3,ATTRIBUTE4,ATTRIBUTE5,ATTRIBUTE6,ATTRIBUTE7,ATTRIBUTE8,INPUTUSER,INPUTORG,INPUTTIME,UPDATEUSER,UPDATETIME,REMARK,HELPTEXT) VALUES ('调整项五','2','客户控股股东在评级时点在我行或人行信贷登记系统中有五级分类后三类贷款；或控股股东、实际控制人曾经逃废银行债务的',null,'010','1',null,null,null,null,null,null,null,null,null,null,null,null,null,null,'system','2009/07/29 16:06:21',null,null);
INSERT INTO CODE_LIBRARY (CODENO,ITEMNO,ITEMNAME,BANKNO,SORTNO,ISINUSE,ITEMDESCRIBE,ITEMATTRIBUTE,RELATIVECODE,ATTRIBUTE1,ATTRIBUTE2,ATTRIBUTE3,ATTRIBUTE4,ATTRIBUTE5,ATTRIBUTE6,ATTRIBUTE7,ATTRIBUTE8,INPUTUSER,INPUTORG,INPUTTIME,UPDATEUSER,UPDATETIME,REMARK,HELPTEXT) VALUES ('调整项五','Z','不存在此调整项',null,'020','1',null,null,null,null,null,null,null,null,null,null,null,null,null,null,'system','2009/07/29 16:06:23',null,null);

--delete FROM code_catalog where CodeNo='调整项六';
--delete FROM code_library where CodeNo='调整项六';
INSERT INTO CODE_CATALOG (CODENO,SORTNO,CODETYPEONE,CODETYPETWO,CODENAME,CODEDESCRIBE,CODEATTRIBUTE,INPUTUSER,INPUTORG,INPUTTIME,UPDATEUSER,UPDATETIME,REMARK) VALUES ('调整项六',null,'1.客户管理','信用等级评估','调整项六',null,null,'system','9900','2009/07/29 15:51:13','system','2009/07/29 15:51:16',null);
INSERT INTO CODE_LIBRARY (CODENO,ITEMNO,ITEMNAME,BANKNO,SORTNO,ISINUSE,ITEMDESCRIBE,ITEMATTRIBUTE,RELATIVECODE,ATTRIBUTE1,ATTRIBUTE2,ATTRIBUTE3,ATTRIBUTE4,ATTRIBUTE5,ATTRIBUTE6,ATTRIBUTE7,ATTRIBUTE8,INPUTUSER,INPUTORG,INPUTTIME,UPDATEUSER,UPDATETIME,REMARK,HELPTEXT) VALUES ('调整项六','D','在评级时点，仍有贷款逾期或欠息超过90天情况的',null,'010','1',null,null,null,null,null,null,null,null,null,null,null,null,null,null,'system','2009/07/29 16:06:21',null,null);
INSERT INTO CODE_LIBRARY (CODENO,ITEMNO,ITEMNAME,BANKNO,SORTNO,ISINUSE,ITEMDESCRIBE,ITEMATTRIBUTE,RELATIVECODE,ATTRIBUTE1,ATTRIBUTE2,ATTRIBUTE3,ATTRIBUTE4,ATTRIBUTE5,ATTRIBUTE6,ATTRIBUTE7,ATTRIBUTE8,INPUTUSER,INPUTORG,INPUTTIME,UPDATEUSER,UPDATETIME,REMARK,HELPTEXT) VALUES ('调整项六','Z','不存在此调整项',null,'020','1',null,null,null,null,null,null,null,null,null,null,null,null,null,null,'system','2009/07/29 16:06:23',null,null);

--5、非财务指标CODE
--delete FROM code_catalog where CodeNo='企业在行业中的地位';
--delete FROM code_library where CodeNo='企业在行业中的地位';
INSERT INTO CODE_CATALOG (CODENO,SORTNO,CODETYPEONE,CODETYPETWO,CODENAME,CODEDESCRIBE,CODEATTRIBUTE,INPUTUSER,INPUTORG,INPUTTIME,UPDATEUSER,UPDATETIME,REMARK) VALUES ('企业在行业中的地位',null,'1.客户管理','信用等级评估','企业在行业中的地位',null,null,'system','9900','2009/07/29 15:51:13','system','2009/07/29 15:51:16',null);
INSERT INTO CODE_LIBRARY (CODENO,ITEMNO,ITEMNAME,BANKNO,SORTNO,ISINUSE,ITEMDESCRIBE,ITEMATTRIBUTE,RELATIVECODE,ATTRIBUTE1,ATTRIBUTE2,ATTRIBUTE3,ATTRIBUTE4,ATTRIBUTE5,ATTRIBUTE6,ATTRIBUTE7,ATTRIBUTE8,INPUTUSER,INPUTORG,INPUTTIME,UPDATEUSER,UPDATETIME,REMARK,HELPTEXT) VALUES ('企业在行业中的地位','010','企业属于该领域的领导者或者处于垄断地位',null,'010','1',null,null,null,null,null,null,null,null,null,null,null,null,null,null,'system','2009/07/29 16:06:21',null,null);
INSERT INTO CODE_LIBRARY (CODENO,ITEMNO,ITEMNAME,BANKNO,SORTNO,ISINUSE,ITEMDESCRIBE,ITEMATTRIBUTE,RELATIVECODE,ATTRIBUTE1,ATTRIBUTE2,ATTRIBUTE3,ATTRIBUTE4,ATTRIBUTE5,ATTRIBUTE6,ATTRIBUTE7,ATTRIBUTE8,INPUTUSER,INPUTORG,INPUTTIME,UPDATEUSER,UPDATETIME,REMARK,HELPTEXT) VALUES ('企业在行业中的地位','020','企业在该领域排名靠前，其经营将对竞争对手产生相当的影响',null,'020','1',null,null,null,null,null,null,null,null,null,null,null,null,null,null,'system','2009/07/29 16:06:23',null,null);
INSERT INTO CODE_LIBRARY (CODENO,ITEMNO,ITEMNAME,BANKNO,SORTNO,ISINUSE,ITEMDESCRIBE,ITEMATTRIBUTE,RELATIVECODE,ATTRIBUTE1,ATTRIBUTE2,ATTRIBUTE3,ATTRIBUTE4,ATTRIBUTE5,ATTRIBUTE6,ATTRIBUTE7,ATTRIBUTE8,INPUTUSER,INPUTORG,INPUTTIME,UPDATEUSER,UPDATETIME,REMARK,HELPTEXT) VALUES ('企业在行业中的地位','030','企业属于该领域排名中等，其经营对竞争对手会产生一定影响',null,'030','1',null,null,null,null,null,null,null,null,null,null,null,null,null,null,'system','2009/07/29 16:06:21',null,null);
INSERT INTO CODE_LIBRARY (CODENO,ITEMNO,ITEMNAME,BANKNO,SORTNO,ISINUSE,ITEMDESCRIBE,ITEMATTRIBUTE,RELATIVECODE,ATTRIBUTE1,ATTRIBUTE2,ATTRIBUTE3,ATTRIBUTE4,ATTRIBUTE5,ATTRIBUTE6,ATTRIBUTE7,ATTRIBUTE8,INPUTUSER,INPUTORG,INPUTTIME,UPDATEUSER,UPDATETIME,REMARK,HELPTEXT) VALUES ('企业在行业中的地位','040','销售额、资产规模在同行中较小，排名较为靠后，对其竞争对手无影响',null,'040','1',null,null,null,null,null,null,null,null,null,null,null,null,null,null,'system','2009/07/29 16:06:23',null,null);

--delete FROM code_catalog where CodeNo='管理者社会地位';
--delete FROM code_library where CodeNo='管理者社会地位';
INSERT INTO CODE_CATALOG (CODENO,SORTNO,CODETYPEONE,CODETYPETWO,CODENAME,CODEDESCRIBE,CODEATTRIBUTE,INPUTUSER,INPUTORG,INPUTTIME,UPDATEUSER,UPDATETIME,REMARK) VALUES ('管理者社会地位',null,'1.客户管理','信用等级评估','管理者社会地位',null,null,'system','9900','2009/07/29 15:51:13','system','2009/07/29 15:51:16',null);
INSERT INTO CODE_LIBRARY (CODENO,ITEMNO,ITEMNAME,BANKNO,SORTNO,ISINUSE,ITEMDESCRIBE,ITEMATTRIBUTE,RELATIVECODE,ATTRIBUTE1,ATTRIBUTE2,ATTRIBUTE3,ATTRIBUTE4,ATTRIBUTE5,ATTRIBUTE6,ATTRIBUTE7,ATTRIBUTE8,INPUTUSER,INPUTORG,INPUTTIME,UPDATEUSER,UPDATETIME,REMARK,HELPTEXT) VALUES ('管理者社会地位','010','在所在地行业协会担任重要职务或县级以上党、人大代表、政协委员',null,'010','1',null,null,null,null,null,null,null,null,null,null,null,null,null,null,'system','2009/07/29 16:06:21',null,null);
INSERT INTO CODE_LIBRARY (CODENO,ITEMNO,ITEMNAME,BANKNO,SORTNO,ISINUSE,ITEMDESCRIBE,ITEMATTRIBUTE,RELATIVECODE,ATTRIBUTE1,ATTRIBUTE2,ATTRIBUTE3,ATTRIBUTE4,ATTRIBUTE5,ATTRIBUTE6,ATTRIBUTE7,ATTRIBUTE8,INPUTUSER,INPUTORG,INPUTTIME,UPDATEUSER,UPDATETIME,REMARK,HELPTEXT) VALUES ('管理者社会地位','020','在所在地行业协会或县级以上党、人大、政协未担任重要职务',null,'020','1',null,null,null,null,null,null,null,null,null,null,null,null,null,null,'system','2009/07/29 16:06:23',null,null);

--delete FROM code_catalog where CodeNo='管理层素质';
--delete FROM code_library where CodeNo='管理层素质';
INSERT INTO CODE_CATALOG (CODENO,SORTNO,CODETYPEONE,CODETYPETWO,CODENAME,CODEDESCRIBE,CODEATTRIBUTE,INPUTUSER,INPUTORG,INPUTTIME,UPDATEUSER,UPDATETIME,REMARK) VALUES ('管理层素质',null,'1.客户管理','信用等级评估','管理层素质',null,null,'system','9900','2009/07/29 15:51:13','system','2009/07/29 15:51:16',null);
INSERT INTO CODE_LIBRARY (CODENO,ITEMNO,ITEMNAME,BANKNO,SORTNO,ISINUSE,ITEMDESCRIBE,ITEMATTRIBUTE,RELATIVECODE,ATTRIBUTE1,ATTRIBUTE2,ATTRIBUTE3,ATTRIBUTE4,ATTRIBUTE5,ATTRIBUTE6,ATTRIBUTE7,ATTRIBUTE8,INPUTUSER,INPUTORG,INPUTTIME,UPDATEUSER,UPDATETIME,REMARK,HELPTEXT) VALUES ('管理层素质','010','主要领导（董事长、总经理、财务总监、法定代表人）从事本行业10年以上，经验丰富；能力强，无不良记录和其他不良嗜好',null,'010','1',null,null,null,null,null,null,null,null,null,null,null,null,null,null,'system','2009/07/29 16:06:21',null,null);
INSERT INTO CODE_LIBRARY (CODENO,ITEMNO,ITEMNAME,BANKNO,SORTNO,ISINUSE,ITEMDESCRIBE,ITEMATTRIBUTE,RELATIVECODE,ATTRIBUTE1,ATTRIBUTE2,ATTRIBUTE3,ATTRIBUTE4,ATTRIBUTE5,ATTRIBUTE6,ATTRIBUTE7,ATTRIBUTE8,INPUTUSER,INPUTORG,INPUTTIME,UPDATEUSER,UPDATETIME,REMARK,HELPTEXT) VALUES ('管理层素质','020','主要领导（董事长、总经理、财务总监、法定代表人）从事本行业在5年以上、10年以下，能力一般，无不良嗜好',null,'020','1',null,null,null,null,null,null,null,null,null,null,null,null,null,null,'system','2009/07/29 16:06:23',null,null);
INSERT INTO CODE_LIBRARY (CODENO,ITEMNO,ITEMNAME,BANKNO,SORTNO,ISINUSE,ITEMDESCRIBE,ITEMATTRIBUTE,RELATIVECODE,ATTRIBUTE1,ATTRIBUTE2,ATTRIBUTE3,ATTRIBUTE4,ATTRIBUTE5,ATTRIBUTE6,ATTRIBUTE7,ATTRIBUTE8,INPUTUSER,INPUTORG,INPUTTIME,UPDATEUSER,UPDATETIME,REMARK,HELPTEXT) VALUES ('管理层素质','030','主要领导（董事长、总经理、财务总监、法定代表人）从事本行业在5年以下，能力一般，或有不良信用记录和其他不良嗜好',null,'030','1',null,null,null,null,null,null,null,null,null,null,null,null,null,null,'system','2009/07/29 16:06:23',null,null);

--delete FROM code_catalog where CodeNo='企业内部财务管理水平';
--delete FROM code_library where CodeNo='企业内部财务管理水平';
INSERT INTO CODE_CATALOG (CODENO,SORTNO,CODETYPEONE,CODETYPETWO,CODENAME,CODEDESCRIBE,CODEATTRIBUTE,INPUTUSER,INPUTORG,INPUTTIME,UPDATEUSER,UPDATETIME,REMARK) VALUES ('企业内部财务管理水平',null,'1.客户管理','信用等级评估','企业内部财务管理水平',null,null,'system','9900','2009/07/29 15:51:13','system','2009/07/29 15:51:16',null);
INSERT INTO CODE_LIBRARY (CODENO,ITEMNO,ITEMNAME,BANKNO,SORTNO,ISINUSE,ITEMDESCRIBE,ITEMATTRIBUTE,RELATIVECODE,ATTRIBUTE1,ATTRIBUTE2,ATTRIBUTE3,ATTRIBUTE4,ATTRIBUTE5,ATTRIBUTE6,ATTRIBUTE7,ATTRIBUTE8,INPUTUSER,INPUTORG,INPUTTIME,UPDATEUSER,UPDATETIME,REMARK,HELPTEXT) VALUES ('企业内部财务管理水平','010','内部有书面的健全的财务管理制度，岗位责任制明确，财务及管理费用控制合理',null,'010','1',null,null,null,null,null,null,null,null,null,null,null,null,null,null,'system','2009/07/29 16:06:21',null,null);
INSERT INTO CODE_LIBRARY (CODENO,ITEMNO,ITEMNAME,BANKNO,SORTNO,ISINUSE,ITEMDESCRIBE,ITEMATTRIBUTE,RELATIVECODE,ATTRIBUTE1,ATTRIBUTE2,ATTRIBUTE3,ATTRIBUTE4,ATTRIBUTE5,ATTRIBUTE6,ATTRIBUTE7,ATTRIBUTE8,INPUTUSER,INPUTORG,INPUTTIME,UPDATEUSER,UPDATETIME,REMARK,HELPTEXT) VALUES ('企业内部财务管理水平','020','有书面的简单的财务管理制度，岗位责任制比较健全，财务及管理费用虽有增加但能控制在一定范围内',null,'020','1',null,null,null,null,null,null,null,null,null,null,null,null,null,null,'system','2009/07/29 16:06:23',null,null);
INSERT INTO CODE_LIBRARY (CODENO,ITEMNO,ITEMNAME,BANKNO,SORTNO,ISINUSE,ITEMDESCRIBE,ITEMATTRIBUTE,RELATIVECODE,ATTRIBUTE1,ATTRIBUTE2,ATTRIBUTE3,ATTRIBUTE4,ATTRIBUTE5,ATTRIBUTE6,ATTRIBUTE7,ATTRIBUTE8,INPUTUSER,INPUTORG,INPUTTIME,UPDATEUSER,UPDATETIME,REMARK,HELPTEXT) VALUES ('企业内部财务管理水平','030','缺乏基本的财务制度和岗位责任制；对利率和费率基本不敏感，或提出付过高的利率或费率以获得大笔贷款；财务及管理费用占比较高而且增长很快',null,'030','1',null,null,null,null,null,null,null,null,null,null,null,null,null,null,'system','2009/07/29 16:06:23',null,null);

--delete FROM code_catalog where CodeNo='公司治理结构';
--delete FROM code_library where CodeNo='公司治理结构';
INSERT INTO CODE_CATALOG (CODENO,SORTNO,CODETYPEONE,CODETYPETWO,CODENAME,CODEDESCRIBE,CODEATTRIBUTE,INPUTUSER,INPUTORG,INPUTTIME,UPDATEUSER,UPDATETIME,REMARK) VALUES ('公司治理结构',null,'1.客户管理','信用等级评估','公司治理结构',null,null,'system','9900','2009/07/29 15:51:13','system','2009/07/29 15:51:16',null);
INSERT INTO CODE_LIBRARY (CODENO,ITEMNO,ITEMNAME,BANKNO,SORTNO,ISINUSE,ITEMDESCRIBE,ITEMATTRIBUTE,RELATIVECODE,ATTRIBUTE1,ATTRIBUTE2,ATTRIBUTE3,ATTRIBUTE4,ATTRIBUTE5,ATTRIBUTE6,ATTRIBUTE7,ATTRIBUTE8,INPUTUSER,INPUTORG,INPUTTIME,UPDATEUSER,UPDATETIME,REMARK,HELPTEXT) VALUES ('公司治理结构','010','企业的权力得到了良好的授权，各司其责，责任明确，所有的决策都可以有效率地做出，领导人的变换几乎不会对企业产生任何影响',null,'010','1',null,null,null,null,null,null,null,null,null,null,null,null,null,null,'system','2009/07/29 16:06:21',null,null);
INSERT INTO CODE_LIBRARY (CODENO,ITEMNO,ITEMNAME,BANKNO,SORTNO,ISINUSE,ITEMDESCRIBE,ITEMATTRIBUTE,RELATIVECODE,ATTRIBUTE1,ATTRIBUTE2,ATTRIBUTE3,ATTRIBUTE4,ATTRIBUTE5,ATTRIBUTE6,ATTRIBUTE7,ATTRIBUTE8,INPUTUSER,INPUTORG,INPUTTIME,UPDATEUSER,UPDATETIME,REMARK,HELPTEXT) VALUES ('公司治理结构','020','企业的重大决策由主要的领导作出，但是日常决策已经授权到工作层面，缺少主要的领导人对企业只会产生有限的影响',null,'020','1',null,null,null,null,null,null,null,null,null,null,null,null,null,null,'system','2009/07/29 16:06:23',null,null);
INSERT INTO CODE_LIBRARY (CODENO,ITEMNO,ITEMNAME,BANKNO,SORTNO,ISINUSE,ITEMDESCRIBE,ITEMATTRIBUTE,RELATIVECODE,ATTRIBUTE1,ATTRIBUTE2,ATTRIBUTE3,ATTRIBUTE4,ATTRIBUTE5,ATTRIBUTE6,ATTRIBUTE7,ATTRIBUTE8,INPUTUSER,INPUTORG,INPUTTIME,UPDATEUSER,UPDATETIME,REMARK,HELPTEXT) VALUES ('公司治理结构','030','企业所有的决策由几个人做出而几乎不征求员工的意见，缺少了主要的决策者会对企业产生重大影响',null,'030','1',null,null,null,null,null,null,null,null,null,null,null,null,null,null,'system','2009/07/29 16:06:23',null,null);

--delete FROM code_catalog where CodeNo='企业融资能力';
--delete FROM code_library where CodeNo='企业融资能力';
INSERT INTO CODE_CATALOG (CODENO,SORTNO,CODETYPEONE,CODETYPETWO,CODENAME,CODEDESCRIBE,CODEATTRIBUTE,INPUTUSER,INPUTORG,INPUTTIME,UPDATEUSER,UPDATETIME,REMARK) VALUES ('企业融资能力',null,'1.客户管理','信用等级评估','企业融资能力',null,null,'system','9900','2009/07/29 15:51:13','system','2009/07/29 15:51:16',null);
INSERT INTO CODE_LIBRARY (CODENO,ITEMNO,ITEMNAME,BANKNO,SORTNO,ISINUSE,ITEMDESCRIBE,ITEMATTRIBUTE,RELATIVECODE,ATTRIBUTE1,ATTRIBUTE2,ATTRIBUTE3,ATTRIBUTE4,ATTRIBUTE5,ATTRIBUTE6,ATTRIBUTE7,ATTRIBUTE8,INPUTUSER,INPUTORG,INPUTTIME,UPDATEUSER,UPDATETIME,REMARK,HELPTEXT) VALUES ('企业融资能力','010','贷款资金成本低，抵押担保容易，融资渠道丰富',null,'010','1',null,null,null,null,null,null,null,null,null,null,null,null,null,null,'system','2009/07/29 16:06:21',null,null);
INSERT INTO CODE_LIBRARY (CODENO,ITEMNO,ITEMNAME,BANKNO,SORTNO,ISINUSE,ITEMDESCRIBE,ITEMATTRIBUTE,RELATIVECODE,ATTRIBUTE1,ATTRIBUTE2,ATTRIBUTE3,ATTRIBUTE4,ATTRIBUTE5,ATTRIBUTE6,ATTRIBUTE7,ATTRIBUTE8,INPUTUSER,INPUTORG,INPUTTIME,UPDATEUSER,UPDATETIME,REMARK,HELPTEXT) VALUES ('企业融资能力','020','贷款资金成本较高，但抵押担保相对容易，相对融资渠道丰富',null,'020','1',null,null,null,null,null,null,null,null,null,null,null,null,null,null,'system','2009/07/29 16:06:23',null,null);
INSERT INTO CODE_LIBRARY (CODENO,ITEMNO,ITEMNAME,BANKNO,SORTNO,ISINUSE,ITEMDESCRIBE,ITEMATTRIBUTE,RELATIVECODE,ATTRIBUTE1,ATTRIBUTE2,ATTRIBUTE3,ATTRIBUTE4,ATTRIBUTE5,ATTRIBUTE6,ATTRIBUTE7,ATTRIBUTE8,INPUTUSER,INPUTORG,INPUTTIME,UPDATEUSER,UPDATETIME,REMARK,HELPTEXT) VALUES ('企业融资能力','030','贷款资金成本高，抵押担保困难，融资渠道单一',null,'030','1',null,null,null,null,null,null,null,null,null,null,null,null,null,null,'system','2009/07/29 16:06:23',null,null);

--delete FROM code_catalog where CodeNo='股东实力';
--delete FROM code_library where CodeNo='股东实力';
INSERT INTO CODE_CATALOG (CODENO,SORTNO,CODETYPEONE,CODETYPETWO,CODENAME,CODEDESCRIBE,CODEATTRIBUTE,INPUTUSER,INPUTORG,INPUTTIME,UPDATEUSER,UPDATETIME,REMARK) VALUES ('股东实力',null,'1.客户管理','信用等级评估','股东实力',null,null,'system','9900','2009/07/29 15:51:13','system','2009/07/29 15:51:16',null);
INSERT INTO CODE_LIBRARY (CODENO,ITEMNO,ITEMNAME,BANKNO,SORTNO,ISINUSE,ITEMDESCRIBE,ITEMATTRIBUTE,RELATIVECODE,ATTRIBUTE1,ATTRIBUTE2,ATTRIBUTE3,ATTRIBUTE4,ATTRIBUTE5,ATTRIBUTE6,ATTRIBUTE7,ATTRIBUTE8,INPUTUSER,INPUTORG,INPUTTIME,UPDATEUSER,UPDATETIME,REMARK,HELPTEXT) VALUES ('股东实力','010','主要股东为区级以上国有资产监督管理委员会或区级以上政府背景的国有独资投资公司、《财富》杂志最新公布的世界排名500强企业、穆迪评级在Baa(含)以上或者标准普尔评级在BBB(含)以上的境外企业',null,'010','1',null,null,null,null,null,null,null,null,null,null,null,null,null,null,'system','2009/07/29 16:06:21',null,null);
INSERT INTO CODE_LIBRARY (CODENO,ITEMNO,ITEMNAME,BANKNO,SORTNO,ISINUSE,ITEMDESCRIBE,ITEMATTRIBUTE,RELATIVECODE,ATTRIBUTE1,ATTRIBUTE2,ATTRIBUTE3,ATTRIBUTE4,ATTRIBUTE5,ATTRIBUTE6,ATTRIBUTE7,ATTRIBUTE8,INPUTUSER,INPUTORG,INPUTTIME,UPDATEUSER,UPDATETIME,REMARK,HELPTEXT) VALUES ('股东实力','020','出资30%以上的法人股东有净资产超过10000万元，无不良信用记录企业，或个人股东财产（个人名下动产和不动产、以及其控制的企业净资产）超过10000万元',null,'020','1',null,null,null,null,null,null,null,null,null,null,null,null,null,null,'system','2009/07/29 16:06:23',null,null);
INSERT INTO CODE_LIBRARY (CODENO,ITEMNO,ITEMNAME,BANKNO,SORTNO,ISINUSE,ITEMDESCRIBE,ITEMATTRIBUTE,RELATIVECODE,ATTRIBUTE1,ATTRIBUTE2,ATTRIBUTE3,ATTRIBUTE4,ATTRIBUTE5,ATTRIBUTE6,ATTRIBUTE7,ATTRIBUTE8,INPUTUSER,INPUTORG,INPUTTIME,UPDATEUSER,UPDATETIME,REMARK,HELPTEXT) VALUES ('股东实力','030','出资30%以上的法人股东有净资产超过5000万元，无不良信用记录企业，或个人股东财产（个人名下动产和不动产、以及其控制的企业净资产）超过5000万元但低于10000万元',null,'030','1',null,null,null,null,null,null,null,null,null,null,null,null,null,null,'system','2009/07/29 16:06:23',null,null);
INSERT INTO CODE_LIBRARY (CODENO,ITEMNO,ITEMNAME,BANKNO,SORTNO,ISINUSE,ITEMDESCRIBE,ITEMATTRIBUTE,RELATIVECODE,ATTRIBUTE1,ATTRIBUTE2,ATTRIBUTE3,ATTRIBUTE4,ATTRIBUTE5,ATTRIBUTE6,ATTRIBUTE7,ATTRIBUTE8,INPUTUSER,INPUTORG,INPUTTIME,UPDATEUSER,UPDATETIME,REMARK,HELPTEXT) VALUES ('股东实力','040','出资30%以上的法人股东无净资产超过5000万元的企业，或个人股东财产（个人名下的动产和不动产、以及其控制的企业净资产）低于5000万元',null,'040','1',null,null,null,null,null,null,null,null,null,null,null,null,null,null,'system','2009/07/29 16:06:23',null,null);

--delete FROM code_catalog where CodeNo='政府政策支持';
--delete FROM code_library where CodeNo='政府政策支持';
INSERT INTO CODE_CATALOG (CODENO,SORTNO,CODETYPEONE,CODETYPETWO,CODENAME,CODEDESCRIBE,CODEATTRIBUTE,INPUTUSER,INPUTORG,INPUTTIME,UPDATEUSER,UPDATETIME,REMARK) VALUES ('政府政策支持',null,'1.客户管理','信用等级评估','政府政策支持',null,null,'system','9900','2009/07/29 15:51:13','system','2009/07/29 15:51:16',null);
INSERT INTO CODE_LIBRARY (CODENO,ITEMNO,ITEMNAME,BANKNO,SORTNO,ISINUSE,ITEMDESCRIBE,ITEMATTRIBUTE,RELATIVECODE,ATTRIBUTE1,ATTRIBUTE2,ATTRIBUTE3,ATTRIBUTE4,ATTRIBUTE5,ATTRIBUTE6,ATTRIBUTE7,ATTRIBUTE8,INPUTUSER,INPUTORG,INPUTTIME,UPDATEUSER,UPDATETIME,REMARK,HELPTEXT) VALUES ('政府政策支持','010','属于国家发改委《产业结构调整指导目录》鼓励类行业',null,'010','1',null,null,null,null,null,null,null,null,null,null,null,null,null,null,'system','2009/07/29 16:06:21',null,null);
INSERT INTO CODE_LIBRARY (CODENO,ITEMNO,ITEMNAME,BANKNO,SORTNO,ISINUSE,ITEMDESCRIBE,ITEMATTRIBUTE,RELATIVECODE,ATTRIBUTE1,ATTRIBUTE2,ATTRIBUTE3,ATTRIBUTE4,ATTRIBUTE5,ATTRIBUTE6,ATTRIBUTE7,ATTRIBUTE8,INPUTUSER,INPUTORG,INPUTTIME,UPDATEUSER,UPDATETIME,REMARK,HELPTEXT) VALUES ('政府政策支持','020','属于国家发改委《产业结构调整指导目录》允许类行业',null,'020','1',null,null,null,null,null,null,null,null,null,null,null,null,null,null,'system','2009/07/29 16:06:23',null,null);
INSERT INTO CODE_LIBRARY (CODENO,ITEMNO,ITEMNAME,BANKNO,SORTNO,ISINUSE,ITEMDESCRIBE,ITEMATTRIBUTE,RELATIVECODE,ATTRIBUTE1,ATTRIBUTE2,ATTRIBUTE3,ATTRIBUTE4,ATTRIBUTE5,ATTRIBUTE6,ATTRIBUTE7,ATTRIBUTE8,INPUTUSER,INPUTORG,INPUTTIME,UPDATEUSER,UPDATETIME,REMARK,HELPTEXT) VALUES ('政府政策支持','030','属于国家发改委《产业结构调整指导目录》限制类行业',null,'030','1',null,null,null,null,null,null,null,null,null,null,null,null,null,null,'system','2009/07/29 16:06:23',null,null);
INSERT INTO CODE_LIBRARY (CODENO,ITEMNO,ITEMNAME,BANKNO,SORTNO,ISINUSE,ITEMDESCRIBE,ITEMATTRIBUTE,RELATIVECODE,ATTRIBUTE1,ATTRIBUTE2,ATTRIBUTE3,ATTRIBUTE4,ATTRIBUTE5,ATTRIBUTE6,ATTRIBUTE7,ATTRIBUTE8,INPUTUSER,INPUTORG,INPUTTIME,UPDATEUSER,UPDATETIME,REMARK,HELPTEXT) VALUES ('政府政策支持','040','属于国家发改委《产业结构调整指导目录》禁止类行业',null,'040','1',null,null,null,null,null,null,null,null,null,null,null,null,null,null,'system','2009/07/29 16:06:23',null,null);

--delete FROM code_catalog where CodeNo='银企关系';
--delete FROM code_library where CodeNo='银企关系';
INSERT INTO CODE_CATALOG (CODENO,SORTNO,CODETYPEONE,CODETYPETWO,CODENAME,CODEDESCRIBE,CODEATTRIBUTE,INPUTUSER,INPUTORG,INPUTTIME,UPDATEUSER,UPDATETIME,REMARK) VALUES ('银企关系',null,'1.客户管理','信用等级评估','银企关系',null,null,'system','9900','2009/07/29 15:51:13','system','2009/07/29 15:51:16',null);
INSERT INTO CODE_LIBRARY (CODENO,ITEMNO,ITEMNAME,BANKNO,SORTNO,ISINUSE,ITEMDESCRIBE,ITEMATTRIBUTE,RELATIVECODE,ATTRIBUTE1,ATTRIBUTE2,ATTRIBUTE3,ATTRIBUTE4,ATTRIBUTE5,ATTRIBUTE6,ATTRIBUTE7,ATTRIBUTE8,INPUTUSER,INPUTORG,INPUTTIME,UPDATEUSER,UPDATETIME,REMARK,HELPTEXT) VALUES ('银企关系','010','客户与我行建立信贷关系或作为担保人为我行客户提供担保累计年限超过5年',null,'010','1',null,null,null,null,null,null,null,null,null,null,null,null,null,null,'system','2009/07/29 16:06:21',null,null);
INSERT INTO CODE_LIBRARY (CODENO,ITEMNO,ITEMNAME,BANKNO,SORTNO,ISINUSE,ITEMDESCRIBE,ITEMATTRIBUTE,RELATIVECODE,ATTRIBUTE1,ATTRIBUTE2,ATTRIBUTE3,ATTRIBUTE4,ATTRIBUTE5,ATTRIBUTE6,ATTRIBUTE7,ATTRIBUTE8,INPUTUSER,INPUTORG,INPUTTIME,UPDATEUSER,UPDATETIME,REMARK,HELPTEXT) VALUES ('银企关系','020','客户与我行建立信贷关系或作为担保人为我行客户提供担保累计年限在3年以上5年以下',null,'020','1',null,null,null,null,null,null,null,null,null,null,null,null,null,null,'system','2009/07/29 16:06:23',null,null);
INSERT INTO CODE_LIBRARY (CODENO,ITEMNO,ITEMNAME,BANKNO,SORTNO,ISINUSE,ITEMDESCRIBE,ITEMATTRIBUTE,RELATIVECODE,ATTRIBUTE1,ATTRIBUTE2,ATTRIBUTE3,ATTRIBUTE4,ATTRIBUTE5,ATTRIBUTE6,ATTRIBUTE7,ATTRIBUTE8,INPUTUSER,INPUTORG,INPUTTIME,UPDATEUSER,UPDATETIME,REMARK,HELPTEXT) VALUES ('银企关系','030','客户与我行建立信贷关系或作为担保人为我行客户提供担保累计年限在1年以上3年以下',null,'030','1',null,null,null,null,null,null,null,null,null,null,null,null,null,null,'system','2009/07/29 16:06:23',null,null);
INSERT INTO CODE_LIBRARY (CODENO,ITEMNO,ITEMNAME,BANKNO,SORTNO,ISINUSE,ITEMDESCRIBE,ITEMATTRIBUTE,RELATIVECODE,ATTRIBUTE1,ATTRIBUTE2,ATTRIBUTE3,ATTRIBUTE4,ATTRIBUTE5,ATTRIBUTE6,ATTRIBUTE7,ATTRIBUTE8,INPUTUSER,INPUTORG,INPUTTIME,UPDATEUSER,UPDATETIME,REMARK,HELPTEXT) VALUES ('银企关系','040','客户与我行建立信贷关系或作为担保人为我行客户提供担保累计年限在1年以下',null,'040','1',null,null,null,null,null,null,null,null,null,null,null,null,null,null,'system','2009/07/29 16:06:23',null,null);

--delete FROM code_catalog where CodeNo='宏观经济政策影响程度及趋势';
--delete FROM code_library where CodeNo='宏观经济政策影响程度及趋势';
INSERT INTO CODE_CATALOG (CODENO,SORTNO,CODETYPEONE,CODETYPETWO,CODENAME,CODEDESCRIBE,CODEATTRIBUTE,INPUTUSER,INPUTORG,INPUTTIME,UPDATEUSER,UPDATETIME,REMARK) VALUES ('宏观经济政策影响程度及趋势',null,'1.客户管理','信用等级评估','宏观经济政策影响程度及趋势',null,null,'system','9900','2009/07/29 15:51:13','system','2009/07/29 15:51:16',null);
INSERT INTO CODE_LIBRARY (CODENO,ITEMNO,ITEMNAME,BANKNO,SORTNO,ISINUSE,ITEMDESCRIBE,ITEMATTRIBUTE,RELATIVECODE,ATTRIBUTE1,ATTRIBUTE2,ATTRIBUTE3,ATTRIBUTE4,ATTRIBUTE5,ATTRIBUTE6,ATTRIBUTE7,ATTRIBUTE8,INPUTUSER,INPUTORG,INPUTTIME,UPDATEUSER,UPDATETIME,REMARK,HELPTEXT) VALUES ('宏观经济政策影响程度及趋势','010','企业受宏观经济政策影响较小',null,'010','1',null,null,null,null,null,null,null,null,null,null,null,null,null,null,'system','2009/07/29 16:06:21',null,null);
INSERT INTO CODE_LIBRARY (CODENO,ITEMNO,ITEMNAME,BANKNO,SORTNO,ISINUSE,ITEMDESCRIBE,ITEMATTRIBUTE,RELATIVECODE,ATTRIBUTE1,ATTRIBUTE2,ATTRIBUTE3,ATTRIBUTE4,ATTRIBUTE5,ATTRIBUTE6,ATTRIBUTE7,ATTRIBUTE8,INPUTUSER,INPUTORG,INPUTTIME,UPDATEUSER,UPDATETIME,REMARK,HELPTEXT) VALUES ('宏观经济政策影响程度及趋势','020','企业受到一定宏观经济政策的影响',null,'020','1',null,null,null,null,null,null,null,null,null,null,null,null,null,null,'system','2009/07/29 16:06:23',null,null);
INSERT INTO CODE_LIBRARY (CODENO,ITEMNO,ITEMNAME,BANKNO,SORTNO,ISINUSE,ITEMDESCRIBE,ITEMATTRIBUTE,RELATIVECODE,ATTRIBUTE1,ATTRIBUTE2,ATTRIBUTE3,ATTRIBUTE4,ATTRIBUTE5,ATTRIBUTE6,ATTRIBUTE7,ATTRIBUTE8,INPUTUSER,INPUTORG,INPUTTIME,UPDATEUSER,UPDATETIME,REMARK,HELPTEXT) VALUES ('宏观经济政策影响程度及趋势','030','企业受到宏观经济政策影响较大',null,'030','1',null,null,null,null,null,null,null,null,null,null,null,null,null,null,'system','2009/07/29 16:06:23',null,null);


--delete FROM code_catalog where CodeNo='职业';
--delete FROM code_library where CodeNo='职业';
INSERT INTO CODE_CATALOG (CODENO,SORTNO,CODETYPEONE,CODETYPETWO,CODENAME,CODEDESCRIBE,CODEATTRIBUTE,INPUTUSER,INPUTORG,INPUTTIME,UPDATEUSER,UPDATETIME,REMARK) VALUES ('职业',null,'1.客户管理','信用等级评估','职业',null,null,'system','9900','2009/07/29 15:51:13','system','2009/07/29 15:51:16',null);
INSERT INTO CODE_LIBRARY (CODENO,ITEMNO,ITEMNAME,BANKNO,SORTNO,ISINUSE,ITEMDESCRIBE,ITEMATTRIBUTE,RELATIVECODE,ATTRIBUTE1,ATTRIBUTE2,ATTRIBUTE3,ATTRIBUTE4,ATTRIBUTE5,ATTRIBUTE6,ATTRIBUTE7,ATTRIBUTE8,INPUTUSER,INPUTORG,INPUTTIME,UPDATEUSER,UPDATETIME,REMARK,HELPTEXT) VALUES ('职业','010','国家机关、党群组织、企业、事业单位负责人、专业技术人员、军人',null,'010','1',null,null,null,null,null,null,null,null,null,null,null,null,null,null,'system','2009/07/29 16:06:21',null,null);
INSERT INTO CODE_LIBRARY (CODENO,ITEMNO,ITEMNAME,BANKNO,SORTNO,ISINUSE,ITEMDESCRIBE,ITEMATTRIBUTE,RELATIVECODE,ATTRIBUTE1,ATTRIBUTE2,ATTRIBUTE3,ATTRIBUTE4,ATTRIBUTE5,ATTRIBUTE6,ATTRIBUTE7,ATTRIBUTE8,INPUTUSER,INPUTORG,INPUTTIME,UPDATEUSER,UPDATETIME,REMARK,HELPTEXT) VALUES ('职业','020','商业、服务业人员',null,'020','1',null,null,null,null,null,null,null,null,null,null,null,null,null,null,'system','2009/07/29 16:06:23',null,null);
INSERT INTO CODE_LIBRARY (CODENO,ITEMNO,ITEMNAME,BANKNO,SORTNO,ISINUSE,ITEMDESCRIBE,ITEMATTRIBUTE,RELATIVECODE,ATTRIBUTE1,ATTRIBUTE2,ATTRIBUTE3,ATTRIBUTE4,ATTRIBUTE5,ATTRIBUTE6,ATTRIBUTE7,ATTRIBUTE8,INPUTUSER,INPUTORG,INPUTTIME,UPDATEUSER,UPDATETIME,REMARK,HELPTEXT) VALUES ('职业','030','办事人员和有关人员',null,'030','1',null,null,null,null,null,null,null,null,null,null,null,null,null,null,'system','2009/07/29 16:06:23',null,null);
INSERT INTO CODE_LIBRARY (CODENO,ITEMNO,ITEMNAME,BANKNO,SORTNO,ISINUSE,ITEMDESCRIBE,ITEMATTRIBUTE,RELATIVECODE,ATTRIBUTE1,ATTRIBUTE2,ATTRIBUTE3,ATTRIBUTE4,ATTRIBUTE5,ATTRIBUTE6,ATTRIBUTE7,ATTRIBUTE8,INPUTUSER,INPUTORG,INPUTTIME,UPDATEUSER,UPDATETIME,REMARK,HELPTEXT) VALUES ('职业','040','生产、运输设备操作人员及有关人员',null,'040','1',null,null,null,null,null,null,null,null,null,null,null,null,null,null,'system','2009/07/29 16:06:21',null,null);
INSERT INTO CODE_LIBRARY (CODENO,ITEMNO,ITEMNAME,BANKNO,SORTNO,ISINUSE,ITEMDESCRIBE,ITEMATTRIBUTE,RELATIVECODE,ATTRIBUTE1,ATTRIBUTE2,ATTRIBUTE3,ATTRIBUTE4,ATTRIBUTE5,ATTRIBUTE6,ATTRIBUTE7,ATTRIBUTE8,INPUTUSER,INPUTORG,INPUTTIME,UPDATEUSER,UPDATETIME,REMARK,HELPTEXT) VALUES ('职业','050','不便分类的其他从业人员',null,'050','1',null,null,null,null,null,null,null,null,null,null,null,null,null,null,'system','2009/07/29 16:06:23',null,null);
INSERT INTO CODE_LIBRARY (CODENO,ITEMNO,ITEMNAME,BANKNO,SORTNO,ISINUSE,ITEMDESCRIBE,ITEMATTRIBUTE,RELATIVECODE,ATTRIBUTE1,ATTRIBUTE2,ATTRIBUTE3,ATTRIBUTE4,ATTRIBUTE5,ATTRIBUTE6,ATTRIBUTE7,ATTRIBUTE8,INPUTUSER,INPUTORG,INPUTTIME,UPDATEUSER,UPDATETIME,REMARK,HELPTEXT) VALUES ('职业','060','农、林、牧、渔、水利业生产人员',null,'060','1',null,null,null,null,null,null,null,null,null,null,null,null,null,null,'system','2009/07/29 16:06:23',null,null);

--delete FROM code_catalog where CodeNo='申请人年龄_511';
--delete FROM code_library where CodeNo='申请人年龄_511';
INSERT INTO CODE_CATALOG (CODENO,SORTNO,CODETYPEONE,CODETYPETWO,CODENAME,CODEDESCRIBE,CODEATTRIBUTE,INPUTUSER,INPUTORG,INPUTTIME,UPDATEUSER,UPDATETIME,REMARK) VALUES ('申请人年龄_511',null,'1.客户管理','信用等级评估','申请人年龄_511',null,null,'system','9900','2009/07/29 15:51:13','system','2009/07/29 15:51:16',null);
INSERT INTO CODE_LIBRARY (CODENO,ITEMNO,ITEMNAME,BANKNO,SORTNO,ISINUSE,ITEMDESCRIBE,ITEMATTRIBUTE,RELATIVECODE,ATTRIBUTE1,ATTRIBUTE2,ATTRIBUTE3,ATTRIBUTE4,ATTRIBUTE5,ATTRIBUTE6,ATTRIBUTE7,ATTRIBUTE8,INPUTUSER,INPUTORG,INPUTTIME,UPDATEUSER,UPDATETIME,REMARK,HELPTEXT) VALUES ('申请人年龄_511','010','<=24',null,'010','1',null,null,null,null,null,null,null,null,null,null,null,null,null,null,'system','2009/07/29 16:06:21',null,null);
INSERT INTO CODE_LIBRARY (CODENO,ITEMNO,ITEMNAME,BANKNO,SORTNO,ISINUSE,ITEMDESCRIBE,ITEMATTRIBUTE,RELATIVECODE,ATTRIBUTE1,ATTRIBUTE2,ATTRIBUTE3,ATTRIBUTE4,ATTRIBUTE5,ATTRIBUTE6,ATTRIBUTE7,ATTRIBUTE8,INPUTUSER,INPUTORG,INPUTTIME,UPDATEUSER,UPDATETIME,REMARK,HELPTEXT) VALUES ('申请人年龄_511','020','25-33',null,'020','1',null,null,null,null,null,null,null,null,null,null,null,null,null,null,'system','2009/07/29 16:06:23',null,null);
INSERT INTO CODE_LIBRARY (CODENO,ITEMNO,ITEMNAME,BANKNO,SORTNO,ISINUSE,ITEMDESCRIBE,ITEMATTRIBUTE,RELATIVECODE,ATTRIBUTE1,ATTRIBUTE2,ATTRIBUTE3,ATTRIBUTE4,ATTRIBUTE5,ATTRIBUTE6,ATTRIBUTE7,ATTRIBUTE8,INPUTUSER,INPUTORG,INPUTTIME,UPDATEUSER,UPDATETIME,REMARK,HELPTEXT) VALUES ('申请人年龄_511','030','34 - 44',null,'030','1',null,null,null,null,null,null,null,null,null,null,null,null,null,null,'system','2009/07/29 16:06:23',null,null);
INSERT INTO CODE_LIBRARY (CODENO,ITEMNO,ITEMNAME,BANKNO,SORTNO,ISINUSE,ITEMDESCRIBE,ITEMATTRIBUTE,RELATIVECODE,ATTRIBUTE1,ATTRIBUTE2,ATTRIBUTE3,ATTRIBUTE4,ATTRIBUTE5,ATTRIBUTE6,ATTRIBUTE7,ATTRIBUTE8,INPUTUSER,INPUTORG,INPUTTIME,UPDATEUSER,UPDATETIME,REMARK,HELPTEXT) VALUES ('申请人年龄_511','040','45 -54',null,'040','1',null,null,null,null,null,null,null,null,null,null,null,null,null,null,'system','2009/07/29 16:06:21',null,null);
INSERT INTO CODE_LIBRARY (CODENO,ITEMNO,ITEMNAME,BANKNO,SORTNO,ISINUSE,ITEMDESCRIBE,ITEMATTRIBUTE,RELATIVECODE,ATTRIBUTE1,ATTRIBUTE2,ATTRIBUTE3,ATTRIBUTE4,ATTRIBUTE5,ATTRIBUTE6,ATTRIBUTE7,ATTRIBUTE8,INPUTUSER,INPUTORG,INPUTTIME,UPDATEUSER,UPDATETIME,REMARK,HELPTEXT) VALUES ('申请人年龄_511','050','>=55',null,'050','1',null,null,null,null,null,null,null,null,null,null,null,null,null,null,'system','2009/07/29 16:06:23',null,null);


--delete FROM code_catalog where CodeNo='健康状况';
--delete FROM code_library where CodeNo='健康状况';
INSERT INTO CODE_CATALOG (CODENO,SORTNO,CODETYPEONE,CODETYPETWO,CODENAME,CODEDESCRIBE,CODEATTRIBUTE,INPUTUSER,INPUTORG,INPUTTIME,UPDATEUSER,UPDATETIME,REMARK) VALUES ('健康状况',null,'1.客户管理','信用等级评估','健康状况',null,null,'system','9900','2009/07/29 15:51:13','system','2009/07/29 15:51:16',null);
INSERT INTO CODE_LIBRARY (CODENO,ITEMNO,ITEMNAME,BANKNO,SORTNO,ISINUSE,ITEMDESCRIBE,ITEMATTRIBUTE,RELATIVECODE,ATTRIBUTE1,ATTRIBUTE2,ATTRIBUTE3,ATTRIBUTE4,ATTRIBUTE5,ATTRIBUTE6,ATTRIBUTE7,ATTRIBUTE8,INPUTUSER,INPUTORG,INPUTTIME,UPDATEUSER,UPDATETIME,REMARK,HELPTEXT) VALUES ('健康状况','010','健康',null,'010','1',null,null,null,null,null,null,null,null,null,null,null,null,null,null,'system','2009/07/29 16:06:21',null,null);
INSERT INTO CODE_LIBRARY (CODENO,ITEMNO,ITEMNAME,BANKNO,SORTNO,ISINUSE,ITEMDESCRIBE,ITEMATTRIBUTE,RELATIVECODE,ATTRIBUTE1,ATTRIBUTE2,ATTRIBUTE3,ATTRIBUTE4,ATTRIBUTE5,ATTRIBUTE6,ATTRIBUTE7,ATTRIBUTE8,INPUTUSER,INPUTORG,INPUTTIME,UPDATEUSER,UPDATETIME,REMARK,HELPTEXT) VALUES ('健康状况','020','一般疾病',null,'020','1',null,null,null,null,null,null,null,null,null,null,null,null,null,null,'system','2009/07/29 16:06:23',null,null);
INSERT INTO CODE_LIBRARY (CODENO,ITEMNO,ITEMNAME,BANKNO,SORTNO,ISINUSE,ITEMDESCRIBE,ITEMATTRIBUTE,RELATIVECODE,ATTRIBUTE1,ATTRIBUTE2,ATTRIBUTE3,ATTRIBUTE4,ATTRIBUTE5,ATTRIBUTE6,ATTRIBUTE7,ATTRIBUTE8,INPUTUSER,INPUTORG,INPUTTIME,UPDATEUSER,UPDATETIME,REMARK,HELPTEXT) VALUES ('健康状况','030','重大疾病',null,'030','1',null,null,null,null,null,null,null,null,null,null,null,null,null,null,'system','2009/07/29 16:06:23',null,null);

--delete FROM code_catalog where CodeNo='职务';
--delete FROM code_library where CodeNo='职务';
INSERT INTO CODE_CATALOG (CODENO,SORTNO,CODETYPEONE,CODETYPETWO,CODENAME,CODEDESCRIBE,CODEATTRIBUTE,INPUTUSER,INPUTORG,INPUTTIME,UPDATEUSER,UPDATETIME,REMARK) VALUES ('职务',null,'1.客户管理','信用等级评估','职务',null,null,'system','9900','2009/07/29 15:51:13','system','2009/07/29 15:51:16',null);
INSERT INTO CODE_LIBRARY (CODENO,ITEMNO,ITEMNAME,BANKNO,SORTNO,ISINUSE,ITEMDESCRIBE,ITEMATTRIBUTE,RELATIVECODE,ATTRIBUTE1,ATTRIBUTE2,ATTRIBUTE3,ATTRIBUTE4,ATTRIBUTE5,ATTRIBUTE6,ATTRIBUTE7,ATTRIBUTE8,INPUTUSER,INPUTORG,INPUTTIME,UPDATEUSER,UPDATETIME,REMARK,HELPTEXT) VALUES ('职务','010','厅局级以上',null,'010','1',null,null,null,null,null,null,null,null,null,null,null,null,null,null,'system','2009/07/29 16:06:21',null,null);
INSERT INTO CODE_LIBRARY (CODENO,ITEMNO,ITEMNAME,BANKNO,SORTNO,ISINUSE,ITEMDESCRIBE,ITEMATTRIBUTE,RELATIVECODE,ATTRIBUTE1,ATTRIBUTE2,ATTRIBUTE3,ATTRIBUTE4,ATTRIBUTE5,ATTRIBUTE6,ATTRIBUTE7,ATTRIBUTE8,INPUTUSER,INPUTORG,INPUTTIME,UPDATEUSER,UPDATETIME,REMARK,HELPTEXT) VALUES ('职务','020','处级',null,'020','1',null,null,null,null,null,null,null,null,null,null,null,null,null,null,'system','2009/07/29 16:06:23',null,null);
INSERT INTO CODE_LIBRARY (CODENO,ITEMNO,ITEMNAME,BANKNO,SORTNO,ISINUSE,ITEMDESCRIBE,ITEMATTRIBUTE,RELATIVECODE,ATTRIBUTE1,ATTRIBUTE2,ATTRIBUTE3,ATTRIBUTE4,ATTRIBUTE5,ATTRIBUTE6,ATTRIBUTE7,ATTRIBUTE8,INPUTUSER,INPUTORG,INPUTTIME,UPDATEUSER,UPDATETIME,REMARK,HELPTEXT) VALUES ('职务','030','科级',null,'030','1',null,null,null,null,null,null,null,null,null,null,null,null,null,null,'system','2009/07/29 16:06:23',null,null);
INSERT INTO CODE_LIBRARY (CODENO,ITEMNO,ITEMNAME,BANKNO,SORTNO,ISINUSE,ITEMDESCRIBE,ITEMATTRIBUTE,RELATIVECODE,ATTRIBUTE1,ATTRIBUTE2,ATTRIBUTE3,ATTRIBUTE4,ATTRIBUTE5,ATTRIBUTE6,ATTRIBUTE7,ATTRIBUTE8,INPUTUSER,INPUTORG,INPUTTIME,UPDATEUSER,UPDATETIME,REMARK,HELPTEXT) VALUES ('职务','040','一般干部',null,'040','1',null,null,null,null,null,null,null,null,null,null,null,null,null,null,'system','2009/07/29 16:06:21',null,null);
INSERT INTO CODE_LIBRARY (CODENO,ITEMNO,ITEMNAME,BANKNO,SORTNO,ISINUSE,ITEMDESCRIBE,ITEMATTRIBUTE,RELATIVECODE,ATTRIBUTE1,ATTRIBUTE2,ATTRIBUTE3,ATTRIBUTE4,ATTRIBUTE5,ATTRIBUTE6,ATTRIBUTE7,ATTRIBUTE8,INPUTUSER,INPUTORG,INPUTTIME,UPDATEUSER,UPDATETIME,REMARK,HELPTEXT) VALUES ('职务','050','总经理级及以上',null,'050','1',null,null,null,null,null,null,null,null,null,null,null,null,null,null,'system','2009/07/29 16:06:23',null,null);
INSERT INTO CODE_LIBRARY (CODENO,ITEMNO,ITEMNAME,BANKNO,SORTNO,ISINUSE,ITEMDESCRIBE,ITEMATTRIBUTE,RELATIVECODE,ATTRIBUTE1,ATTRIBUTE2,ATTRIBUTE3,ATTRIBUTE4,ATTRIBUTE5,ATTRIBUTE6,ATTRIBUTE7,ATTRIBUTE8,INPUTUSER,INPUTORG,INPUTTIME,UPDATEUSER,UPDATETIME,REMARK,HELPTEXT) VALUES ('职务','060','部门经理级',null,'060','1',null,null,null,null,null,null,null,null,null,null,null,null,null,null,'system','2009/07/29 16:06:23',null,null);
INSERT INTO CODE_LIBRARY (CODENO,ITEMNO,ITEMNAME,BANKNO,SORTNO,ISINUSE,ITEMDESCRIBE,ITEMATTRIBUTE,RELATIVECODE,ATTRIBUTE1,ATTRIBUTE2,ATTRIBUTE3,ATTRIBUTE4,ATTRIBUTE5,ATTRIBUTE6,ATTRIBUTE7,ATTRIBUTE8,INPUTUSER,INPUTORG,INPUTTIME,UPDATEUSER,UPDATETIME,REMARK,HELPTEXT) VALUES ('职务','070','职员',null,'070','1',null,null,null,null,null,null,null,null,null,null,null,null,null,null,'system','2009/07/29 16:06:23',null,null);
INSERT INTO CODE_LIBRARY (CODENO,ITEMNO,ITEMNAME,BANKNO,SORTNO,ISINUSE,ITEMDESCRIBE,ITEMATTRIBUTE,RELATIVECODE,ATTRIBUTE1,ATTRIBUTE2,ATTRIBUTE3,ATTRIBUTE4,ATTRIBUTE5,ATTRIBUTE6,ATTRIBUTE7,ATTRIBUTE8,INPUTUSER,INPUTORG,INPUTTIME,UPDATEUSER,UPDATETIME,REMARK,HELPTEXT) VALUES ('职务','080','其他',null,'080','1',null,null,null,null,null,null,null,null,null,null,null,null,null,null,'system','2009/07/29 16:06:23',null,null);

--delete FROM code_catalog where CodeNo='抵质押比例';
--delete FROM code_library where CodeNo='抵质押比例';
INSERT INTO CODE_CATALOG (CODENO,SORTNO,CODETYPEONE,CODETYPETWO,CODENAME,CODEDESCRIBE,CODEATTRIBUTE,INPUTUSER,INPUTORG,INPUTTIME,UPDATEUSER,UPDATETIME,REMARK) VALUES ('抵质押比例',null,'1.客户管理','信用等级评估','抵质押比例',null,null,'system','9900','2009/07/29 15:51:13','system','2009/07/29 15:51:16',null);
INSERT INTO CODE_LIBRARY (CODENO,ITEMNO,ITEMNAME,BANKNO,SORTNO,ISINUSE,ITEMDESCRIBE,ITEMATTRIBUTE,RELATIVECODE,ATTRIBUTE1,ATTRIBUTE2,ATTRIBUTE3,ATTRIBUTE4,ATTRIBUTE5,ATTRIBUTE6,ATTRIBUTE7,ATTRIBUTE8,INPUTUSER,INPUTORG,INPUTTIME,UPDATEUSER,UPDATETIME,REMARK,HELPTEXT) VALUES ('抵质押比例','010','>75%',null,'010','1',null,null,null,null,null,null,null,null,null,null,null,null,null,null,'system','2009/07/29 16:06:21',null,null);
INSERT INTO CODE_LIBRARY (CODENO,ITEMNO,ITEMNAME,BANKNO,SORTNO,ISINUSE,ITEMDESCRIBE,ITEMATTRIBUTE,RELATIVECODE,ATTRIBUTE1,ATTRIBUTE2,ATTRIBUTE3,ATTRIBUTE4,ATTRIBUTE5,ATTRIBUTE6,ATTRIBUTE7,ATTRIBUTE8,INPUTUSER,INPUTORG,INPUTTIME,UPDATEUSER,UPDATETIME,REMARK,HELPTEXT) VALUES ('抵质押比例','020','>70%&<=75%',null,'020','1',null,null,null,null,null,null,null,null,null,null,null,null,null,null,'system','2009/07/29 16:06:23',null,null);
INSERT INTO CODE_LIBRARY (CODENO,ITEMNO,ITEMNAME,BANKNO,SORTNO,ISINUSE,ITEMDESCRIBE,ITEMATTRIBUTE,RELATIVECODE,ATTRIBUTE1,ATTRIBUTE2,ATTRIBUTE3,ATTRIBUTE4,ATTRIBUTE5,ATTRIBUTE6,ATTRIBUTE7,ATTRIBUTE8,INPUTUSER,INPUTORG,INPUTTIME,UPDATEUSER,UPDATETIME,REMARK,HELPTEXT) VALUES ('抵质押比例','030','>65%&<=70%',null,'030','1',null,null,null,null,null,null,null,null,null,null,null,null,null,null,'system','2009/07/29 16:06:23',null,null);
INSERT INTO CODE_LIBRARY (CODENO,ITEMNO,ITEMNAME,BANKNO,SORTNO,ISINUSE,ITEMDESCRIBE,ITEMATTRIBUTE,RELATIVECODE,ATTRIBUTE1,ATTRIBUTE2,ATTRIBUTE3,ATTRIBUTE4,ATTRIBUTE5,ATTRIBUTE6,ATTRIBUTE7,ATTRIBUTE8,INPUTUSER,INPUTORG,INPUTTIME,UPDATEUSER,UPDATETIME,REMARK,HELPTEXT) VALUES ('抵质押比例','040','>60%&<=65%',null,'040','1',null,null,null,null,null,null,null,null,null,null,null,null,null,null,'system','2009/07/29 16:06:21',null,null);
INSERT INTO CODE_LIBRARY (CODENO,ITEMNO,ITEMNAME,BANKNO,SORTNO,ISINUSE,ITEMDESCRIBE,ITEMATTRIBUTE,RELATIVECODE,ATTRIBUTE1,ATTRIBUTE2,ATTRIBUTE3,ATTRIBUTE4,ATTRIBUTE5,ATTRIBUTE6,ATTRIBUTE7,ATTRIBUTE8,INPUTUSER,INPUTORG,INPUTTIME,UPDATEUSER,UPDATETIME,REMARK,HELPTEXT) VALUES ('抵质押比例','050','>50%&<=60%',null,'050','1',null,null,null,null,null,null,null,null,null,null,null,null,null,null,'system','2009/07/29 16:06:23',null,null);
INSERT INTO CODE_LIBRARY (CODENO,ITEMNO,ITEMNAME,BANKNO,SORTNO,ISINUSE,ITEMDESCRIBE,ITEMATTRIBUTE,RELATIVECODE,ATTRIBUTE1,ATTRIBUTE2,ATTRIBUTE3,ATTRIBUTE4,ATTRIBUTE5,ATTRIBUTE6,ATTRIBUTE7,ATTRIBUTE8,INPUTUSER,INPUTORG,INPUTTIME,UPDATEUSER,UPDATETIME,REMARK,HELPTEXT) VALUES ('抵质押比例','060','>40%&<=50%',null,'060','1',null,null,null,null,null,null,null,null,null,null,null,null,null,null,'system','2009/07/29 16:06:23',null,null);
INSERT INTO CODE_LIBRARY (CODENO,ITEMNO,ITEMNAME,BANKNO,SORTNO,ISINUSE,ITEMDESCRIBE,ITEMATTRIBUTE,RELATIVECODE,ATTRIBUTE1,ATTRIBUTE2,ATTRIBUTE3,ATTRIBUTE4,ATTRIBUTE5,ATTRIBUTE6,ATTRIBUTE7,ATTRIBUTE8,INPUTUSER,INPUTORG,INPUTTIME,UPDATEUSER,UPDATETIME,REMARK,HELPTEXT) VALUES ('抵质押比例','070','>30%&<=40%',null,'070','1',null,null,null,null,null,null,null,null,null,null,null,null,null,null,'system','2009/07/29 16:06:23',null,null);
INSERT INTO CODE_LIBRARY (CODENO,ITEMNO,ITEMNAME,BANKNO,SORTNO,ISINUSE,ITEMDESCRIBE,ITEMATTRIBUTE,RELATIVECODE,ATTRIBUTE1,ATTRIBUTE2,ATTRIBUTE3,ATTRIBUTE4,ATTRIBUTE5,ATTRIBUTE6,ATTRIBUTE7,ATTRIBUTE8,INPUTUSER,INPUTORG,INPUTTIME,UPDATEUSER,UPDATETIME,REMARK,HELPTEXT) VALUES ('抵质押比例','080','<=30%',null,'080','1',null,null,null,null,null,null,null,null,null,null,null,null,null,null,'system','2009/07/29 16:06:23',null,null);

--delete FROM code_catalog where CodeNo='抵质押评估价值';
--delete FROM code_library where CodeNo='抵质押评估价值';
INSERT INTO CODE_CATALOG (CODENO,SORTNO,CODETYPEONE,CODETYPETWO,CODENAME,CODEDESCRIBE,CODEATTRIBUTE,INPUTUSER,INPUTORG,INPUTTIME,UPDATEUSER,UPDATETIME,REMARK) VALUES ('抵质押评估价值',null,'1.客户管理','信用等级评估','抵质押评估价值',null,null,'system','9900','2009/07/29 15:51:13','system','2009/07/29 15:51:16',null);
INSERT INTO CODE_LIBRARY (CODENO,ITEMNO,ITEMNAME,BANKNO,SORTNO,ISINUSE,ITEMDESCRIBE,ITEMATTRIBUTE,RELATIVECODE,ATTRIBUTE1,ATTRIBUTE2,ATTRIBUTE3,ATTRIBUTE4,ATTRIBUTE5,ATTRIBUTE6,ATTRIBUTE7,ATTRIBUTE8,INPUTUSER,INPUTORG,INPUTTIME,UPDATEUSER,UPDATETIME,REMARK,HELPTEXT) VALUES ('抵质押评估价值','010','<=150000',null,'010','1',null,null,null,null,null,null,null,null,null,null,null,null,null,null,'system','2009/07/29 16:06:21',null,null);
INSERT INTO CODE_LIBRARY (CODENO,ITEMNO,ITEMNAME,BANKNO,SORTNO,ISINUSE,ITEMDESCRIBE,ITEMATTRIBUTE,RELATIVECODE,ATTRIBUTE1,ATTRIBUTE2,ATTRIBUTE3,ATTRIBUTE4,ATTRIBUTE5,ATTRIBUTE6,ATTRIBUTE7,ATTRIBUTE8,INPUTUSER,INPUTORG,INPUTTIME,UPDATEUSER,UPDATETIME,REMARK,HELPTEXT) VALUES ('抵质押评估价值','020','>150000&<=300000',null,'020','1',null,null,null,null,null,null,null,null,null,null,null,null,null,null,'system','2009/07/29 16:06:23',null,null);
INSERT INTO CODE_LIBRARY (CODENO,ITEMNO,ITEMNAME,BANKNO,SORTNO,ISINUSE,ITEMDESCRIBE,ITEMATTRIBUTE,RELATIVECODE,ATTRIBUTE1,ATTRIBUTE2,ATTRIBUTE3,ATTRIBUTE4,ATTRIBUTE5,ATTRIBUTE6,ATTRIBUTE7,ATTRIBUTE8,INPUTUSER,INPUTORG,INPUTTIME,UPDATEUSER,UPDATETIME,REMARK,HELPTEXT) VALUES ('抵质押评估价值','030','>300000&<=700000',null,'030','1',null,null,null,null,null,null,null,null,null,null,null,null,null,null,'system','2009/07/29 16:06:23',null,null);
INSERT INTO CODE_LIBRARY (CODENO,ITEMNO,ITEMNAME,BANKNO,SORTNO,ISINUSE,ITEMDESCRIBE,ITEMATTRIBUTE,RELATIVECODE,ATTRIBUTE1,ATTRIBUTE2,ATTRIBUTE3,ATTRIBUTE4,ATTRIBUTE5,ATTRIBUTE6,ATTRIBUTE7,ATTRIBUTE8,INPUTUSER,INPUTORG,INPUTTIME,UPDATEUSER,UPDATETIME,REMARK,HELPTEXT) VALUES ('抵质押评估价值','040','>700000&<=1000000',null,'040','1',null,null,null,null,null,null,null,null,null,null,null,null,null,null,'system','2009/07/29 16:06:21',null,null);
INSERT INTO CODE_LIBRARY (CODENO,ITEMNO,ITEMNAME,BANKNO,SORTNO,ISINUSE,ITEMDESCRIBE,ITEMATTRIBUTE,RELATIVECODE,ATTRIBUTE1,ATTRIBUTE2,ATTRIBUTE3,ATTRIBUTE4,ATTRIBUTE5,ATTRIBUTE6,ATTRIBUTE7,ATTRIBUTE8,INPUTUSER,INPUTORG,INPUTTIME,UPDATEUSER,UPDATETIME,REMARK,HELPTEXT) VALUES ('抵质押评估价值','050','>=1000000',null,'050','1',null,null,null,null,null,null,null,null,null,null,null,null,null,null,'system','2009/07/29 16:06:23',null,null);

--delete FROM code_catalog where CodeNo='个人月收入';
--delete FROM code_library where CodeNo='个人月收入';
INSERT INTO CODE_CATALOG (CODENO,SORTNO,CODETYPEONE,CODETYPETWO,CODENAME,CODEDESCRIBE,CODEATTRIBUTE,INPUTUSER,INPUTORG,INPUTTIME,UPDATEUSER,UPDATETIME,REMARK) VALUES ('个人月收入',null,'1.客户管理','信用等级评估','个人月收入',null,null,'system','9900','2009/07/29 15:51:13','system','2009/07/29 15:51:16',null);
INSERT INTO CODE_LIBRARY (CODENO,ITEMNO,ITEMNAME,BANKNO,SORTNO,ISINUSE,ITEMDESCRIBE,ITEMATTRIBUTE,RELATIVECODE,ATTRIBUTE1,ATTRIBUTE2,ATTRIBUTE3,ATTRIBUTE4,ATTRIBUTE5,ATTRIBUTE6,ATTRIBUTE7,ATTRIBUTE8,INPUTUSER,INPUTORG,INPUTTIME,UPDATEUSER,UPDATETIME,REMARK,HELPTEXT) VALUES ('个人月收入','010','>10000',null,'010','1',null,null,null,null,null,null,null,null,null,null,null,null,null,null,'system','2009/07/29 16:06:21',null,null);
INSERT INTO CODE_LIBRARY (CODENO,ITEMNO,ITEMNAME,BANKNO,SORTNO,ISINUSE,ITEMDESCRIBE,ITEMATTRIBUTE,RELATIVECODE,ATTRIBUTE1,ATTRIBUTE2,ATTRIBUTE3,ATTRIBUTE4,ATTRIBUTE5,ATTRIBUTE6,ATTRIBUTE7,ATTRIBUTE8,INPUTUSER,INPUTORG,INPUTTIME,UPDATEUSER,UPDATETIME,REMARK,HELPTEXT) VALUES ('个人月收入','020','>6000&<=10000',null,'020','1',null,null,null,null,null,null,null,null,null,null,null,null,null,null,'system','2009/07/29 16:06:23',null,null);
INSERT INTO CODE_LIBRARY (CODENO,ITEMNO,ITEMNAME,BANKNO,SORTNO,ISINUSE,ITEMDESCRIBE,ITEMATTRIBUTE,RELATIVECODE,ATTRIBUTE1,ATTRIBUTE2,ATTRIBUTE3,ATTRIBUTE4,ATTRIBUTE5,ATTRIBUTE6,ATTRIBUTE7,ATTRIBUTE8,INPUTUSER,INPUTORG,INPUTTIME,UPDATEUSER,UPDATETIME,REMARK,HELPTEXT) VALUES ('个人月收入','030','>4000&<=6000',null,'030','1',null,null,null,null,null,null,null,null,null,null,null,null,null,null,'system','2009/07/29 16:06:23',null,null);
INSERT INTO CODE_LIBRARY (CODENO,ITEMNO,ITEMNAME,BANKNO,SORTNO,ISINUSE,ITEMDESCRIBE,ITEMATTRIBUTE,RELATIVECODE,ATTRIBUTE1,ATTRIBUTE2,ATTRIBUTE3,ATTRIBUTE4,ATTRIBUTE5,ATTRIBUTE6,ATTRIBUTE7,ATTRIBUTE8,INPUTUSER,INPUTORG,INPUTTIME,UPDATEUSER,UPDATETIME,REMARK,HELPTEXT) VALUES ('个人月收入','040','>2000&<=4000',null,'040','1',null,null,null,null,null,null,null,null,null,null,null,null,null,null,'system','2009/07/29 16:06:21',null,null);
INSERT INTO CODE_LIBRARY (CODENO,ITEMNO,ITEMNAME,BANKNO,SORTNO,ISINUSE,ITEMDESCRIBE,ITEMATTRIBUTE,RELATIVECODE,ATTRIBUTE1,ATTRIBUTE2,ATTRIBUTE3,ATTRIBUTE4,ATTRIBUTE5,ATTRIBUTE6,ATTRIBUTE7,ATTRIBUTE8,INPUTUSER,INPUTORG,INPUTTIME,UPDATEUSER,UPDATETIME,REMARK,HELPTEXT) VALUES ('个人月收入','050','<=2000',null,'050','1',null,null,null,null,null,null,null,null,null,null,null,null,null,null,'system','2009/07/29 16:06:23',null,null);

--delete FROM code_catalog where CodeNo='置业动机（自用/投资）';
--delete FROM code_library where CodeNo='置业动机（自用/投资）';
INSERT INTO CODE_CATALOG (CODENO,SORTNO,CODETYPEONE,CODETYPETWO,CODENAME,CODEDESCRIBE,CODEATTRIBUTE,INPUTUSER,INPUTORG,INPUTTIME,UPDATEUSER,UPDATETIME,REMARK) VALUES ('置业动机（自用/投资）',null,'1.客户管理','信用等级评估','置业动机（自用/投资）',null,null,'system','9900','2009/07/29 15:51:13','system','2009/07/29 15:51:16',null);
INSERT INTO CODE_LIBRARY (CODENO,ITEMNO,ITEMNAME,BANKNO,SORTNO,ISINUSE,ITEMDESCRIBE,ITEMATTRIBUTE,RELATIVECODE,ATTRIBUTE1,ATTRIBUTE2,ATTRIBUTE3,ATTRIBUTE4,ATTRIBUTE5,ATTRIBUTE6,ATTRIBUTE7,ATTRIBUTE8,INPUTUSER,INPUTORG,INPUTTIME,UPDATEUSER,UPDATETIME,REMARK,HELPTEXT) VALUES ('置业动机（自用/投资）','010','自用',null,'010','1',null,null,null,null,null,null,null,null,null,null,null,null,null,null,'system','2009/07/29 16:06:21',null,null);
INSERT INTO CODE_LIBRARY (CODENO,ITEMNO,ITEMNAME,BANKNO,SORTNO,ISINUSE,ITEMDESCRIBE,ITEMATTRIBUTE,RELATIVECODE,ATTRIBUTE1,ATTRIBUTE2,ATTRIBUTE3,ATTRIBUTE4,ATTRIBUTE5,ATTRIBUTE6,ATTRIBUTE7,ATTRIBUTE8,INPUTUSER,INPUTORG,INPUTTIME,UPDATEUSER,UPDATETIME,REMARK,HELPTEXT) VALUES ('置业动机（自用/投资）','020','投资',null,'020','1',null,null,null,null,null,null,null,null,null,null,null,null,null,null,'system','2009/07/29 16:06:23',null,null);

--delete FROM code_catalog where CodeNo='房屋类型';
--delete FROM code_library where CodeNo='房屋类型';
INSERT INTO CODE_CATALOG (CODENO,SORTNO,CODETYPEONE,CODETYPETWO,CODENAME,CODEDESCRIBE,CODEATTRIBUTE,INPUTUSER,INPUTORG,INPUTTIME,UPDATEUSER,UPDATETIME,REMARK) VALUES ('房屋类型',null,'1.客户管理','信用等级评估','房屋类型',null,null,'system','9900','2009/07/29 15:51:13','system','2009/07/29 15:51:16',null);
INSERT INTO CODE_LIBRARY (CODENO,ITEMNO,ITEMNAME,BANKNO,SORTNO,ISINUSE,ITEMDESCRIBE,ITEMATTRIBUTE,RELATIVECODE,ATTRIBUTE1,ATTRIBUTE2,ATTRIBUTE3,ATTRIBUTE4,ATTRIBUTE5,ATTRIBUTE6,ATTRIBUTE7,ATTRIBUTE8,INPUTUSER,INPUTORG,INPUTTIME,UPDATEUSER,UPDATETIME,REMARK,HELPTEXT) VALUES ('房屋类型','010','住房',null,'010','1',null,null,null,null,null,null,null,null,null,null,null,null,null,null,'system','2009/07/29 16:06:21',null,null);
INSERT INTO CODE_LIBRARY (CODENO,ITEMNO,ITEMNAME,BANKNO,SORTNO,ISINUSE,ITEMDESCRIBE,ITEMATTRIBUTE,RELATIVECODE,ATTRIBUTE1,ATTRIBUTE2,ATTRIBUTE3,ATTRIBUTE4,ATTRIBUTE5,ATTRIBUTE6,ATTRIBUTE7,ATTRIBUTE8,INPUTUSER,INPUTORG,INPUTTIME,UPDATEUSER,UPDATETIME,REMARK,HELPTEXT) VALUES ('房屋类型','020','商铺',null,'020','1',null,null,null,null,null,null,null,null,null,null,null,null,null,null,'system','2009/07/29 16:06:23',null,null);
INSERT INTO CODE_LIBRARY (CODENO,ITEMNO,ITEMNAME,BANKNO,SORTNO,ISINUSE,ITEMDESCRIBE,ITEMATTRIBUTE,RELATIVECODE,ATTRIBUTE1,ATTRIBUTE2,ATTRIBUTE3,ATTRIBUTE4,ATTRIBUTE5,ATTRIBUTE6,ATTRIBUTE7,ATTRIBUTE8,INPUTUSER,INPUTORG,INPUTTIME,UPDATEUSER,UPDATETIME,REMARK,HELPTEXT) VALUES ('房屋类型','030','写字楼',null,'030','1',null,null,null,null,null,null,null,null,null,null,null,null,null,null,'system','2009/07/29 16:06:23',null,null);
INSERT INTO CODE_LIBRARY (CODENO,ITEMNO,ITEMNAME,BANKNO,SORTNO,ISINUSE,ITEMDESCRIBE,ITEMATTRIBUTE,RELATIVECODE,ATTRIBUTE1,ATTRIBUTE2,ATTRIBUTE3,ATTRIBUTE4,ATTRIBUTE5,ATTRIBUTE6,ATTRIBUTE7,ATTRIBUTE8,INPUTUSER,INPUTORG,INPUTTIME,UPDATEUSER,UPDATETIME,REMARK,HELPTEXT) VALUES ('房屋类型','040','其它',null,'040','1',null,null,null,null,null,null,null,null,null,null,null,null,null,null,'system','2009/07/29 16:06:21',null,null);

--delete FROM code_catalog where CodeNo='我行其它贷款情况及征信记录';
--delete FROM code_library where CodeNo='我行其它贷款情况及征信记录';
INSERT INTO CODE_CATALOG (CODENO,SORTNO,CODETYPEONE,CODETYPETWO,CODENAME,CODEDESCRIBE,CODEATTRIBUTE,INPUTUSER,INPUTORG,INPUTTIME,UPDATEUSER,UPDATETIME,REMARK) VALUES ('我行其它贷款情况及征信记录',null,'1.客户管理','信用等级评估','我行其它贷款情况及征信记录',null,null,'system','9900','2009/07/29 15:51:13','system','2009/07/29 15:51:16',null);
INSERT INTO CODE_LIBRARY (CODENO,ITEMNO,ITEMNAME,BANKNO,SORTNO,ISINUSE,ITEMDESCRIBE,ITEMATTRIBUTE,RELATIVECODE,ATTRIBUTE1,ATTRIBUTE2,ATTRIBUTE3,ATTRIBUTE4,ATTRIBUTE5,ATTRIBUTE6,ATTRIBUTE7,ATTRIBUTE8,INPUTUSER,INPUTORG,INPUTTIME,UPDATEUSER,UPDATETIME,REMARK,HELPTEXT) VALUES ('我行其它贷款情况及征信记录','010','本行有其它贷款，且征信报告中过去12个月未逾期',null,'010','1',null,null,null,null,null,null,null,null,null,null,null,null,null,null,'system','2009/07/29 16:06:21',null,null);
INSERT INTO CODE_LIBRARY (CODENO,ITEMNO,ITEMNAME,BANKNO,SORTNO,ISINUSE,ITEMDESCRIBE,ITEMATTRIBUTE,RELATIVECODE,ATTRIBUTE1,ATTRIBUTE2,ATTRIBUTE3,ATTRIBUTE4,ATTRIBUTE5,ATTRIBUTE6,ATTRIBUTE7,ATTRIBUTE8,INPUTUSER,INPUTORG,INPUTTIME,UPDATEUSER,UPDATETIME,REMARK,HELPTEXT) VALUES ('我行其它贷款情况及征信记录','020','本行无其它贷款，且征信报告中过去12个月未逾期',null,'020','1',null,null,null,null,null,null,null,null,null,null,null,null,null,null,'system','2009/07/29 16:06:23',null,null);
INSERT INTO CODE_LIBRARY (CODENO,ITEMNO,ITEMNAME,BANKNO,SORTNO,ISINUSE,ITEMDESCRIBE,ITEMATTRIBUTE,RELATIVECODE,ATTRIBUTE1,ATTRIBUTE2,ATTRIBUTE3,ATTRIBUTE4,ATTRIBUTE5,ATTRIBUTE6,ATTRIBUTE7,ATTRIBUTE8,INPUTUSER,INPUTORG,INPUTTIME,UPDATEUSER,UPDATETIME,REMARK,HELPTEXT) VALUES ('我行其它贷款情况及征信记录','030','本行有其它贷款，且征信报告中过去12个月逾期天数为1-30天',null,'030','1',null,null,null,null,null,null,null,null,null,null,null,null,null,null,'system','2009/07/29 16:06:23',null,null);
INSERT INTO CODE_LIBRARY (CODENO,ITEMNO,ITEMNAME,BANKNO,SORTNO,ISINUSE,ITEMDESCRIBE,ITEMATTRIBUTE,RELATIVECODE,ATTRIBUTE1,ATTRIBUTE2,ATTRIBUTE3,ATTRIBUTE4,ATTRIBUTE5,ATTRIBUTE6,ATTRIBUTE7,ATTRIBUTE8,INPUTUSER,INPUTORG,INPUTTIME,UPDATEUSER,UPDATETIME,REMARK,HELPTEXT) VALUES ('我行其它贷款情况及征信记录','040','本行有其它贷款，且征信报告中过去12个月逾期天数为31-60天',null,'040','1',null,null,null,null,null,null,null,null,null,null,null,null,null,null,'system','2009/07/29 16:06:21',null,null);
INSERT INTO CODE_LIBRARY (CODENO,ITEMNO,ITEMNAME,BANKNO,SORTNO,ISINUSE,ITEMDESCRIBE,ITEMATTRIBUTE,RELATIVECODE,ATTRIBUTE1,ATTRIBUTE2,ATTRIBUTE3,ATTRIBUTE4,ATTRIBUTE5,ATTRIBUTE6,ATTRIBUTE7,ATTRIBUTE8,INPUTUSER,INPUTORG,INPUTTIME,UPDATEUSER,UPDATETIME,REMARK,HELPTEXT) VALUES ('我行其它贷款情况及征信记录','050','本行有其它贷款，且征信报告中过去12个月逾期天数为61-90天',null,'050','1',null,null,null,null,null,null,null,null,null,null,null,null,null,null,'system','2009/07/29 16:06:23',null,null);
INSERT INTO CODE_LIBRARY (CODENO,ITEMNO,ITEMNAME,BANKNO,SORTNO,ISINUSE,ITEMDESCRIBE,ITEMATTRIBUTE,RELATIVECODE,ATTRIBUTE1,ATTRIBUTE2,ATTRIBUTE3,ATTRIBUTE4,ATTRIBUTE5,ATTRIBUTE6,ATTRIBUTE7,ATTRIBUTE8,INPUTUSER,INPUTORG,INPUTTIME,UPDATEUSER,UPDATETIME,REMARK,HELPTEXT) VALUES ('我行其它贷款情况及征信记录','060','本行有其它贷款，且征信报告中过去12个月逾期天数90天以上',null,'060','1',null,null,null,null,null,null,null,null,null,null,null,null,null,null,'system','2009/07/29 16:06:23',null,null);
INSERT INTO CODE_LIBRARY (CODENO,ITEMNO,ITEMNAME,BANKNO,SORTNO,ISINUSE,ITEMDESCRIBE,ITEMATTRIBUTE,RELATIVECODE,ATTRIBUTE1,ATTRIBUTE2,ATTRIBUTE3,ATTRIBUTE4,ATTRIBUTE5,ATTRIBUTE6,ATTRIBUTE7,ATTRIBUTE8,INPUTUSER,INPUTORG,INPUTTIME,UPDATEUSER,UPDATETIME,REMARK,HELPTEXT) VALUES ('我行其它贷款情况及征信记录','070','本行无它贷款，且征信报告中过去12个月逾期天数为1-30天',null,'070','1',null,null,null,null,null,null,null,null,null,null,null,null,null,null,'system','2009/07/29 16:06:23',null,null);
INSERT INTO CODE_LIBRARY (CODENO,ITEMNO,ITEMNAME,BANKNO,SORTNO,ISINUSE,ITEMDESCRIBE,ITEMATTRIBUTE,RELATIVECODE,ATTRIBUTE1,ATTRIBUTE2,ATTRIBUTE3,ATTRIBUTE4,ATTRIBUTE5,ATTRIBUTE6,ATTRIBUTE7,ATTRIBUTE8,INPUTUSER,INPUTORG,INPUTTIME,UPDATEUSER,UPDATETIME,REMARK,HELPTEXT) VALUES ('我行其它贷款情况及征信记录','080','本行无其它贷款，且征信报告中过去12个月逾期天数为31-60天',null,'080','1',null,null,null,null,null,null,null,null,null,null,null,null,null,null,'system','2009/07/29 16:06:23',null,null);
INSERT INTO CODE_LIBRARY (CODENO,ITEMNO,ITEMNAME,BANKNO,SORTNO,ISINUSE,ITEMDESCRIBE,ITEMATTRIBUTE,RELATIVECODE,ATTRIBUTE1,ATTRIBUTE2,ATTRIBUTE3,ATTRIBUTE4,ATTRIBUTE5,ATTRIBUTE6,ATTRIBUTE7,ATTRIBUTE8,INPUTUSER,INPUTORG,INPUTTIME,UPDATEUSER,UPDATETIME,REMARK,HELPTEXT) VALUES ('我行其它贷款情况及征信记录','090','本行无其它贷款，且征信报告中过去12个月逾期天数为61-90天',null,'090','1',null,null,null,null,null,null,null,null,null,null,null,null,null,null,'system','2009/07/29 16:06:23',null,null);
INSERT INTO CODE_LIBRARY (CODENO,ITEMNO,ITEMNAME,BANKNO,SORTNO,ISINUSE,ITEMDESCRIBE,ITEMATTRIBUTE,RELATIVECODE,ATTRIBUTE1,ATTRIBUTE2,ATTRIBUTE3,ATTRIBUTE4,ATTRIBUTE5,ATTRIBUTE6,ATTRIBUTE7,ATTRIBUTE8,INPUTUSER,INPUTORG,INPUTTIME,UPDATEUSER,UPDATETIME,REMARK,HELPTEXT) VALUES ('我行其它贷款情况及征信记录','100','本行无其它贷款，且征信报告中过去12个月逾期天数90天以上',null,'100','1',null,null,null,null,null,null,null,null,null,null,null,null,null,null,'system','2009/07/29 16:06:23',null,null);

--delete FROM code_catalog where CodeNo='教育水平';
--delete FROM code_library where CodeNo='教育水平';
INSERT INTO CODE_CATALOG (CODENO,SORTNO,CODETYPEONE,CODETYPETWO,CODENAME,CODEDESCRIBE,CODEATTRIBUTE,INPUTUSER,INPUTORG,INPUTTIME,UPDATEUSER,UPDATETIME,REMARK) VALUES ('教育水平',null,'1.客户管理','信用等级评估','教育水平',null,null,'system','9900','2009/07/29 15:51:13','system','2009/07/29 15:51:16',null);
INSERT INTO CODE_LIBRARY (CODENO,ITEMNO,ITEMNAME,BANKNO,SORTNO,ISINUSE,ITEMDESCRIBE,ITEMATTRIBUTE,RELATIVECODE,ATTRIBUTE1,ATTRIBUTE2,ATTRIBUTE3,ATTRIBUTE4,ATTRIBUTE5,ATTRIBUTE6,ATTRIBUTE7,ATTRIBUTE8,INPUTUSER,INPUTORG,INPUTTIME,UPDATEUSER,UPDATETIME,REMARK,HELPTEXT) VALUES ('教育水平','010','研究生及以上 ',null,'010','1',null,null,null,null,null,null,null,null,null,null,null,null,null,null,'system','2009/07/29 16:06:21',null,null);
INSERT INTO CODE_LIBRARY (CODENO,ITEMNO,ITEMNAME,BANKNO,SORTNO,ISINUSE,ITEMDESCRIBE,ITEMATTRIBUTE,RELATIVECODE,ATTRIBUTE1,ATTRIBUTE2,ATTRIBUTE3,ATTRIBUTE4,ATTRIBUTE5,ATTRIBUTE6,ATTRIBUTE7,ATTRIBUTE8,INPUTUSER,INPUTORG,INPUTTIME,UPDATEUSER,UPDATETIME,REMARK,HELPTEXT) VALUES ('教育水平','020','大学本科',null,'020','1',null,null,null,null,null,null,null,null,null,null,null,null,null,null,'system','2009/07/29 16:06:23',null,null);
INSERT INTO CODE_LIBRARY (CODENO,ITEMNO,ITEMNAME,BANKNO,SORTNO,ISINUSE,ITEMDESCRIBE,ITEMATTRIBUTE,RELATIVECODE,ATTRIBUTE1,ATTRIBUTE2,ATTRIBUTE3,ATTRIBUTE4,ATTRIBUTE5,ATTRIBUTE6,ATTRIBUTE7,ATTRIBUTE8,INPUTUSER,INPUTORG,INPUTTIME,UPDATEUSER,UPDATETIME,REMARK,HELPTEXT) VALUES ('教育水平','030','大学专科和专科院校',null,'030','1',null,null,null,null,null,null,null,null,null,null,null,null,null,null,'system','2009/07/29 16:06:23',null,null);
INSERT INTO CODE_LIBRARY (CODENO,ITEMNO,ITEMNAME,BANKNO,SORTNO,ISINUSE,ITEMDESCRIBE,ITEMATTRIBUTE,RELATIVECODE,ATTRIBUTE1,ATTRIBUTE2,ATTRIBUTE3,ATTRIBUTE4,ATTRIBUTE5,ATTRIBUTE6,ATTRIBUTE7,ATTRIBUTE8,INPUTUSER,INPUTORG,INPUTTIME,UPDATEUSER,UPDATETIME,REMARK,HELPTEXT) VALUES ('教育水平','040','中等专业学校或中等技术学校',null,'040','1',null,null,null,null,null,null,null,null,null,null,null,null,null,null,'system','2009/07/29 16:06:21',null,null);
INSERT INTO CODE_LIBRARY (CODENO,ITEMNO,ITEMNAME,BANKNO,SORTNO,ISINUSE,ITEMDESCRIBE,ITEMATTRIBUTE,RELATIVECODE,ATTRIBUTE1,ATTRIBUTE2,ATTRIBUTE3,ATTRIBUTE4,ATTRIBUTE5,ATTRIBUTE6,ATTRIBUTE7,ATTRIBUTE8,INPUTUSER,INPUTORG,INPUTTIME,UPDATEUSER,UPDATETIME,REMARK,HELPTEXT) VALUES ('教育水平','050','技术学校',null,'050','1',null,null,null,null,null,null,null,null,null,null,null,null,null,null,'system','2009/07/29 16:06:23',null,null);
INSERT INTO CODE_LIBRARY (CODENO,ITEMNO,ITEMNAME,BANKNO,SORTNO,ISINUSE,ITEMDESCRIBE,ITEMATTRIBUTE,RELATIVECODE,ATTRIBUTE1,ATTRIBUTE2,ATTRIBUTE3,ATTRIBUTE4,ATTRIBUTE5,ATTRIBUTE6,ATTRIBUTE7,ATTRIBUTE8,INPUTUSER,INPUTORG,INPUTTIME,UPDATEUSER,UPDATETIME,REMARK,HELPTEXT) VALUES ('教育水平','060','高中及以下',null,'060','1',null,null,null,null,null,null,null,null,null,null,null,null,null,null,'system','2009/07/29 16:06:23',null,null);

--delete FROM code_catalog where CodeNo='婚姻状况_512';
--delete FROM code_library where CodeNo='婚姻状况_512';
INSERT INTO CODE_CATALOG (CODENO,SORTNO,CODETYPEONE,CODETYPETWO,CODENAME,CODEDESCRIBE,CODEATTRIBUTE,INPUTUSER,INPUTORG,INPUTTIME,UPDATEUSER,UPDATETIME,REMARK) VALUES ('婚姻状况_512',null,'1.客户管理','信用等级评估','婚姻状况_512',null,null,'system','9900','2009/07/29 15:51:13','system','2009/07/29 15:51:16',null);
INSERT INTO CODE_LIBRARY (CODENO,ITEMNO,ITEMNAME,BANKNO,SORTNO,ISINUSE,ITEMDESCRIBE,ITEMATTRIBUTE,RELATIVECODE,ATTRIBUTE1,ATTRIBUTE2,ATTRIBUTE3,ATTRIBUTE4,ATTRIBUTE5,ATTRIBUTE6,ATTRIBUTE7,ATTRIBUTE8,INPUTUSER,INPUTORG,INPUTTIME,UPDATEUSER,UPDATETIME,REMARK,HELPTEXT) VALUES ('婚姻状况_512','010','已婚',null,'010','1',null,null,null,null,null,null,null,null,null,null,null,null,null,null,'system','2009/07/29 16:06:21',null,null);
INSERT INTO CODE_LIBRARY (CODENO,ITEMNO,ITEMNAME,BANKNO,SORTNO,ISINUSE,ITEMDESCRIBE,ITEMATTRIBUTE,RELATIVECODE,ATTRIBUTE1,ATTRIBUTE2,ATTRIBUTE3,ATTRIBUTE4,ATTRIBUTE5,ATTRIBUTE6,ATTRIBUTE7,ATTRIBUTE8,INPUTUSER,INPUTORG,INPUTTIME,UPDATEUSER,UPDATETIME,REMARK,HELPTEXT) VALUES ('婚姻状况_512','020','未婚',null,'020','1',null,null,null,null,null,null,null,null,null,null,null,null,null,null,'system','2009/07/29 16:06:23',null,null);

--delete FROM code_catalog where CodeNo='申请人年龄_512';
--delete FROM code_library where CodeNo='申请人年龄_512';
INSERT INTO CODE_CATALOG (CODENO,SORTNO,CODETYPEONE,CODETYPETWO,CODENAME,CODEDESCRIBE,CODEATTRIBUTE,INPUTUSER,INPUTORG,INPUTTIME,UPDATEUSER,UPDATETIME,REMARK) VALUES ('申请人年龄_512',null,'1.客户管理','信用等级评估','申请人年龄_512',null,null,'system','9900','2009/07/29 15:51:13','system','2009/07/29 15:51:16',null);
INSERT INTO CODE_LIBRARY (CODENO,ITEMNO,ITEMNAME,BANKNO,SORTNO,ISINUSE,ITEMDESCRIBE,ITEMATTRIBUTE,RELATIVECODE,ATTRIBUTE1,ATTRIBUTE2,ATTRIBUTE3,ATTRIBUTE4,ATTRIBUTE5,ATTRIBUTE6,ATTRIBUTE7,ATTRIBUTE8,INPUTUSER,INPUTORG,INPUTTIME,UPDATEUSER,UPDATETIME,REMARK,HELPTEXT) VALUES ('申请人年龄_512','010','<=25',null,'010','1',null,null,null,null,null,null,null,null,null,null,null,null,null,null,'system','2009/07/29 16:06:21',null,null);
INSERT INTO CODE_LIBRARY (CODENO,ITEMNO,ITEMNAME,BANKNO,SORTNO,ISINUSE,ITEMDESCRIBE,ITEMATTRIBUTE,RELATIVECODE,ATTRIBUTE1,ATTRIBUTE2,ATTRIBUTE3,ATTRIBUTE4,ATTRIBUTE5,ATTRIBUTE6,ATTRIBUTE7,ATTRIBUTE8,INPUTUSER,INPUTORG,INPUTTIME,UPDATEUSER,UPDATETIME,REMARK,HELPTEXT) VALUES ('申请人年龄_512','020','26-34',null,'020','1',null,null,null,null,null,null,null,null,null,null,null,null,null,null,'system','2009/07/29 16:06:23',null,null);
INSERT INTO CODE_LIBRARY (CODENO,ITEMNO,ITEMNAME,BANKNO,SORTNO,ISINUSE,ITEMDESCRIBE,ITEMATTRIBUTE,RELATIVECODE,ATTRIBUTE1,ATTRIBUTE2,ATTRIBUTE3,ATTRIBUTE4,ATTRIBUTE5,ATTRIBUTE6,ATTRIBUTE7,ATTRIBUTE8,INPUTUSER,INPUTORG,INPUTTIME,UPDATEUSER,UPDATETIME,REMARK,HELPTEXT) VALUES ('申请人年龄_512','030','35 - 45',null,'030','1',null,null,null,null,null,null,null,null,null,null,null,null,null,null,'system','2009/07/29 16:06:23',null,null);
INSERT INTO CODE_LIBRARY (CODENO,ITEMNO,ITEMNAME,BANKNO,SORTNO,ISINUSE,ITEMDESCRIBE,ITEMATTRIBUTE,RELATIVECODE,ATTRIBUTE1,ATTRIBUTE2,ATTRIBUTE3,ATTRIBUTE4,ATTRIBUTE5,ATTRIBUTE6,ATTRIBUTE7,ATTRIBUTE8,INPUTUSER,INPUTORG,INPUTTIME,UPDATEUSER,UPDATETIME,REMARK,HELPTEXT) VALUES ('申请人年龄_512','040','46 -55',null,'040','1',null,null,null,null,null,null,null,null,null,null,null,null,null,null,'system','2009/07/29 16:06:21',null,null);
INSERT INTO CODE_LIBRARY (CODENO,ITEMNO,ITEMNAME,BANKNO,SORTNO,ISINUSE,ITEMDESCRIBE,ITEMATTRIBUTE,RELATIVECODE,ATTRIBUTE1,ATTRIBUTE2,ATTRIBUTE3,ATTRIBUTE4,ATTRIBUTE5,ATTRIBUTE6,ATTRIBUTE7,ATTRIBUTE8,INPUTUSER,INPUTORG,INPUTTIME,UPDATEUSER,UPDATETIME,REMARK,HELPTEXT) VALUES ('申请人年龄_512','050','>=56',null,'050','1',null,null,null,null,null,null,null,null,null,null,null,null,null,null,'system','2009/07/29 16:06:23',null,null);


--delete FROM code_catalog where CodeNo='贷款期限';
--delete FROM code_library where CodeNo='贷款期限';
INSERT INTO CODE_CATALOG (CODENO,SORTNO,CODETYPEONE,CODETYPETWO,CODENAME,CODEDESCRIBE,CODEATTRIBUTE,INPUTUSER,INPUTORG,INPUTTIME,UPDATEUSER,UPDATETIME,REMARK) VALUES ('贷款期限',null,'1.客户管理','信用等级评估','贷款期限',null,null,'system','9900','2009/07/29 15:51:13','system','2009/07/29 15:51:16',null);
INSERT INTO CODE_LIBRARY (CODENO,ITEMNO,ITEMNAME,BANKNO,SORTNO,ISINUSE,ITEMDESCRIBE,ITEMATTRIBUTE,RELATIVECODE,ATTRIBUTE1,ATTRIBUTE2,ATTRIBUTE3,ATTRIBUTE4,ATTRIBUTE5,ATTRIBUTE6,ATTRIBUTE7,ATTRIBUTE8,INPUTUSER,INPUTORG,INPUTTIME,UPDATEUSER,UPDATETIME,REMARK,HELPTEXT) VALUES ('贷款期限','010','<=6个月',null,'010','1',null,null,null,null,null,null,null,null,null,null,null,null,null,null,'system','2009/07/29 16:06:21',null,null);
INSERT INTO CODE_LIBRARY (CODENO,ITEMNO,ITEMNAME,BANKNO,SORTNO,ISINUSE,ITEMDESCRIBE,ITEMATTRIBUTE,RELATIVECODE,ATTRIBUTE1,ATTRIBUTE2,ATTRIBUTE3,ATTRIBUTE4,ATTRIBUTE5,ATTRIBUTE6,ATTRIBUTE7,ATTRIBUTE8,INPUTUSER,INPUTORG,INPUTTIME,UPDATEUSER,UPDATETIME,REMARK,HELPTEXT) VALUES ('贷款期限','020','7-9个月',null,'020','1',null,null,null,null,null,null,null,null,null,null,null,null,null,null,'system','2009/07/29 16:06:23',null,null);
INSERT INTO CODE_LIBRARY (CODENO,ITEMNO,ITEMNAME,BANKNO,SORTNO,ISINUSE,ITEMDESCRIBE,ITEMATTRIBUTE,RELATIVECODE,ATTRIBUTE1,ATTRIBUTE2,ATTRIBUTE3,ATTRIBUTE4,ATTRIBUTE5,ATTRIBUTE6,ATTRIBUTE7,ATTRIBUTE8,INPUTUSER,INPUTORG,INPUTTIME,UPDATEUSER,UPDATETIME,REMARK,HELPTEXT) VALUES ('贷款期限','030','10-18个月',null,'030','1',null,null,null,null,null,null,null,null,null,null,null,null,null,null,'system','2009/07/29 16:06:23',null,null);
INSERT INTO CODE_LIBRARY (CODENO,ITEMNO,ITEMNAME,BANKNO,SORTNO,ISINUSE,ITEMDESCRIBE,ITEMATTRIBUTE,RELATIVECODE,ATTRIBUTE1,ATTRIBUTE2,ATTRIBUTE3,ATTRIBUTE4,ATTRIBUTE5,ATTRIBUTE6,ATTRIBUTE7,ATTRIBUTE8,INPUTUSER,INPUTORG,INPUTTIME,UPDATEUSER,UPDATETIME,REMARK,HELPTEXT) VALUES ('贷款期限','040','>=19个月',null,'040','1',null,null,null,null,null,null,null,null,null,null,null,null,null,null,'system','2009/07/29 16:06:21',null,null);

--delete FROM code_catalog where CodeNo='首付款比例';
--delete FROM code_library where CodeNo='首付款比例';
INSERT INTO CODE_CATALOG (CODENO,SORTNO,CODETYPEONE,CODETYPETWO,CODENAME,CODEDESCRIBE,CODEATTRIBUTE,INPUTUSER,INPUTORG,INPUTTIME,UPDATEUSER,UPDATETIME,REMARK) VALUES ('首付款比例',null,'1.客户管理','信用等级评估','首付款比例',null,null,'system','9900','2009/07/29 15:51:13','system','2009/07/29 15:51:16',null);
INSERT INTO CODE_LIBRARY (CODENO,ITEMNO,ITEMNAME,BANKNO,SORTNO,ISINUSE,ITEMDESCRIBE,ITEMATTRIBUTE,RELATIVECODE,ATTRIBUTE1,ATTRIBUTE2,ATTRIBUTE3,ATTRIBUTE4,ATTRIBUTE5,ATTRIBUTE6,ATTRIBUTE7,ATTRIBUTE8,INPUTUSER,INPUTORG,INPUTTIME,UPDATEUSER,UPDATETIME,REMARK,HELPTEXT) VALUES ('首付款比例','010','>70%',null,'010','1',null,null,null,null,null,null,null,null,null,null,null,null,null,null,'system','2009/07/29 16:06:21',null,null);
INSERT INTO CODE_LIBRARY (CODENO,ITEMNO,ITEMNAME,BANKNO,SORTNO,ISINUSE,ITEMDESCRIBE,ITEMATTRIBUTE,RELATIVECODE,ATTRIBUTE1,ATTRIBUTE2,ATTRIBUTE3,ATTRIBUTE4,ATTRIBUTE5,ATTRIBUTE6,ATTRIBUTE7,ATTRIBUTE8,INPUTUSER,INPUTORG,INPUTTIME,UPDATEUSER,UPDATETIME,REMARK,HELPTEXT) VALUES ('首付款比例','020','>60%&<=70%',null,'020','1',null,null,null,null,null,null,null,null,null,null,null,null,null,null,'system','2009/07/29 16:06:23',null,null);
INSERT INTO CODE_LIBRARY (CODENO,ITEMNO,ITEMNAME,BANKNO,SORTNO,ISINUSE,ITEMDESCRIBE,ITEMATTRIBUTE,RELATIVECODE,ATTRIBUTE1,ATTRIBUTE2,ATTRIBUTE3,ATTRIBUTE4,ATTRIBUTE5,ATTRIBUTE6,ATTRIBUTE7,ATTRIBUTE8,INPUTUSER,INPUTORG,INPUTTIME,UPDATEUSER,UPDATETIME,REMARK,HELPTEXT) VALUES ('首付款比例','030','>50%&<=60%',null,'030','1',null,null,null,null,null,null,null,null,null,null,null,null,null,null,'system','2009/07/29 16:06:23',null,null);
INSERT INTO CODE_LIBRARY (CODENO,ITEMNO,ITEMNAME,BANKNO,SORTNO,ISINUSE,ITEMDESCRIBE,ITEMATTRIBUTE,RELATIVECODE,ATTRIBUTE1,ATTRIBUTE2,ATTRIBUTE3,ATTRIBUTE4,ATTRIBUTE5,ATTRIBUTE6,ATTRIBUTE7,ATTRIBUTE8,INPUTUSER,INPUTORG,INPUTTIME,UPDATEUSER,UPDATETIME,REMARK,HELPTEXT) VALUES ('首付款比例','040','>40%&<=50%',null,'040','1',null,null,null,null,null,null,null,null,null,null,null,null,null,null,'system','2009/07/29 16:06:21',null,null);
INSERT INTO CODE_LIBRARY (CODENO,ITEMNO,ITEMNAME,BANKNO,SORTNO,ISINUSE,ITEMDESCRIBE,ITEMATTRIBUTE,RELATIVECODE,ATTRIBUTE1,ATTRIBUTE2,ATTRIBUTE3,ATTRIBUTE4,ATTRIBUTE5,ATTRIBUTE6,ATTRIBUTE7,ATTRIBUTE8,INPUTUSER,INPUTORG,INPUTTIME,UPDATEUSER,UPDATETIME,REMARK,HELPTEXT) VALUES ('首付款比例','050','>30%&<=40%',null,'050','1',null,null,null,null,null,null,null,null,null,null,null,null,null,null,'system','2009/07/29 16:06:23',null,null);
INSERT INTO CODE_LIBRARY (CODENO,ITEMNO,ITEMNAME,BANKNO,SORTNO,ISINUSE,ITEMDESCRIBE,ITEMATTRIBUTE,RELATIVECODE,ATTRIBUTE1,ATTRIBUTE2,ATTRIBUTE3,ATTRIBUTE4,ATTRIBUTE5,ATTRIBUTE6,ATTRIBUTE7,ATTRIBUTE8,INPUTUSER,INPUTORG,INPUTTIME,UPDATEUSER,UPDATETIME,REMARK,HELPTEXT) VALUES ('首付款比例','060','>25%&<=30%',null,'060','1',null,null,null,null,null,null,null,null,null,null,null,null,null,null,'system','2009/07/29 16:06:23',null,null);
INSERT INTO CODE_LIBRARY (CODENO,ITEMNO,ITEMNAME,BANKNO,SORTNO,ISINUSE,ITEMDESCRIBE,ITEMATTRIBUTE,RELATIVECODE,ATTRIBUTE1,ATTRIBUTE2,ATTRIBUTE3,ATTRIBUTE4,ATTRIBUTE5,ATTRIBUTE6,ATTRIBUTE7,ATTRIBUTE8,INPUTUSER,INPUTORG,INPUTTIME,UPDATEUSER,UPDATETIME,REMARK,HELPTEXT) VALUES ('首付款比例','070','<=25%',null,'070','1',null,null,null,null,null,null,null,null,null,null,null,null,null,null,'system','2009/07/29 16:06:23',null,null);

--delete FROM code_catalog where CodeNo='担保方式_512';
--delete FROM code_library where CodeNo='担保方式_512';
INSERT INTO CODE_CATALOG (CODENO,SORTNO,CODETYPEONE,CODETYPETWO,CODENAME,CODEDESCRIBE,CODEATTRIBUTE,INPUTUSER,INPUTORG,INPUTTIME,UPDATEUSER,UPDATETIME,REMARK) VALUES ('担保方式_512',null,'1.客户管理','信用等级评估','担保方式_512',null,null,'system','9900','2009/07/29 15:51:13','system','2009/07/29 15:51:16',null);
INSERT INTO CODE_LIBRARY (CODENO,ITEMNO,ITEMNAME,BANKNO,SORTNO,ISINUSE,ITEMDESCRIBE,ITEMATTRIBUTE,RELATIVECODE,ATTRIBUTE1,ATTRIBUTE2,ATTRIBUTE3,ATTRIBUTE4,ATTRIBUTE5,ATTRIBUTE6,ATTRIBUTE7,ATTRIBUTE8,INPUTUSER,INPUTORG,INPUTTIME,UPDATEUSER,UPDATETIME,REMARK,HELPTEXT) VALUES ('担保方式_512','010','质押',null,'010','1',null,null,null,null,null,null,null,null,null,null,null,null,null,null,'system','2009/07/29 16:06:21',null,null);
INSERT INTO CODE_LIBRARY (CODENO,ITEMNO,ITEMNAME,BANKNO,SORTNO,ISINUSE,ITEMDESCRIBE,ITEMATTRIBUTE,RELATIVECODE,ATTRIBUTE1,ATTRIBUTE2,ATTRIBUTE3,ATTRIBUTE4,ATTRIBUTE5,ATTRIBUTE6,ATTRIBUTE7,ATTRIBUTE8,INPUTUSER,INPUTORG,INPUTTIME,UPDATEUSER,UPDATETIME,REMARK,HELPTEXT) VALUES ('担保方式_512','020','抵押',null,'020','1',null,null,null,null,null,null,null,null,null,null,null,null,null,null,'system','2009/07/29 16:06:23',null,null);
INSERT INTO CODE_LIBRARY (CODENO,ITEMNO,ITEMNAME,BANKNO,SORTNO,ISINUSE,ITEMDESCRIBE,ITEMATTRIBUTE,RELATIVECODE,ATTRIBUTE1,ATTRIBUTE2,ATTRIBUTE3,ATTRIBUTE4,ATTRIBUTE5,ATTRIBUTE6,ATTRIBUTE7,ATTRIBUTE8,INPUTUSER,INPUTORG,INPUTTIME,UPDATEUSER,UPDATETIME,REMARK,HELPTEXT) VALUES ('担保方式_512','030','保证',null,'030','1',null,null,null,null,null,null,null,null,null,null,null,null,null,null,'system','2009/07/29 16:06:23',null,null);
INSERT INTO CODE_LIBRARY (CODENO,ITEMNO,ITEMNAME,BANKNO,SORTNO,ISINUSE,ITEMDESCRIBE,ITEMATTRIBUTE,RELATIVECODE,ATTRIBUTE1,ATTRIBUTE2,ATTRIBUTE3,ATTRIBUTE4,ATTRIBUTE5,ATTRIBUTE6,ATTRIBUTE7,ATTRIBUTE8,INPUTUSER,INPUTORG,INPUTTIME,UPDATEUSER,UPDATETIME,REMARK,HELPTEXT) VALUES ('担保方式_512','040','信用',null,'040','1',null,null,null,null,null,null,null,null,null,null,null,null,null,null,'system','2009/07/29 16:06:21',null,null);

--delete FROM code_catalog where CodeNo='教育水平_513';
--delete FROM code_library where CodeNo='教育水平_513';
INSERT INTO CODE_CATALOG (CODENO,SORTNO,CODETYPEONE,CODETYPETWO,CODENAME,CODEDESCRIBE,CODEATTRIBUTE,INPUTUSER,INPUTORG,INPUTTIME,UPDATEUSER,UPDATETIME,REMARK) VALUES ('教育水平_513',null,'1.客户管理','信用等级评估','教育水平_513',null,null,'system','9900','2009/07/29 15:51:13','system','2009/07/29 15:51:16',null);
INSERT INTO CODE_LIBRARY (CODENO,ITEMNO,ITEMNAME,BANKNO,SORTNO,ISINUSE,ITEMDESCRIBE,ITEMATTRIBUTE,RELATIVECODE,ATTRIBUTE1,ATTRIBUTE2,ATTRIBUTE3,ATTRIBUTE4,ATTRIBUTE5,ATTRIBUTE6,ATTRIBUTE7,ATTRIBUTE8,INPUTUSER,INPUTORG,INPUTTIME,UPDATEUSER,UPDATETIME,REMARK,HELPTEXT) VALUES ('教育水平_513','010','博士/硕士研究生',null,'010','1',null,null,null,null,null,null,null,null,null,null,null,null,null,null,'system','2009/07/29 16:06:21',null,null);
INSERT INTO CODE_LIBRARY (CODENO,ITEMNO,ITEMNAME,BANKNO,SORTNO,ISINUSE,ITEMDESCRIBE,ITEMATTRIBUTE,RELATIVECODE,ATTRIBUTE1,ATTRIBUTE2,ATTRIBUTE3,ATTRIBUTE4,ATTRIBUTE5,ATTRIBUTE6,ATTRIBUTE7,ATTRIBUTE8,INPUTUSER,INPUTORG,INPUTTIME,UPDATEUSER,UPDATETIME,REMARK,HELPTEXT) VALUES ('教育水平_513','020','大学本科',null,'020','1',null,null,null,null,null,null,null,null,null,null,null,null,null,null,'system','2009/07/29 16:06:23',null,null);
INSERT INTO CODE_LIBRARY (CODENO,ITEMNO,ITEMNAME,BANKNO,SORTNO,ISINUSE,ITEMDESCRIBE,ITEMATTRIBUTE,RELATIVECODE,ATTRIBUTE1,ATTRIBUTE2,ATTRIBUTE3,ATTRIBUTE4,ATTRIBUTE5,ATTRIBUTE6,ATTRIBUTE7,ATTRIBUTE8,INPUTUSER,INPUTORG,INPUTTIME,UPDATEUSER,UPDATETIME,REMARK,HELPTEXT) VALUES ('教育水平_513','030','大学专科',null,'030','1',null,null,null,null,null,null,null,null,null,null,null,null,null,null,'system','2009/07/29 16:06:23',null,null);
INSERT INTO CODE_LIBRARY (CODENO,ITEMNO,ITEMNAME,BANKNO,SORTNO,ISINUSE,ITEMDESCRIBE,ITEMATTRIBUTE,RELATIVECODE,ATTRIBUTE1,ATTRIBUTE2,ATTRIBUTE3,ATTRIBUTE4,ATTRIBUTE5,ATTRIBUTE6,ATTRIBUTE7,ATTRIBUTE8,INPUTUSER,INPUTORG,INPUTTIME,UPDATEUSER,UPDATETIME,REMARK,HELPTEXT) VALUES ('教育水平_513','040','技术学校及中专/中等技校',null,'040','1',null,null,null,null,null,null,null,null,null,null,null,null,null,null,'system','2009/07/29 16:06:21',null,null);
INSERT INTO CODE_LIBRARY (CODENO,ITEMNO,ITEMNAME,BANKNO,SORTNO,ISINUSE,ITEMDESCRIBE,ITEMATTRIBUTE,RELATIVECODE,ATTRIBUTE1,ATTRIBUTE2,ATTRIBUTE3,ATTRIBUTE4,ATTRIBUTE5,ATTRIBUTE6,ATTRIBUTE7,ATTRIBUTE8,INPUTUSER,INPUTORG,INPUTTIME,UPDATEUSER,UPDATETIME,REMARK,HELPTEXT) VALUES ('教育水平_513','050','高中',null,'050','1',null,null,null,null,null,null,null,null,null,null,null,null,null,null,'system','2009/07/29 16:06:23',null,null);
INSERT INTO CODE_LIBRARY (CODENO,ITEMNO,ITEMNAME,BANKNO,SORTNO,ISINUSE,ITEMDESCRIBE,ITEMATTRIBUTE,RELATIVECODE,ATTRIBUTE1,ATTRIBUTE2,ATTRIBUTE3,ATTRIBUTE4,ATTRIBUTE5,ATTRIBUTE6,ATTRIBUTE7,ATTRIBUTE8,INPUTUSER,INPUTORG,INPUTTIME,UPDATEUSER,UPDATETIME,REMARK,HELPTEXT) VALUES ('教育水平_513','060','初中及小学',null,'060','1',null,null,null,null,null,null,null,null,null,null,null,null,null,null,'system','2009/07/29 16:06:23',null,null);
INSERT INTO CODE_LIBRARY (CODENO,ITEMNO,ITEMNAME,BANKNO,SORTNO,ISINUSE,ITEMDESCRIBE,ITEMATTRIBUTE,RELATIVECODE,ATTRIBUTE1,ATTRIBUTE2,ATTRIBUTE3,ATTRIBUTE4,ATTRIBUTE5,ATTRIBUTE6,ATTRIBUTE7,ATTRIBUTE8,INPUTUSER,INPUTORG,INPUTTIME,UPDATEUSER,UPDATETIME,REMARK,HELPTEXT) VALUES ('教育水平_513','070','其他',null,'070','1',null,null,null,null,null,null,null,null,null,null,null,null,null,null,'system','2009/07/29 16:06:23',null,null);

--delete FROM code_catalog where CodeNo='行业';
--delete FROM code_library where CodeNo='行业';
INSERT INTO CODE_CATALOG (CODENO,SORTNO,CODETYPEONE,CODETYPETWO,CODENAME,CODEDESCRIBE,CODEATTRIBUTE,INPUTUSER,INPUTORG,INPUTTIME,UPDATEUSER,UPDATETIME,REMARK) VALUES ('行业',null,'1.客户管理','信用等级评估','行业',null,null,'system','9900','2009/07/29 15:51:13','system','2009/07/29 15:51:16',null);
INSERT INTO CODE_LIBRARY (CODENO,ITEMNO,ITEMNAME,BANKNO,SORTNO,ISINUSE,ITEMDESCRIBE,ITEMATTRIBUTE,RELATIVECODE,ATTRIBUTE1,ATTRIBUTE2,ATTRIBUTE3,ATTRIBUTE4,ATTRIBUTE5,ATTRIBUTE6,ATTRIBUTE7,ATTRIBUTE8,INPUTUSER,INPUTORG,INPUTTIME,UPDATEUSER,UPDATETIME,REMARK,HELPTEXT) VALUES ('行业','010','农、林、牧、渔业,采矿业',null,'010','1',null,null,null,null,null,null,null,null,null,null,null,null,null,null,'system','2009/07/29 16:06:21',null,null);
INSERT INTO CODE_LIBRARY (CODENO,ITEMNO,ITEMNAME,BANKNO,SORTNO,ISINUSE,ITEMDESCRIBE,ITEMATTRIBUTE,RELATIVECODE,ATTRIBUTE1,ATTRIBUTE2,ATTRIBUTE3,ATTRIBUTE4,ATTRIBUTE5,ATTRIBUTE6,ATTRIBUTE7,ATTRIBUTE8,INPUTUSER,INPUTORG,INPUTTIME,UPDATEUSER,UPDATETIME,REMARK,HELPTEXT) VALUES ('行业','020','批发和零售业',null,'020','1',null,null,null,null,null,null,null,null,null,null,null,null,null,null,'system','2009/07/29 16:06:23',null,null);
INSERT INTO CODE_LIBRARY (CODENO,ITEMNO,ITEMNAME,BANKNO,SORTNO,ISINUSE,ITEMDESCRIBE,ITEMATTRIBUTE,RELATIVECODE,ATTRIBUTE1,ATTRIBUTE2,ATTRIBUTE3,ATTRIBUTE4,ATTRIBUTE5,ATTRIBUTE6,ATTRIBUTE7,ATTRIBUTE8,INPUTUSER,INPUTORG,INPUTTIME,UPDATEUSER,UPDATETIME,REMARK,HELPTEXT) VALUES ('行业','030','公共管理、社会保障和社会组织,金融业,教育,卫生和社会工作,水利,环境和公共设施管理业,信息传输、软件和信息技术服务业,电力、热力、燃气及水生产和供应业,交通运输、仓储和邮政业,文化、体育和娱乐业,房地产业',null,'030','1',null,null,null,null,null,null,null,null,null,null,null,null,null,null,'system','2009/07/29 16:06:23',null,null);
INSERT INTO CODE_LIBRARY (CODENO,ITEMNO,ITEMNAME,BANKNO,SORTNO,ISINUSE,ITEMDESCRIBE,ITEMATTRIBUTE,RELATIVECODE,ATTRIBUTE1,ATTRIBUTE2,ATTRIBUTE3,ATTRIBUTE4,ATTRIBUTE5,ATTRIBUTE6,ATTRIBUTE7,ATTRIBUTE8,INPUTUSER,INPUTORG,INPUTTIME,UPDATEUSER,UPDATETIME,REMARK,HELPTEXT) VALUES ('行业','040','建筑业',null,'040','1',null,null,null,null,null,null,null,null,null,null,null,null,null,null,'system','2009/07/29 16:06:21',null,null);
INSERT INTO CODE_LIBRARY (CODENO,ITEMNO,ITEMNAME,BANKNO,SORTNO,ISINUSE,ITEMDESCRIBE,ITEMATTRIBUTE,RELATIVECODE,ATTRIBUTE1,ATTRIBUTE2,ATTRIBUTE3,ATTRIBUTE4,ATTRIBUTE5,ATTRIBUTE6,ATTRIBUTE7,ATTRIBUTE8,INPUTUSER,INPUTORG,INPUTTIME,UPDATEUSER,UPDATETIME,REMARK,HELPTEXT) VALUES ('行业','050','居民服务、修理和其他服务业',null,'050','1',null,null,null,null,null,null,null,null,null,null,null,null,null,null,'system','2009/07/29 16:06:23',null,null);
INSERT INTO CODE_LIBRARY (CODENO,ITEMNO,ITEMNAME,BANKNO,SORTNO,ISINUSE,ITEMDESCRIBE,ITEMATTRIBUTE,RELATIVECODE,ATTRIBUTE1,ATTRIBUTE2,ATTRIBUTE3,ATTRIBUTE4,ATTRIBUTE5,ATTRIBUTE6,ATTRIBUTE7,ATTRIBUTE8,INPUTUSER,INPUTORG,INPUTTIME,UPDATEUSER,UPDATETIME,REMARK,HELPTEXT) VALUES ('行业','060','制造业',null,'060','1',null,null,null,null,null,null,null,null,null,null,null,null,null,null,'system','2009/07/29 16:06:23',null,null);
INSERT INTO CODE_LIBRARY (CODENO,ITEMNO,ITEMNAME,BANKNO,SORTNO,ISINUSE,ITEMDESCRIBE,ITEMATTRIBUTE,RELATIVECODE,ATTRIBUTE1,ATTRIBUTE2,ATTRIBUTE3,ATTRIBUTE4,ATTRIBUTE5,ATTRIBUTE6,ATTRIBUTE7,ATTRIBUTE8,INPUTUSER,INPUTORG,INPUTTIME,UPDATEUSER,UPDATETIME,REMARK,HELPTEXT) VALUES ('行业','070','租赁和商务服务业',null,'070','1',null,null,null,null,null,null,null,null,null,null,null,null,null,null,'system','2009/07/29 16:06:23',null,null);
INSERT INTO CODE_LIBRARY (CODENO,ITEMNO,ITEMNAME,BANKNO,SORTNO,ISINUSE,ITEMDESCRIBE,ITEMATTRIBUTE,RELATIVECODE,ATTRIBUTE1,ATTRIBUTE2,ATTRIBUTE3,ATTRIBUTE4,ATTRIBUTE5,ATTRIBUTE6,ATTRIBUTE7,ATTRIBUTE8,INPUTUSER,INPUTORG,INPUTTIME,UPDATEUSER,UPDATETIME,REMARK,HELPTEXT) VALUES ('行业','080','住宿和餐饮业',null,'080','1',null,null,null,null,null,null,null,null,null,null,null,null,null,null,'system','2009/07/29 16:06:23',null,null);

--delete FROM code_catalog where CodeNo='家庭人口';
--delete FROM code_library where CodeNo='家庭人口';
INSERT INTO CODE_CATALOG (CODENO,SORTNO,CODETYPEONE,CODETYPETWO,CODENAME,CODEDESCRIBE,CODEATTRIBUTE,INPUTUSER,INPUTORG,INPUTTIME,UPDATEUSER,UPDATETIME,REMARK) VALUES ('家庭人口',null,'1.客户管理','信用等级评估','家庭人口',null,null,'system','9900','2009/07/29 15:51:13','system','2009/07/29 15:51:16',null);
INSERT INTO CODE_LIBRARY (CODENO,ITEMNO,ITEMNAME,BANKNO,SORTNO,ISINUSE,ITEMDESCRIBE,ITEMATTRIBUTE,RELATIVECODE,ATTRIBUTE1,ATTRIBUTE2,ATTRIBUTE3,ATTRIBUTE4,ATTRIBUTE5,ATTRIBUTE6,ATTRIBUTE7,ATTRIBUTE8,INPUTUSER,INPUTORG,INPUTTIME,UPDATEUSER,UPDATETIME,REMARK,HELPTEXT) VALUES ('家庭人口','010','1人',null,'010','1',null,null,null,null,null,null,null,null,null,null,null,null,null,null,'system','2009/07/29 16:06:21',null,null);
INSERT INTO CODE_LIBRARY (CODENO,ITEMNO,ITEMNAME,BANKNO,SORTNO,ISINUSE,ITEMDESCRIBE,ITEMATTRIBUTE,RELATIVECODE,ATTRIBUTE1,ATTRIBUTE2,ATTRIBUTE3,ATTRIBUTE4,ATTRIBUTE5,ATTRIBUTE6,ATTRIBUTE7,ATTRIBUTE8,INPUTUSER,INPUTORG,INPUTTIME,UPDATEUSER,UPDATETIME,REMARK,HELPTEXT) VALUES ('家庭人口','020','2人',null,'020','1',null,null,null,null,null,null,null,null,null,null,null,null,null,null,'system','2009/07/29 16:06:23',null,null);
INSERT INTO CODE_LIBRARY (CODENO,ITEMNO,ITEMNAME,BANKNO,SORTNO,ISINUSE,ITEMDESCRIBE,ITEMATTRIBUTE,RELATIVECODE,ATTRIBUTE1,ATTRIBUTE2,ATTRIBUTE3,ATTRIBUTE4,ATTRIBUTE5,ATTRIBUTE6,ATTRIBUTE7,ATTRIBUTE8,INPUTUSER,INPUTORG,INPUTTIME,UPDATEUSER,UPDATETIME,REMARK,HELPTEXT) VALUES ('家庭人口','030','3人',null,'030','1',null,null,null,null,null,null,null,null,null,null,null,null,null,null,'system','2009/07/29 16:06:23',null,null);
INSERT INTO CODE_LIBRARY (CODENO,ITEMNO,ITEMNAME,BANKNO,SORTNO,ISINUSE,ITEMDESCRIBE,ITEMATTRIBUTE,RELATIVECODE,ATTRIBUTE1,ATTRIBUTE2,ATTRIBUTE3,ATTRIBUTE4,ATTRIBUTE5,ATTRIBUTE6,ATTRIBUTE7,ATTRIBUTE8,INPUTUSER,INPUTORG,INPUTTIME,UPDATEUSER,UPDATETIME,REMARK,HELPTEXT) VALUES ('家庭人口','040','4人',null,'040','1',null,null,null,null,null,null,null,null,null,null,null,null,null,null,'system','2009/07/29 16:06:21',null,null);
INSERT INTO CODE_LIBRARY (CODENO,ITEMNO,ITEMNAME,BANKNO,SORTNO,ISINUSE,ITEMDESCRIBE,ITEMATTRIBUTE,RELATIVECODE,ATTRIBUTE1,ATTRIBUTE2,ATTRIBUTE3,ATTRIBUTE4,ATTRIBUTE5,ATTRIBUTE6,ATTRIBUTE7,ATTRIBUTE8,INPUTUSER,INPUTORG,INPUTTIME,UPDATEUSER,UPDATETIME,REMARK,HELPTEXT) VALUES ('家庭人口','050','5人',null,'050','1',null,null,null,null,null,null,null,null,null,null,null,null,null,null,'system','2009/07/29 16:06:23',null,null);
INSERT INTO CODE_LIBRARY (CODENO,ITEMNO,ITEMNAME,BANKNO,SORTNO,ISINUSE,ITEMDESCRIBE,ITEMATTRIBUTE,RELATIVECODE,ATTRIBUTE1,ATTRIBUTE2,ATTRIBUTE3,ATTRIBUTE4,ATTRIBUTE5,ATTRIBUTE6,ATTRIBUTE7,ATTRIBUTE8,INPUTUSER,INPUTORG,INPUTTIME,UPDATEUSER,UPDATETIME,REMARK,HELPTEXT) VALUES ('家庭人口','060','6人及以上',null,'060','1',null,null,null,null,null,null,null,null,null,null,null,null,null,null,'system','2009/07/29 16:06:23',null,null);

--delete FROM code_catalog where CodeNo='配偶职业';
--delete FROM code_library where CodeNo='配偶职业';
INSERT INTO CODE_CATALOG (CODENO,SORTNO,CODETYPEONE,CODETYPETWO,CODENAME,CODEDESCRIBE,CODEATTRIBUTE,INPUTUSER,INPUTORG,INPUTTIME,UPDATEUSER,UPDATETIME,REMARK) VALUES ('配偶职业',null,'1.客户管理','信用等级评估','配偶职业',null,null,'system','9900','2009/07/29 15:51:13','system','2009/07/29 15:51:16',null);
INSERT INTO CODE_LIBRARY (CODENO,ITEMNO,ITEMNAME,BANKNO,SORTNO,ISINUSE,ITEMDESCRIBE,ITEMATTRIBUTE,RELATIVECODE,ATTRIBUTE1,ATTRIBUTE2,ATTRIBUTE3,ATTRIBUTE4,ATTRIBUTE5,ATTRIBUTE6,ATTRIBUTE7,ATTRIBUTE8,INPUTUSER,INPUTORG,INPUTTIME,UPDATEUSER,UPDATETIME,REMARK,HELPTEXT) VALUES ('配偶职业','010','农、林、牧、渔、水利业生产人员',null,'010','1',null,null,null,null,null,null,null,null,null,null,null,null,null,null,'system','2009/07/29 16:06:21',null,null);
INSERT INTO CODE_LIBRARY (CODENO,ITEMNO,ITEMNAME,BANKNO,SORTNO,ISINUSE,ITEMDESCRIBE,ITEMATTRIBUTE,RELATIVECODE,ATTRIBUTE1,ATTRIBUTE2,ATTRIBUTE3,ATTRIBUTE4,ATTRIBUTE5,ATTRIBUTE6,ATTRIBUTE7,ATTRIBUTE8,INPUTUSER,INPUTORG,INPUTTIME,UPDATEUSER,UPDATETIME,REMARK,HELPTEXT) VALUES ('配偶职业','020','不便分类的其他从业人员',null,'020','1',null,null,null,null,null,null,null,null,null,null,null,null,null,null,'system','2009/07/29 16:06:23',null,null);
INSERT INTO CODE_LIBRARY (CODENO,ITEMNO,ITEMNAME,BANKNO,SORTNO,ISINUSE,ITEMDESCRIBE,ITEMATTRIBUTE,RELATIVECODE,ATTRIBUTE1,ATTRIBUTE2,ATTRIBUTE3,ATTRIBUTE4,ATTRIBUTE5,ATTRIBUTE6,ATTRIBUTE7,ATTRIBUTE8,INPUTUSER,INPUTORG,INPUTTIME,UPDATEUSER,UPDATETIME,REMARK,HELPTEXT) VALUES ('配偶职业','030','生产、运输设备操作人员及有关人员',null,'030','1',null,null,null,null,null,null,null,null,null,null,null,null,null,null,'system','2009/07/29 16:06:23',null,null);
INSERT INTO CODE_LIBRARY (CODENO,ITEMNO,ITEMNAME,BANKNO,SORTNO,ISINUSE,ITEMDESCRIBE,ITEMATTRIBUTE,RELATIVECODE,ATTRIBUTE1,ATTRIBUTE2,ATTRIBUTE3,ATTRIBUTE4,ATTRIBUTE5,ATTRIBUTE6,ATTRIBUTE7,ATTRIBUTE8,INPUTUSER,INPUTORG,INPUTTIME,UPDATEUSER,UPDATETIME,REMARK,HELPTEXT) VALUES ('配偶职业','040','专业技术人员、军人及办事人员和有关人员',null,'040','1',null,null,null,null,null,null,null,null,null,null,null,null,null,null,'system','2009/07/29 16:06:21',null,null);
INSERT INTO CODE_LIBRARY (CODENO,ITEMNO,ITEMNAME,BANKNO,SORTNO,ISINUSE,ITEMDESCRIBE,ITEMATTRIBUTE,RELATIVECODE,ATTRIBUTE1,ATTRIBUTE2,ATTRIBUTE3,ATTRIBUTE4,ATTRIBUTE5,ATTRIBUTE6,ATTRIBUTE7,ATTRIBUTE8,INPUTUSER,INPUTORG,INPUTTIME,UPDATEUSER,UPDATETIME,REMARK,HELPTEXT) VALUES ('配偶职业','050','商业、服务业人员',null,'050','1',null,null,null,null,null,null,null,null,null,null,null,null,null,null,'system','2009/07/29 16:06:23',null,null);

--delete FROM code_catalog where CodeNo='家庭年收入';
--delete FROM code_library where CodeNo='家庭年收入';
INSERT INTO CODE_CATALOG (CODENO,SORTNO,CODETYPEONE,CODETYPETWO,CODENAME,CODEDESCRIBE,CODEATTRIBUTE,INPUTUSER,INPUTORG,INPUTTIME,UPDATEUSER,UPDATETIME,REMARK) VALUES ('家庭年收入',null,'1.客户管理','信用等级评估','家庭年收入',null,null,'system','9900','2009/07/29 15:51:13','system','2009/07/29 15:51:16',null);
INSERT INTO CODE_LIBRARY (CODENO,ITEMNO,ITEMNAME,BANKNO,SORTNO,ISINUSE,ITEMDESCRIBE,ITEMATTRIBUTE,RELATIVECODE,ATTRIBUTE1,ATTRIBUTE2,ATTRIBUTE3,ATTRIBUTE4,ATTRIBUTE5,ATTRIBUTE6,ATTRIBUTE7,ATTRIBUTE8,INPUTUSER,INPUTORG,INPUTTIME,UPDATEUSER,UPDATETIME,REMARK,HELPTEXT) VALUES ('家庭年收入','010','( , 30000]',null,'010','1',null,null,null,null,null,null,null,null,null,null,null,null,null,null,'system','2009/07/29 16:06:21',null,null);
INSERT INTO CODE_LIBRARY (CODENO,ITEMNO,ITEMNAME,BANKNO,SORTNO,ISINUSE,ITEMDESCRIBE,ITEMATTRIBUTE,RELATIVECODE,ATTRIBUTE1,ATTRIBUTE2,ATTRIBUTE3,ATTRIBUTE4,ATTRIBUTE5,ATTRIBUTE6,ATTRIBUTE7,ATTRIBUTE8,INPUTUSER,INPUTORG,INPUTTIME,UPDATEUSER,UPDATETIME,REMARK,HELPTEXT) VALUES ('家庭年收入','020','(30000 , 60000]',null,'020','1',null,null,null,null,null,null,null,null,null,null,null,null,null,null,'system','2009/07/29 16:06:23',null,null);
INSERT INTO CODE_LIBRARY (CODENO,ITEMNO,ITEMNAME,BANKNO,SORTNO,ISINUSE,ITEMDESCRIBE,ITEMATTRIBUTE,RELATIVECODE,ATTRIBUTE1,ATTRIBUTE2,ATTRIBUTE3,ATTRIBUTE4,ATTRIBUTE5,ATTRIBUTE6,ATTRIBUTE7,ATTRIBUTE8,INPUTUSER,INPUTORG,INPUTTIME,UPDATEUSER,UPDATETIME,REMARK,HELPTEXT) VALUES ('家庭年收入','030','(60000, 250000]',null,'030','1',null,null,null,null,null,null,null,null,null,null,null,null,null,null,'system','2009/07/29 16:06:23',null,null);
INSERT INTO CODE_LIBRARY (CODENO,ITEMNO,ITEMNAME,BANKNO,SORTNO,ISINUSE,ITEMDESCRIBE,ITEMATTRIBUTE,RELATIVECODE,ATTRIBUTE1,ATTRIBUTE2,ATTRIBUTE3,ATTRIBUTE4,ATTRIBUTE5,ATTRIBUTE6,ATTRIBUTE7,ATTRIBUTE8,INPUTUSER,INPUTORG,INPUTTIME,UPDATEUSER,UPDATETIME,REMARK,HELPTEXT) VALUES ('家庭年收入','040','(250000, ]',null,'040','1',null,null,null,null,null,null,null,null,null,null,null,null,null,null,'system','2009/07/29 16:06:21',null,null);

--delete FROM code_catalog where CodeNo='种养殖面积';
--delete FROM code_library where CodeNo='种养殖面积';
INSERT INTO CODE_CATALOG (CODENO,SORTNO,CODETYPEONE,CODETYPETWO,CODENAME,CODEDESCRIBE,CODEATTRIBUTE,INPUTUSER,INPUTORG,INPUTTIME,UPDATEUSER,UPDATETIME,REMARK) VALUES ('种养殖面积',null,'1.客户管理','信用等级评估','种养殖面积',null,null,'system','9900','2009/07/29 15:51:13','system','2009/07/29 15:51:16',null);
INSERT INTO CODE_LIBRARY (CODENO,ITEMNO,ITEMNAME,BANKNO,SORTNO,ISINUSE,ITEMDESCRIBE,ITEMATTRIBUTE,RELATIVECODE,ATTRIBUTE1,ATTRIBUTE2,ATTRIBUTE3,ATTRIBUTE4,ATTRIBUTE5,ATTRIBUTE6,ATTRIBUTE7,ATTRIBUTE8,INPUTUSER,INPUTORG,INPUTTIME,UPDATEUSER,UPDATETIME,REMARK,HELPTEXT) VALUES ('种养殖面积','010','=0',null,'010','1',null,null,null,null,null,null,null,null,null,null,null,null,null,null,'system','2009/07/29 16:06:21',null,null);
INSERT INTO CODE_LIBRARY (CODENO,ITEMNO,ITEMNAME,BANKNO,SORTNO,ISINUSE,ITEMDESCRIBE,ITEMATTRIBUTE,RELATIVECODE,ATTRIBUTE1,ATTRIBUTE2,ATTRIBUTE3,ATTRIBUTE4,ATTRIBUTE5,ATTRIBUTE6,ATTRIBUTE7,ATTRIBUTE8,INPUTUSER,INPUTORG,INPUTTIME,UPDATEUSER,UPDATETIME,REMARK,HELPTEXT) VALUES ('种养殖面积','020','(0, 50]',null,'020','1',null,null,null,null,null,null,null,null,null,null,null,null,null,null,'system','2009/07/29 16:06:23',null,null);
INSERT INTO CODE_LIBRARY (CODENO,ITEMNO,ITEMNAME,BANKNO,SORTNO,ISINUSE,ITEMDESCRIBE,ITEMATTRIBUTE,RELATIVECODE,ATTRIBUTE1,ATTRIBUTE2,ATTRIBUTE3,ATTRIBUTE4,ATTRIBUTE5,ATTRIBUTE6,ATTRIBUTE7,ATTRIBUTE8,INPUTUSER,INPUTORG,INPUTTIME,UPDATEUSER,UPDATETIME,REMARK,HELPTEXT) VALUES ('种养殖面积','030','(50, 400]',null,'030','1',null,null,null,null,null,null,null,null,null,null,null,null,null,null,'system','2009/07/29 16:06:23',null,null);
INSERT INTO CODE_LIBRARY (CODENO,ITEMNO,ITEMNAME,BANKNO,SORTNO,ISINUSE,ITEMDESCRIBE,ITEMATTRIBUTE,RELATIVECODE,ATTRIBUTE1,ATTRIBUTE2,ATTRIBUTE3,ATTRIBUTE4,ATTRIBUTE5,ATTRIBUTE6,ATTRIBUTE7,ATTRIBUTE8,INPUTUSER,INPUTORG,INPUTTIME,UPDATEUSER,UPDATETIME,REMARK,HELPTEXT) VALUES ('种养殖面积','040','(400, )',null,'040','1',null,null,null,null,null,null,null,null,null,null,null,null,null,null,'system','2009/07/29 16:06:21',null,null);

--delete FROM code_catalog where CodeNo='行业_514';
--delete FROM code_library where CodeNo='行业_514';
INSERT INTO CODE_CATALOG (CODENO,SORTNO,CODETYPEONE,CODETYPETWO,CODENAME,CODEDESCRIBE,CODEATTRIBUTE,INPUTUSER,INPUTORG,INPUTTIME,UPDATEUSER,UPDATETIME,REMARK) VALUES ('行业_514',null,'1.客户管理','信用等级评估','行业_514',null,null,'system','9900','2009/07/29 15:51:13','system','2009/07/29 15:51:16',null);
INSERT INTO CODE_LIBRARY (CODENO,ITEMNO,ITEMNAME,BANKNO,SORTNO,ISINUSE,ITEMDESCRIBE,ITEMATTRIBUTE,RELATIVECODE,ATTRIBUTE1,ATTRIBUTE2,ATTRIBUTE3,ATTRIBUTE4,ATTRIBUTE5,ATTRIBUTE6,ATTRIBUTE7,ATTRIBUTE8,INPUTUSER,INPUTORG,INPUTTIME,UPDATEUSER,UPDATETIME,REMARK,HELPTEXT) VALUES ('行业_514','010','M科学研究和技术服务业； S公共管理、社会保障和社会组织；J 金融业；P 教育;Q 卫生和社会工作;T 国际组织',null,'010','1',null,null,null,null,null,null,null,null,null,null,null,null,null,null,'system','2009/07/29 16:06:21',null,null);
INSERT INTO CODE_LIBRARY (CODENO,ITEMNO,ITEMNAME,BANKNO,SORTNO,ISINUSE,ITEMDESCRIBE,ITEMATTRIBUTE,RELATIVECODE,ATTRIBUTE1,ATTRIBUTE2,ATTRIBUTE3,ATTRIBUTE4,ATTRIBUTE5,ATTRIBUTE6,ATTRIBUTE7,ATTRIBUTE8,INPUTUSER,INPUTORG,INPUTTIME,UPDATEUSER,UPDATETIME,REMARK,HELPTEXT) VALUES ('行业_514','020','I 信息传输、软件和信息技术服务业；N 水利、环境和公共设施管理业',null,'020','1',null,null,null,null,null,null,null,null,null,null,null,null,null,null,'system','2009/07/29 16:06:23',null,null);
INSERT INTO CODE_LIBRARY (CODENO,ITEMNO,ITEMNAME,BANKNO,SORTNO,ISINUSE,ITEMDESCRIBE,ITEMATTRIBUTE,RELATIVECODE,ATTRIBUTE1,ATTRIBUTE2,ATTRIBUTE3,ATTRIBUTE4,ATTRIBUTE5,ATTRIBUTE6,ATTRIBUTE7,ATTRIBUTE8,INPUTUSER,INPUTORG,INPUTTIME,UPDATEUSER,UPDATETIME,REMARK,HELPTEXT) VALUES ('行业_514','030','C 制造业；G 交通运输、仓储和邮政业；L 租赁和商务服务业；R 文化、体育和娱乐业；O 居民服务、修理和其他服务业；D电力、热力、燃气及水生产和供应业；',null,'030','1',null,null,null,null,null,null,null,null,null,null,null,null,null,null,'system','2009/07/29 16:06:23',null,null);
INSERT INTO CODE_LIBRARY (CODENO,ITEMNO,ITEMNAME,BANKNO,SORTNO,ISINUSE,ITEMDESCRIBE,ITEMATTRIBUTE,RELATIVECODE,ATTRIBUTE1,ATTRIBUTE2,ATTRIBUTE3,ATTRIBUTE4,ATTRIBUTE5,ATTRIBUTE6,ATTRIBUTE7,ATTRIBUTE8,INPUTUSER,INPUTORG,INPUTTIME,UPDATEUSER,UPDATETIME,REMARK,HELPTEXT) VALUES ('行业_514','040','K 房地产业；H 住宿和餐饮业',null,'040','1',null,null,null,null,null,null,null,null,null,null,null,null,null,null,'system','2009/07/29 16:06:21',null,null);
INSERT INTO CODE_LIBRARY (CODENO,ITEMNO,ITEMNAME,BANKNO,SORTNO,ISINUSE,ITEMDESCRIBE,ITEMATTRIBUTE,RELATIVECODE,ATTRIBUTE1,ATTRIBUTE2,ATTRIBUTE3,ATTRIBUTE4,ATTRIBUTE5,ATTRIBUTE6,ATTRIBUTE7,ATTRIBUTE8,INPUTUSER,INPUTORG,INPUTTIME,UPDATEUSER,UPDATETIME,REMARK,HELPTEXT) VALUES ('行业_514','050','E 建筑业；F 批发和零售业',null,'050','1',null,null,null,null,null,null,null,null,null,null,null,null,null,null,'system','2009/07/29 16:06:23',null,null);
INSERT INTO CODE_LIBRARY (CODENO,ITEMNO,ITEMNAME,BANKNO,SORTNO,ISINUSE,ITEMDESCRIBE,ITEMATTRIBUTE,RELATIVECODE,ATTRIBUTE1,ATTRIBUTE2,ATTRIBUTE3,ATTRIBUTE4,ATTRIBUTE5,ATTRIBUTE6,ATTRIBUTE7,ATTRIBUTE8,INPUTUSER,INPUTORG,INPUTTIME,UPDATEUSER,UPDATETIME,REMARK,HELPTEXT) VALUES ('行业_514','060','A 农、林、牧、渔业；B 采矿业',null,'060','1',null,null,null,null,null,null,null,null,null,null,null,null,null,null,'system','2009/07/29 16:06:23',null,null);

--delete FROM code_catalog where CodeNo='申请人年龄';
--delete FROM code_library where CodeNo='申请人年龄';
INSERT INTO CODE_CATALOG (CODENO,SORTNO,CODETYPEONE,CODETYPETWO,CODENAME,CODEDESCRIBE,CODEATTRIBUTE,INPUTUSER,INPUTORG,INPUTTIME,UPDATEUSER,UPDATETIME,REMARK) VALUES ('申请人年龄',null,'1.客户管理','信用等级评估','申请人年龄',null,null,'system','9900','2009/07/29 15:51:13','system','2009/07/29 15:51:16',null);
INSERT INTO CODE_LIBRARY (CODENO,ITEMNO,ITEMNAME,BANKNO,SORTNO,ISINUSE,ITEMDESCRIBE,ITEMATTRIBUTE,RELATIVECODE,ATTRIBUTE1,ATTRIBUTE2,ATTRIBUTE3,ATTRIBUTE4,ATTRIBUTE5,ATTRIBUTE6,ATTRIBUTE7,ATTRIBUTE8,INPUTUSER,INPUTORG,INPUTTIME,UPDATEUSER,UPDATETIME,REMARK,HELPTEXT) VALUES ('申请人年龄','010','< 33',null,'010','1',null,null,null,null,null,null,null,null,null,null,null,null,null,null,'system','2009/07/29 16:06:21',null,null);
INSERT INTO CODE_LIBRARY (CODENO,ITEMNO,ITEMNAME,BANKNO,SORTNO,ISINUSE,ITEMDESCRIBE,ITEMATTRIBUTE,RELATIVECODE,ATTRIBUTE1,ATTRIBUTE2,ATTRIBUTE3,ATTRIBUTE4,ATTRIBUTE5,ATTRIBUTE6,ATTRIBUTE7,ATTRIBUTE8,INPUTUSER,INPUTORG,INPUTTIME,UPDATEUSER,UPDATETIME,REMARK,HELPTEXT) VALUES ('申请人年龄','020','33 -< 45',null,'020','1',null,null,null,null,null,null,null,null,null,null,null,null,null,null,'system','2009/07/29 16:06:23',null,null);
INSERT INTO CODE_LIBRARY (CODENO,ITEMNO,ITEMNAME,BANKNO,SORTNO,ISINUSE,ITEMDESCRIBE,ITEMATTRIBUTE,RELATIVECODE,ATTRIBUTE1,ATTRIBUTE2,ATTRIBUTE3,ATTRIBUTE4,ATTRIBUTE5,ATTRIBUTE6,ATTRIBUTE7,ATTRIBUTE8,INPUTUSER,INPUTORG,INPUTTIME,UPDATEUSER,UPDATETIME,REMARK,HELPTEXT) VALUES ('申请人年龄','030','45 -< 55',null,'030','1',null,null,null,null,null,null,null,null,null,null,null,null,null,null,'system','2009/07/29 16:06:23',null,null);
INSERT INTO CODE_LIBRARY (CODENO,ITEMNO,ITEMNAME,BANKNO,SORTNO,ISINUSE,ITEMDESCRIBE,ITEMATTRIBUTE,RELATIVECODE,ATTRIBUTE1,ATTRIBUTE2,ATTRIBUTE3,ATTRIBUTE4,ATTRIBUTE5,ATTRIBUTE6,ATTRIBUTE7,ATTRIBUTE8,INPUTUSER,INPUTORG,INPUTTIME,UPDATEUSER,UPDATETIME,REMARK,HELPTEXT) VALUES ('申请人年龄','040','55 -< High',null,'040','1',null,null,null,null,null,null,null,null,null,null,null,null,null,null,'system','2009/07/29 16:06:21',null,null);

--delete FROM code_catalog where CodeNo='教育水平_514';
--delete FROM code_library where CodeNo='教育水平_514';
INSERT INTO CODE_CATALOG (CODENO,SORTNO,CODETYPEONE,CODETYPETWO,CODENAME,CODEDESCRIBE,CODEATTRIBUTE,INPUTUSER,INPUTORG,INPUTTIME,UPDATEUSER,UPDATETIME,REMARK) VALUES ('教育水平_514',null,'1.客户管理','信用等级评估','教育水平_514',null,null,'system','9900','2009/07/29 15:51:13','system','2009/07/29 15:51:16',null);
INSERT INTO CODE_LIBRARY (CODENO,ITEMNO,ITEMNAME,BANKNO,SORTNO,ISINUSE,ITEMDESCRIBE,ITEMATTRIBUTE,RELATIVECODE,ATTRIBUTE1,ATTRIBUTE2,ATTRIBUTE3,ATTRIBUTE4,ATTRIBUTE5,ATTRIBUTE6,ATTRIBUTE7,ATTRIBUTE8,INPUTUSER,INPUTORG,INPUTTIME,UPDATEUSER,UPDATETIME,REMARK,HELPTEXT) VALUES ('教育水平_514','010','研究生及以上 ',null,'010','1',null,null,null,null,null,null,null,null,null,null,null,null,null,null,'system','2009/07/29 16:06:21',null,null);
INSERT INTO CODE_LIBRARY (CODENO,ITEMNO,ITEMNAME,BANKNO,SORTNO,ISINUSE,ITEMDESCRIBE,ITEMATTRIBUTE,RELATIVECODE,ATTRIBUTE1,ATTRIBUTE2,ATTRIBUTE3,ATTRIBUTE4,ATTRIBUTE5,ATTRIBUTE6,ATTRIBUTE7,ATTRIBUTE8,INPUTUSER,INPUTORG,INPUTTIME,UPDATEUSER,UPDATETIME,REMARK,HELPTEXT) VALUES ('教育水平_514','020','大学本科',null,'020','1',null,null,null,null,null,null,null,null,null,null,null,null,null,null,'system','2009/07/29 16:06:23',null,null);
INSERT INTO CODE_LIBRARY (CODENO,ITEMNO,ITEMNAME,BANKNO,SORTNO,ISINUSE,ITEMDESCRIBE,ITEMATTRIBUTE,RELATIVECODE,ATTRIBUTE1,ATTRIBUTE2,ATTRIBUTE3,ATTRIBUTE4,ATTRIBUTE5,ATTRIBUTE6,ATTRIBUTE7,ATTRIBUTE8,INPUTUSER,INPUTORG,INPUTTIME,UPDATEUSER,UPDATETIME,REMARK,HELPTEXT) VALUES ('教育水平_514','030','大学专科和专科院校',null,'030','1',null,null,null,null,null,null,null,null,null,null,null,null,null,null,'system','2009/07/29 16:06:23',null,null);
INSERT INTO CODE_LIBRARY (CODENO,ITEMNO,ITEMNAME,BANKNO,SORTNO,ISINUSE,ITEMDESCRIBE,ITEMATTRIBUTE,RELATIVECODE,ATTRIBUTE1,ATTRIBUTE2,ATTRIBUTE3,ATTRIBUTE4,ATTRIBUTE5,ATTRIBUTE6,ATTRIBUTE7,ATTRIBUTE8,INPUTUSER,INPUTORG,INPUTTIME,UPDATEUSER,UPDATETIME,REMARK,HELPTEXT) VALUES ('教育水平_514','040','中等专业学校或中等技术学校',null,'040','1',null,null,null,null,null,null,null,null,null,null,null,null,null,null,'system','2009/07/29 16:06:21',null,null);
INSERT INTO CODE_LIBRARY (CODENO,ITEMNO,ITEMNAME,BANKNO,SORTNO,ISINUSE,ITEMDESCRIBE,ITEMATTRIBUTE,RELATIVECODE,ATTRIBUTE1,ATTRIBUTE2,ATTRIBUTE3,ATTRIBUTE4,ATTRIBUTE5,ATTRIBUTE6,ATTRIBUTE7,ATTRIBUTE8,INPUTUSER,INPUTORG,INPUTTIME,UPDATEUSER,UPDATETIME,REMARK,HELPTEXT) VALUES ('教育水平_514','050','技术学校',null,'050','1',null,null,null,null,null,null,null,null,null,null,null,null,null,null,'system','2009/07/29 16:06:23',null,null);
INSERT INTO CODE_LIBRARY (CODENO,ITEMNO,ITEMNAME,BANKNO,SORTNO,ISINUSE,ITEMDESCRIBE,ITEMATTRIBUTE,RELATIVECODE,ATTRIBUTE1,ATTRIBUTE2,ATTRIBUTE3,ATTRIBUTE4,ATTRIBUTE5,ATTRIBUTE6,ATTRIBUTE7,ATTRIBUTE8,INPUTUSER,INPUTORG,INPUTTIME,UPDATEUSER,UPDATETIME,REMARK,HELPTEXT) VALUES ('教育水平_514','060','高中及以下',null,'060','1',null,null,null,null,null,null,null,null,null,null,null,null,null,null,'system','2009/07/29 16:06:23',null,null);
INSERT INTO CODE_LIBRARY (CODENO,ITEMNO,ITEMNAME,BANKNO,SORTNO,ISINUSE,ITEMDESCRIBE,ITEMATTRIBUTE,RELATIVECODE,ATTRIBUTE1,ATTRIBUTE2,ATTRIBUTE3,ATTRIBUTE4,ATTRIBUTE5,ATTRIBUTE6,ATTRIBUTE7,ATTRIBUTE8,INPUTUSER,INPUTORG,INPUTTIME,UPDATEUSER,UPDATETIME,REMARK,HELPTEXT) VALUES ('教育水平_514','070','无回应',null,'070','1',null,null,null,null,null,null,null,null,null,null,null,null,null,null,'system','2009/07/29 16:06:23',null,null);

--delete FROM code_catalog where CodeNo='贷款金额';
--delete FROM code_library where CodeNo='贷款金额';
INSERT INTO CODE_CATALOG (CODENO,SORTNO,CODETYPEONE,CODETYPETWO,CODENAME,CODEDESCRIBE,CODEATTRIBUTE,INPUTUSER,INPUTORG,INPUTTIME,UPDATEUSER,UPDATETIME,REMARK) VALUES ('贷款金额',null,'1.客户管理','信用等级评估','贷款金额',null,null,'system','9900','2009/07/29 15:51:13','system','2009/07/29 15:51:16',null);
INSERT INTO CODE_LIBRARY (CODENO,ITEMNO,ITEMNAME,BANKNO,SORTNO,ISINUSE,ITEMDESCRIBE,ITEMATTRIBUTE,RELATIVECODE,ATTRIBUTE1,ATTRIBUTE2,ATTRIBUTE3,ATTRIBUTE4,ATTRIBUTE5,ATTRIBUTE6,ATTRIBUTE7,ATTRIBUTE8,INPUTUSER,INPUTORG,INPUTTIME,UPDATEUSER,UPDATETIME,REMARK,HELPTEXT) VALUES ('贷款金额','010','<=200000 ',null,'010','1',null,null,null,null,null,null,null,null,null,null,null,null,null,null,'system','2009/07/29 16:06:21',null,null);
INSERT INTO CODE_LIBRARY (CODENO,ITEMNO,ITEMNAME,BANKNO,SORTNO,ISINUSE,ITEMDESCRIBE,ITEMATTRIBUTE,RELATIVECODE,ATTRIBUTE1,ATTRIBUTE2,ATTRIBUTE3,ATTRIBUTE4,ATTRIBUTE5,ATTRIBUTE6,ATTRIBUTE7,ATTRIBUTE8,INPUTUSER,INPUTORG,INPUTTIME,UPDATEUSER,UPDATETIME,REMARK,HELPTEXT) VALUES ('贷款金额','020','>200000 & <=300000',null,'020','1',null,null,null,null,null,null,null,null,null,null,null,null,null,null,'system','2009/07/29 16:06:23',null,null);
INSERT INTO CODE_LIBRARY (CODENO,ITEMNO,ITEMNAME,BANKNO,SORTNO,ISINUSE,ITEMDESCRIBE,ITEMATTRIBUTE,RELATIVECODE,ATTRIBUTE1,ATTRIBUTE2,ATTRIBUTE3,ATTRIBUTE4,ATTRIBUTE5,ATTRIBUTE6,ATTRIBUTE7,ATTRIBUTE8,INPUTUSER,INPUTORG,INPUTTIME,UPDATEUSER,UPDATETIME,REMARK,HELPTEXT) VALUES ('贷款金额','030','>300000 &<=400000',null,'030','1',null,null,null,null,null,null,null,null,null,null,null,null,null,null,'system','2009/07/29 16:06:23',null,null);
INSERT INTO CODE_LIBRARY (CODENO,ITEMNO,ITEMNAME,BANKNO,SORTNO,ISINUSE,ITEMDESCRIBE,ITEMATTRIBUTE,RELATIVECODE,ATTRIBUTE1,ATTRIBUTE2,ATTRIBUTE3,ATTRIBUTE4,ATTRIBUTE5,ATTRIBUTE6,ATTRIBUTE7,ATTRIBUTE8,INPUTUSER,INPUTORG,INPUTTIME,UPDATEUSER,UPDATETIME,REMARK,HELPTEXT) VALUES ('贷款金额','040','>400000 &<=650000',null,'040','1',null,null,null,null,null,null,null,null,null,null,null,null,null,null,'system','2009/07/29 16:06:21',null,null);
INSERT INTO CODE_LIBRARY (CODENO,ITEMNO,ITEMNAME,BANKNO,SORTNO,ISINUSE,ITEMDESCRIBE,ITEMATTRIBUTE,RELATIVECODE,ATTRIBUTE1,ATTRIBUTE2,ATTRIBUTE3,ATTRIBUTE4,ATTRIBUTE5,ATTRIBUTE6,ATTRIBUTE7,ATTRIBUTE8,INPUTUSER,INPUTORG,INPUTTIME,UPDATEUSER,UPDATETIME,REMARK,HELPTEXT) VALUES ('贷款金额','050','>650000 &<=1000000',null,'050','1',null,null,null,null,null,null,null,null,null,null,null,null,null,null,'system','2009/07/29 16:06:23',null,null);
INSERT INTO CODE_LIBRARY (CODENO,ITEMNO,ITEMNAME,BANKNO,SORTNO,ISINUSE,ITEMDESCRIBE,ITEMATTRIBUTE,RELATIVECODE,ATTRIBUTE1,ATTRIBUTE2,ATTRIBUTE3,ATTRIBUTE4,ATTRIBUTE5,ATTRIBUTE6,ATTRIBUTE7,ATTRIBUTE8,INPUTUSER,INPUTORG,INPUTTIME,UPDATEUSER,UPDATETIME,REMARK,HELPTEXT) VALUES ('贷款金额','060','>1000000',null,'060','1',null,null,null,null,null,null,null,null,null,null,null,null,null,null,'system','2009/07/29 16:06:23',null,null);

--delete FROM code_catalog where CodeNo='平均每月总偿付额';
--delete FROM code_library where CodeNo='平均每月总偿付额';
INSERT INTO CODE_CATALOG (CODENO,SORTNO,CODETYPEONE,CODETYPETWO,CODENAME,CODEDESCRIBE,CODEATTRIBUTE,INPUTUSER,INPUTORG,INPUTTIME,UPDATEUSER,UPDATETIME,REMARK) VALUES ('平均每月总偿付额',null,'1.客户管理','信用等级评估','平均每月总偿付额',null,null,'system','9900','2009/07/29 15:51:13','system','2009/07/29 15:51:16',null);
INSERT INTO CODE_LIBRARY (CODENO,ITEMNO,ITEMNAME,BANKNO,SORTNO,ISINUSE,ITEMDESCRIBE,ITEMATTRIBUTE,RELATIVECODE,ATTRIBUTE1,ATTRIBUTE2,ATTRIBUTE3,ATTRIBUTE4,ATTRIBUTE5,ATTRIBUTE6,ATTRIBUTE7,ATTRIBUTE8,INPUTUSER,INPUTORG,INPUTTIME,UPDATEUSER,UPDATETIME,REMARK,HELPTEXT) VALUES ('平均每月总偿付额','010','<=10000 ',null,'010','1',null,null,null,null,null,null,null,null,null,null,null,null,null,null,'system','2009/07/29 16:06:21',null,null);
INSERT INTO CODE_LIBRARY (CODENO,ITEMNO,ITEMNAME,BANKNO,SORTNO,ISINUSE,ITEMDESCRIBE,ITEMATTRIBUTE,RELATIVECODE,ATTRIBUTE1,ATTRIBUTE2,ATTRIBUTE3,ATTRIBUTE4,ATTRIBUTE5,ATTRIBUTE6,ATTRIBUTE7,ATTRIBUTE8,INPUTUSER,INPUTORG,INPUTTIME,UPDATEUSER,UPDATETIME,REMARK,HELPTEXT) VALUES ('平均每月总偿付额','020','>10000&<=30000',null,'020','1',null,null,null,null,null,null,null,null,null,null,null,null,null,null,'system','2009/07/29 16:06:23',null,null);
INSERT INTO CODE_LIBRARY (CODENO,ITEMNO,ITEMNAME,BANKNO,SORTNO,ISINUSE,ITEMDESCRIBE,ITEMATTRIBUTE,RELATIVECODE,ATTRIBUTE1,ATTRIBUTE2,ATTRIBUTE3,ATTRIBUTE4,ATTRIBUTE5,ATTRIBUTE6,ATTRIBUTE7,ATTRIBUTE8,INPUTUSER,INPUTORG,INPUTTIME,UPDATEUSER,UPDATETIME,REMARK,HELPTEXT) VALUES ('平均每月总偿付额','030','>30000&<=40000',null,'030','1',null,null,null,null,null,null,null,null,null,null,null,null,null,null,'system','2009/07/29 16:06:23',null,null);
INSERT INTO CODE_LIBRARY (CODENO,ITEMNO,ITEMNAME,BANKNO,SORTNO,ISINUSE,ITEMDESCRIBE,ITEMATTRIBUTE,RELATIVECODE,ATTRIBUTE1,ATTRIBUTE2,ATTRIBUTE3,ATTRIBUTE4,ATTRIBUTE5,ATTRIBUTE6,ATTRIBUTE7,ATTRIBUTE8,INPUTUSER,INPUTORG,INPUTTIME,UPDATEUSER,UPDATETIME,REMARK,HELPTEXT) VALUES ('平均每月总偿付额','040','>40000&<=80000',null,'040','1',null,null,null,null,null,null,null,null,null,null,null,null,null,null,'system','2009/07/29 16:06:21',null,null);
INSERT INTO CODE_LIBRARY (CODENO,ITEMNO,ITEMNAME,BANKNO,SORTNO,ISINUSE,ITEMDESCRIBE,ITEMATTRIBUTE,RELATIVECODE,ATTRIBUTE1,ATTRIBUTE2,ATTRIBUTE3,ATTRIBUTE4,ATTRIBUTE5,ATTRIBUTE6,ATTRIBUTE7,ATTRIBUTE8,INPUTUSER,INPUTORG,INPUTTIME,UPDATEUSER,UPDATETIME,REMARK,HELPTEXT) VALUES ('平均每月总偿付额','050','>800000',null,'050','1',null,null,null,null,null,null,null,null,null,null,null,null,null,null,'system','2009/07/29 16:06:23',null,null);

--delete FROM code_catalog where CodeNo='年净利润';
--delete FROM code_library where CodeNo='年净利润';
INSERT INTO CODE_CATALOG (CODENO,SORTNO,CODETYPEONE,CODETYPETWO,CODENAME,CODEDESCRIBE,CODEATTRIBUTE,INPUTUSER,INPUTORG,INPUTTIME,UPDATEUSER,UPDATETIME,REMARK) VALUES ('年净利润',null,'1.客户管理','信用等级评估','年净利润',null,null,'system','9900','2009/07/29 15:51:13','system','2009/07/29 15:51:16',null);
INSERT INTO CODE_LIBRARY (CODENO,ITEMNO,ITEMNAME,BANKNO,SORTNO,ISINUSE,ITEMDESCRIBE,ITEMATTRIBUTE,RELATIVECODE,ATTRIBUTE1,ATTRIBUTE2,ATTRIBUTE3,ATTRIBUTE4,ATTRIBUTE5,ATTRIBUTE6,ATTRIBUTE7,ATTRIBUTE8,INPUTUSER,INPUTORG,INPUTTIME,UPDATEUSER,UPDATETIME,REMARK,HELPTEXT) VALUES ('年净利润','010','>300000 ',null,'010','1',null,null,null,null,null,null,null,null,null,null,null,null,null,null,'system','2009/07/29 16:06:21',null,null);
INSERT INTO CODE_LIBRARY (CODENO,ITEMNO,ITEMNAME,BANKNO,SORTNO,ISINUSE,ITEMDESCRIBE,ITEMATTRIBUTE,RELATIVECODE,ATTRIBUTE1,ATTRIBUTE2,ATTRIBUTE3,ATTRIBUTE4,ATTRIBUTE5,ATTRIBUTE6,ATTRIBUTE7,ATTRIBUTE8,INPUTUSER,INPUTORG,INPUTTIME,UPDATEUSER,UPDATETIME,REMARK,HELPTEXT) VALUES ('年净利润','020','>150000&<=300000',null,'020','1',null,null,null,null,null,null,null,null,null,null,null,null,null,null,'system','2009/07/29 16:06:23',null,null);
INSERT INTO CODE_LIBRARY (CODENO,ITEMNO,ITEMNAME,BANKNO,SORTNO,ISINUSE,ITEMDESCRIBE,ITEMATTRIBUTE,RELATIVECODE,ATTRIBUTE1,ATTRIBUTE2,ATTRIBUTE3,ATTRIBUTE4,ATTRIBUTE5,ATTRIBUTE6,ATTRIBUTE7,ATTRIBUTE8,INPUTUSER,INPUTORG,INPUTTIME,UPDATEUSER,UPDATETIME,REMARK,HELPTEXT) VALUES ('年净利润','030','>50000&<=150000',null,'030','1',null,null,null,null,null,null,null,null,null,null,null,null,null,null,'system','2009/07/29 16:06:23',null,null);
INSERT INTO CODE_LIBRARY (CODENO,ITEMNO,ITEMNAME,BANKNO,SORTNO,ISINUSE,ITEMDESCRIBE,ITEMATTRIBUTE,RELATIVECODE,ATTRIBUTE1,ATTRIBUTE2,ATTRIBUTE3,ATTRIBUTE4,ATTRIBUTE5,ATTRIBUTE6,ATTRIBUTE7,ATTRIBUTE8,INPUTUSER,INPUTORG,INPUTTIME,UPDATEUSER,UPDATETIME,REMARK,HELPTEXT) VALUES ('年净利润','040','<=50000',null,'040','1',null,null,null,null,null,null,null,null,null,null,null,null,null,null,'system','2009/07/29 16:06:21',null,null);


--delete FROM code_catalog where CodeNo='经营场地所有权（自有/租赁）';
--delete FROM code_library where CodeNo='经营场地所有权（自有/租赁）';
INSERT INTO CODE_CATALOG (CODENO,SORTNO,CODETYPEONE,CODETYPETWO,CODENAME,CODEDESCRIBE,CODEATTRIBUTE,INPUTUSER,INPUTORG,INPUTTIME,UPDATEUSER,UPDATETIME,REMARK) VALUES ('经营场地所有权（自有/租赁）',null,'1.客户管理','信用等级评估','经营场地所有权（自有/租赁）',null,null,'system','9900','2009/07/29 15:51:13','system','2009/07/29 15:51:16',null);
INSERT INTO CODE_LIBRARY (CODENO,ITEMNO,ITEMNAME,BANKNO,SORTNO,ISINUSE,ITEMDESCRIBE,ITEMATTRIBUTE,RELATIVECODE,ATTRIBUTE1,ATTRIBUTE2,ATTRIBUTE3,ATTRIBUTE4,ATTRIBUTE5,ATTRIBUTE6,ATTRIBUTE7,ATTRIBUTE8,INPUTUSER,INPUTORG,INPUTTIME,UPDATEUSER,UPDATETIME,REMARK,HELPTEXT) VALUES ('经营场地所有权（自有/租赁）','010','自有 ',null,'010','1',null,null,null,null,null,null,null,null,null,null,null,null,null,null,'system','2009/07/29 16:06:21',null,null);
INSERT INTO CODE_LIBRARY (CODENO,ITEMNO,ITEMNAME,BANKNO,SORTNO,ISINUSE,ITEMDESCRIBE,ITEMATTRIBUTE,RELATIVECODE,ATTRIBUTE1,ATTRIBUTE2,ATTRIBUTE3,ATTRIBUTE4,ATTRIBUTE5,ATTRIBUTE6,ATTRIBUTE7,ATTRIBUTE8,INPUTUSER,INPUTORG,INPUTTIME,UPDATEUSER,UPDATETIME,REMARK,HELPTEXT) VALUES ('经营场地所有权（自有/租赁）','020','租赁',null,'020','1',null,null,null,null,null,null,null,null,null,null,null,null,null,null,'system','2009/07/29 16:06:23',null,null);
INSERT INTO CODE_LIBRARY (CODENO,ITEMNO,ITEMNAME,BANKNO,SORTNO,ISINUSE,ITEMDESCRIBE,ITEMATTRIBUTE,RELATIVECODE,ATTRIBUTE1,ATTRIBUTE2,ATTRIBUTE3,ATTRIBUTE4,ATTRIBUTE5,ATTRIBUTE6,ATTRIBUTE7,ATTRIBUTE8,INPUTUSER,INPUTORG,INPUTTIME,UPDATEUSER,UPDATETIME,REMARK,HELPTEXT) VALUES ('经营场地所有权（自有/租赁）','030','无经营场所',null,'030','1',null,null,null,null,null,null,null,null,null,null,null,null,null,null,'system','2009/07/29 16:06:23',null,null);

--delete FROM code_catalog where CodeNo='经营收入（年）';
--delete FROM code_library where CodeNo='经营收入（年）';
INSERT INTO CODE_CATALOG (CODENO,SORTNO,CODETYPEONE,CODETYPETWO,CODENAME,CODEDESCRIBE,CODEATTRIBUTE,INPUTUSER,INPUTORG,INPUTTIME,UPDATEUSER,UPDATETIME,REMARK) VALUES ('经营收入（年）',null,'1.客户管理','信用等级评估','经营收入（年）',null,null,'system','9900','2009/07/29 15:51:13','system','2009/07/29 15:51:16',null);
INSERT INTO CODE_LIBRARY (CODENO,ITEMNO,ITEMNAME,BANKNO,SORTNO,ISINUSE,ITEMDESCRIBE,ITEMATTRIBUTE,RELATIVECODE,ATTRIBUTE1,ATTRIBUTE2,ATTRIBUTE3,ATTRIBUTE4,ATTRIBUTE5,ATTRIBUTE6,ATTRIBUTE7,ATTRIBUTE8,INPUTUSER,INPUTORG,INPUTTIME,UPDATEUSER,UPDATETIME,REMARK,HELPTEXT) VALUES ('经营收入（年）','010','>1000000 ',null,'010','1',null,null,null,null,null,null,null,null,null,null,null,null,null,null,'system','2009/07/29 16:06:21',null,null);
INSERT INTO CODE_LIBRARY (CODENO,ITEMNO,ITEMNAME,BANKNO,SORTNO,ISINUSE,ITEMDESCRIBE,ITEMATTRIBUTE,RELATIVECODE,ATTRIBUTE1,ATTRIBUTE2,ATTRIBUTE3,ATTRIBUTE4,ATTRIBUTE5,ATTRIBUTE6,ATTRIBUTE7,ATTRIBUTE8,INPUTUSER,INPUTORG,INPUTTIME,UPDATEUSER,UPDATETIME,REMARK,HELPTEXT) VALUES ('经营收入（年）','020','>500000&<=1000000',null,'020','1',null,null,null,null,null,null,null,null,null,null,null,null,null,null,'system','2009/07/29 16:06:23',null,null);
INSERT INTO CODE_LIBRARY (CODENO,ITEMNO,ITEMNAME,BANKNO,SORTNO,ISINUSE,ITEMDESCRIBE,ITEMATTRIBUTE,RELATIVECODE,ATTRIBUTE1,ATTRIBUTE2,ATTRIBUTE3,ATTRIBUTE4,ATTRIBUTE5,ATTRIBUTE6,ATTRIBUTE7,ATTRIBUTE8,INPUTUSER,INPUTORG,INPUTTIME,UPDATEUSER,UPDATETIME,REMARK,HELPTEXT) VALUES ('经营收入（年）','030','>150000&<=500000',null,'030','1',null,null,null,null,null,null,null,null,null,null,null,null,null,null,'system','2009/07/29 16:06:23',null,null);
INSERT INTO CODE_LIBRARY (CODENO,ITEMNO,ITEMNAME,BANKNO,SORTNO,ISINUSE,ITEMDESCRIBE,ITEMATTRIBUTE,RELATIVECODE,ATTRIBUTE1,ATTRIBUTE2,ATTRIBUTE3,ATTRIBUTE4,ATTRIBUTE5,ATTRIBUTE6,ATTRIBUTE7,ATTRIBUTE8,INPUTUSER,INPUTORG,INPUTTIME,UPDATEUSER,UPDATETIME,REMARK,HELPTEXT) VALUES ('经营收入（年）','040','<=150000',null,'040','1',null,null,null,null,null,null,null,null,null,null,null,null,null,null,'system','2009/07/29 16:06:21',null,null);


--delete FROM code_catalog where CodeNo='工商纳税记录及相关社会信息披露';
--delete FROM code_library where CodeNo='工商纳税记录及相关社会信息披露';
INSERT INTO CODE_CATALOG (CODENO,SORTNO,CODETYPEONE,CODETYPETWO,CODENAME,CODEDESCRIBE,CODEATTRIBUTE,INPUTUSER,INPUTORG,INPUTTIME,UPDATEUSER,UPDATETIME,REMARK) VALUES ('工商纳税记录及相关社会信息披露',null,'1.客户管理','信用等级评估','工商纳税记录及相关社会信息披露',null,null,'system','9900','2009/07/29 15:51:13','system','2009/07/29 15:51:16',null);
INSERT INTO CODE_LIBRARY (CODENO,ITEMNO,ITEMNAME,BANKNO,SORTNO,ISINUSE,ITEMDESCRIBE,ITEMATTRIBUTE,RELATIVECODE,ATTRIBUTE1,ATTRIBUTE2,ATTRIBUTE3,ATTRIBUTE4,ATTRIBUTE5,ATTRIBUTE6,ATTRIBUTE7,ATTRIBUTE8,INPUTUSER,INPUTORG,INPUTTIME,UPDATEUSER,UPDATETIME,REMARK,HELPTEXT) VALUES ('工商纳税记录及相关社会信息披露','010','按期办理工商、税务申报，无不良记录 ',null,'010','1',null,null,null,null,null,null,null,null,null,null,null,null,null,null,'system','2009/07/29 16:06:21',null,null);
INSERT INTO CODE_LIBRARY (CODENO,ITEMNO,ITEMNAME,BANKNO,SORTNO,ISINUSE,ITEMDESCRIBE,ITEMATTRIBUTE,RELATIVECODE,ATTRIBUTE1,ATTRIBUTE2,ATTRIBUTE3,ATTRIBUTE4,ATTRIBUTE5,ATTRIBUTE6,ATTRIBUTE7,ATTRIBUTE8,INPUTUSER,INPUTORG,INPUTTIME,UPDATEUSER,UPDATETIME,REMARK,HELPTEXT) VALUES ('工商纳税记录及相关社会信息披露','020','评级时点无拖欠工商税费现象，但过去1年内有拖欠记录',null,'020','1',null,null,null,null,null,null,null,null,null,null,null,null,null,null,'system','2009/07/29 16:06:23',null,null);
INSERT INTO CODE_LIBRARY (CODENO,ITEMNO,ITEMNAME,BANKNO,SORTNO,ISINUSE,ITEMDESCRIBE,ITEMATTRIBUTE,RELATIVECODE,ATTRIBUTE1,ATTRIBUTE2,ATTRIBUTE3,ATTRIBUTE4,ATTRIBUTE5,ATTRIBUTE6,ATTRIBUTE7,ATTRIBUTE8,INPUTUSER,INPUTORG,INPUTTIME,UPDATEUSER,UPDATETIME,REMARK,HELPTEXT) VALUES ('工商纳税记录及相关社会信息披露','030','评级时点拖欠工商税费或陷入债务纠纷',null,'030','1',null,null,null,null,null,null,null,null,null,null,null,null,null,null,'system','2009/07/29 16:06:23',null,null);

--delete FROM code_catalog where CodeNo='企业生产经营场地所有权情况';
--delete FROM code_library where CodeNo='企业生产经营场地所有权情况';
INSERT INTO CODE_CATALOG (CODENO,SORTNO,CODETYPEONE,CODETYPETWO,CODENAME,CODEDESCRIBE,CODEATTRIBUTE,INPUTUSER,INPUTORG,INPUTTIME,UPDATEUSER,UPDATETIME,REMARK) VALUES ('企业生产经营场地所有权情况',null,'1.客户管理','信用等级评估','企业生产经营场地所有权情况',null,null,'system','9900','2009/07/29 15:51:13','system','2009/07/29 15:51:16',null);
INSERT INTO CODE_LIBRARY (CODENO,ITEMNO,ITEMNAME,BANKNO,SORTNO,ISINUSE,ITEMDESCRIBE,ITEMATTRIBUTE,RELATIVECODE,ATTRIBUTE1,ATTRIBUTE2,ATTRIBUTE3,ATTRIBUTE4,ATTRIBUTE5,ATTRIBUTE6,ATTRIBUTE7,ATTRIBUTE8,INPUTUSER,INPUTORG,INPUTTIME,UPDATEUSER,UPDATETIME,REMARK,HELPTEXT) VALUES ('企业生产经营场地所有权情况','010','企业或最大股东、实际控制人拥有经营场地的土地使用权和房屋所有权',null,'010','1',null,null,null,null,null,null,null,null,null,null,null,null,null,null,'system','2009/07/29 16:06:21',null,null);
INSERT INTO CODE_LIBRARY (CODENO,ITEMNO,ITEMNAME,BANKNO,SORTNO,ISINUSE,ITEMDESCRIBE,ITEMATTRIBUTE,RELATIVECODE,ATTRIBUTE1,ATTRIBUTE2,ATTRIBUTE3,ATTRIBUTE4,ATTRIBUTE5,ATTRIBUTE6,ATTRIBUTE7,ATTRIBUTE8,INPUTUSER,INPUTORG,INPUTTIME,UPDATEUSER,UPDATETIME,REMARK,HELPTEXT) VALUES ('企业生产经营场地所有权情况','020','经营场地为租赁且剩余期限5年（含）以上',null,'020','1',null,null,null,null,null,null,null,null,null,null,null,null,null,null,'system','2009/07/29 16:06:23',null,null);
INSERT INTO CODE_LIBRARY (CODENO,ITEMNO,ITEMNAME,BANKNO,SORTNO,ISINUSE,ITEMDESCRIBE,ITEMATTRIBUTE,RELATIVECODE,ATTRIBUTE1,ATTRIBUTE2,ATTRIBUTE3,ATTRIBUTE4,ATTRIBUTE5,ATTRIBUTE6,ATTRIBUTE7,ATTRIBUTE8,INPUTUSER,INPUTORG,INPUTTIME,UPDATEUSER,UPDATETIME,REMARK,HELPTEXT) VALUES ('企业生产经营场地所有权情况','030','经营场地为租赁且剩余期限5年（含）以下',null,'030','1',null,null,null,null,null,null,null,null,null,null,null,null,null,null,'system','2009/07/29 16:06:23',null,null);

--delete FROM code_catalog where CodeNo='行业成熟性';
--delete FROM code_library where CodeNo='行业成熟性';
INSERT INTO CODE_CATALOG (CODENO,SORTNO,CODETYPEONE,CODETYPETWO,CODENAME,CODEDESCRIBE,CODEATTRIBUTE,INPUTUSER,INPUTORG,INPUTTIME,UPDATEUSER,UPDATETIME,REMARK) VALUES ('行业成熟性',null,'1.客户管理','信用等级评估','行业成熟性',null,null,'system','9900','2009/07/29 15:51:13','system','2009/07/29 15:51:16',null);
INSERT INTO CODE_LIBRARY (CODENO,ITEMNO,ITEMNAME,BANKNO,SORTNO,ISINUSE,ITEMDESCRIBE,ITEMATTRIBUTE,RELATIVECODE,ATTRIBUTE1,ATTRIBUTE2,ATTRIBUTE3,ATTRIBUTE4,ATTRIBUTE5,ATTRIBUTE6,ATTRIBUTE7,ATTRIBUTE8,INPUTUSER,INPUTORG,INPUTTIME,UPDATEUSER,UPDATETIME,REMARK,HELPTEXT) VALUES ('行业成熟性','010','正在成长的行业：经过初期快速增长后遇到较大困难，但行业前景仍看好',null,'010','1',null,null,null,null,null,null,null,null,null,null,null,null,null,null,'system','2009/07/29 16:06:21',null,null);
INSERT INTO CODE_LIBRARY (CODENO,ITEMNO,ITEMNAME,BANKNO,SORTNO,ISINUSE,ITEMDESCRIBE,ITEMATTRIBUTE,RELATIVECODE,ATTRIBUTE1,ATTRIBUTE2,ATTRIBUTE3,ATTRIBUTE4,ATTRIBUTE5,ATTRIBUTE6,ATTRIBUTE7,ATTRIBUTE8,INPUTUSER,INPUTORG,INPUTTIME,UPDATEUSER,UPDATETIME,REMARK,HELPTEXT) VALUES ('行业成熟性','020','成熟行业：仍以较高的速度增长，部分弱的竞争者被淘汰，强者地位日益巩固',null,'020','1',null,null,null,null,null,null,null,null,null,null,null,null,null,null,'system','2009/07/29 16:06:23',null,null);
INSERT INTO CODE_LIBRARY (CODENO,ITEMNO,ITEMNAME,BANKNO,SORTNO,ISINUSE,ITEMDESCRIBE,ITEMATTRIBUTE,RELATIVECODE,ATTRIBUTE1,ATTRIBUTE2,ATTRIBUTE3,ATTRIBUTE4,ATTRIBUTE5,ATTRIBUTE6,ATTRIBUTE7,ATTRIBUTE8,INPUTUSER,INPUTORG,INPUTTIME,UPDATEUSER,UPDATETIME,REMARK,HELPTEXT) VALUES ('行业成熟性','030','高度成熟行业：竞争过分激烈，行业整体盈利能力低',null,'030','1',null,null,null,null,null,null,null,null,null,null,null,null,null,null,'system','2009/07/29 16:06:23',null,null);
INSERT INTO CODE_LIBRARY (CODENO,ITEMNO,ITEMNAME,BANKNO,SORTNO,ISINUSE,ITEMDESCRIBE,ITEMATTRIBUTE,RELATIVECODE,ATTRIBUTE1,ATTRIBUTE2,ATTRIBUTE3,ATTRIBUTE4,ATTRIBUTE5,ATTRIBUTE6,ATTRIBUTE7,ATTRIBUTE8,INPUTUSER,INPUTORG,INPUTTIME,UPDATEUSER,UPDATETIME,REMARK,HELPTEXT) VALUES ('行业成熟性','040','衰退行业：行业经过高度成熟阶段，销售和利润处于下滑阶段',null,'040','1',null,null,null,null,null,null,null,null,null,null,null,null,null,null,'system','2009/07/29 16:06:21',null,null);
INSERT INTO CODE_LIBRARY (CODENO,ITEMNO,ITEMNAME,BANKNO,SORTNO,ISINUSE,ITEMDESCRIBE,ITEMATTRIBUTE,RELATIVECODE,ATTRIBUTE1,ATTRIBUTE2,ATTRIBUTE3,ATTRIBUTE4,ATTRIBUTE5,ATTRIBUTE6,ATTRIBUTE7,ATTRIBUTE8,INPUTUSER,INPUTORG,INPUTTIME,UPDATEUSER,UPDATETIME,REMARK,HELPTEXT) VALUES ('行业成熟性','050','新兴行业：爆炸性的比率成长，加入者迅猛地增加；或市场尚未接受，持观望态度',null,'050','1',null,null,null,null,null,null,null,null,null,null,null,null,null,null,'system','2009/07/29 16:06:23',null,null);

--delete FROM code_catalog where CodeNo='产品可替代性';
--delete FROM code_library where CodeNo='产品可替代性';
INSERT INTO CODE_CATALOG (CODENO,SORTNO,CODETYPEONE,CODETYPETWO,CODENAME,CODEDESCRIBE,CODEATTRIBUTE,INPUTUSER,INPUTORG,INPUTTIME,UPDATEUSER,UPDATETIME,REMARK) VALUES ('产品可替代性',null,'1.客户管理','信用等级评估','产品可替代性',null,null,'system','9900','2009/07/29 15:51:13','system','2009/07/29 15:51:16',null);
INSERT INTO CODE_LIBRARY (CODENO,ITEMNO,ITEMNAME,BANKNO,SORTNO,ISINUSE,ITEMDESCRIBE,ITEMATTRIBUTE,RELATIVECODE,ATTRIBUTE1,ATTRIBUTE2,ATTRIBUTE3,ATTRIBUTE4,ATTRIBUTE5,ATTRIBUTE6,ATTRIBUTE7,ATTRIBUTE8,INPUTUSER,INPUTORG,INPUTTIME,UPDATEUSER,UPDATETIME,REMARK,HELPTEXT) VALUES ('产品可替代性','010','企业是市场价格的主导者，或者企业提供的产品和服务完全由政府指导定价，其产品不可复制或难以替代',null,'010','1',null,null,null,null,null,null,null,null,null,null,null,null,null,null,'system','2009/07/29 16:06:21',null,null);
INSERT INTO CODE_LIBRARY (CODENO,ITEMNO,ITEMNAME,BANKNO,SORTNO,ISINUSE,ITEMDESCRIBE,ITEMATTRIBUTE,RELATIVECODE,ATTRIBUTE1,ATTRIBUTE2,ATTRIBUTE3,ATTRIBUTE4,ATTRIBUTE5,ATTRIBUTE6,ATTRIBUTE7,ATTRIBUTE8,INPUTUSER,INPUTORG,INPUTTIME,UPDATEUSER,UPDATETIME,REMARK,HELPTEXT) VALUES ('产品可替代性','020','企业预计生产的产品或提供的服务在品牌、设计与质量等方面与其它企业存在较为明显的区别，产品或者服务价格在客户购买时不是重要决定因素',null,'020','1',null,null,null,null,null,null,null,null,null,null,null,null,null,null,'system','2009/07/29 16:06:23',null,null);
INSERT INTO CODE_LIBRARY (CODENO,ITEMNO,ITEMNAME,BANKNO,SORTNO,ISINUSE,ITEMDESCRIBE,ITEMATTRIBUTE,RELATIVECODE,ATTRIBUTE1,ATTRIBUTE2,ATTRIBUTE3,ATTRIBUTE4,ATTRIBUTE5,ATTRIBUTE6,ATTRIBUTE7,ATTRIBUTE8,INPUTUSER,INPUTORG,INPUTTIME,UPDATEUSER,UPDATETIME,REMARK,HELPTEXT) VALUES ('产品可替代性','030','企业预计生产的产品或提供的服务在品牌、设计与质量等方面与同行业其他企业比较没有明显的区别，产品或者服务只能以市场价格提供',null,'030','1',null,null,null,null,null,null,null,null,null,null,null,null,null,null,'system','2009/07/29 16:06:23',null,null);

--delete FROM code_catalog where CodeNo='客户群依赖性';
--delete FROM code_library where CodeNo='客户群依赖性';
INSERT INTO CODE_CATALOG (CODENO,SORTNO,CODETYPEONE,CODETYPETWO,CODENAME,CODEDESCRIBE,CODEATTRIBUTE,INPUTUSER,INPUTORG,INPUTTIME,UPDATEUSER,UPDATETIME,REMARK) VALUES ('客户群依赖性',null,'1.客户管理','信用等级评估','客户群依赖性',null,null,'system','9900','2009/07/29 15:51:13','system','2009/07/29 15:51:16',null);
INSERT INTO CODE_LIBRARY (CODENO,ITEMNO,ITEMNAME,BANKNO,SORTNO,ISINUSE,ITEMDESCRIBE,ITEMATTRIBUTE,RELATIVECODE,ATTRIBUTE1,ATTRIBUTE2,ATTRIBUTE3,ATTRIBUTE4,ATTRIBUTE5,ATTRIBUTE6,ATTRIBUTE7,ATTRIBUTE8,INPUTUSER,INPUTORG,INPUTTIME,UPDATEUSER,UPDATETIME,REMARK,HELPTEXT) VALUES ('客户群依赖性','010','销售渠道分散度很好，且下游行业经营财务状况良好，客户资信度较高，或下游客户是国内、国际知名品牌代理商',null,'010','1',null,null,null,null,null,null,null,null,null,null,null,null,null,null,'system','2009/07/29 16:06:21',null,null);
INSERT INTO CODE_LIBRARY (CODENO,ITEMNO,ITEMNAME,BANKNO,SORTNO,ISINUSE,ITEMDESCRIBE,ITEMATTRIBUTE,RELATIVECODE,ATTRIBUTE1,ATTRIBUTE2,ATTRIBUTE3,ATTRIBUTE4,ATTRIBUTE5,ATTRIBUTE6,ATTRIBUTE7,ATTRIBUTE8,INPUTUSER,INPUTORG,INPUTTIME,UPDATEUSER,UPDATETIME,REMARK,HELPTEXT) VALUES ('客户群依赖性','020','销售渠道分散度较好，下游行业经营财务状况和履约情况较好',null,'020','1',null,null,null,null,null,null,null,null,null,null,null,null,null,null,'system','2009/07/29 16:06:23',null,null);
INSERT INTO CODE_LIBRARY (CODENO,ITEMNO,ITEMNAME,BANKNO,SORTNO,ISINUSE,ITEMDESCRIBE,ITEMATTRIBUTE,RELATIVECODE,ATTRIBUTE1,ATTRIBUTE2,ATTRIBUTE3,ATTRIBUTE4,ATTRIBUTE5,ATTRIBUTE6,ATTRIBUTE7,ATTRIBUTE8,INPUTUSER,INPUTORG,INPUTTIME,UPDATEUSER,UPDATETIME,REMARK,HELPTEXT) VALUES ('客户群依赖性','030','销售渠道分散度一般或者产品销售较差，且下游行业经营财务状况或资信度一般甚至亏损；',null,'030','1',null,null,null,null,null,null,null,null,null,null,null,null,null,null,'system','2009/07/29 16:06:23',null,null);

--delete FROM code_catalog where CodeNo='市场需求';
--delete FROM code_library where CodeNo='市场需求';
INSERT INTO CODE_CATALOG (CODENO,SORTNO,CODETYPEONE,CODETYPETWO,CODENAME,CODEDESCRIBE,CODEATTRIBUTE,INPUTUSER,INPUTORG,INPUTTIME,UPDATEUSER,UPDATETIME,REMARK) VALUES ('市场需求',null,'1.客户管理','信用等级评估','市场需求',null,null,'system','9900','2009/07/29 15:51:13','system','2009/07/29 15:51:16',null);
INSERT INTO CODE_LIBRARY (CODENO,ITEMNO,ITEMNAME,BANKNO,SORTNO,ISINUSE,ITEMDESCRIBE,ITEMATTRIBUTE,RELATIVECODE,ATTRIBUTE1,ATTRIBUTE2,ATTRIBUTE3,ATTRIBUTE4,ATTRIBUTE5,ATTRIBUTE6,ATTRIBUTE7,ATTRIBUTE8,INPUTUSER,INPUTORG,INPUTTIME,UPDATEUSER,UPDATETIME,REMARK,HELPTEXT) VALUES ('市场需求','010','产品畅销（产销率>90%:上一年已销售出去的产品数量/一定时间内生产的产品数量>90%）',null,'010','1',null,null,null,null,null,null,null,null,null,null,null,null,null,null,'system','2009/07/29 16:06:21',null,null);
INSERT INTO CODE_LIBRARY (CODENO,ITEMNO,ITEMNAME,BANKNO,SORTNO,ISINUSE,ITEMDESCRIBE,ITEMATTRIBUTE,RELATIVECODE,ATTRIBUTE1,ATTRIBUTE2,ATTRIBUTE3,ATTRIBUTE4,ATTRIBUTE5,ATTRIBUTE6,ATTRIBUTE7,ATTRIBUTE8,INPUTUSER,INPUTORG,INPUTTIME,UPDATEUSER,UPDATETIME,REMARK,HELPTEXT) VALUES ('市场需求','020','市场需求一般（50%<产销率<90%: 50%<上一年已销售出去的产品数量/一定时间内生产的产品数量<90%)',null,'020','1',null,null,null,null,null,null,null,null,null,null,null,null,null,null,'system','2009/07/29 16:06:23',null,null);
INSERT INTO CODE_LIBRARY (CODENO,ITEMNO,ITEMNAME,BANKNO,SORTNO,ISINUSE,ITEMDESCRIBE,ITEMATTRIBUTE,RELATIVECODE,ATTRIBUTE1,ATTRIBUTE2,ATTRIBUTE3,ATTRIBUTE4,ATTRIBUTE5,ATTRIBUTE6,ATTRIBUTE7,ATTRIBUTE8,INPUTUSER,INPUTORG,INPUTTIME,UPDATEUSER,UPDATETIME,REMARK,HELPTEXT) VALUES ('市场需求','030','产品滞销（产销率<50%: 上一年已销售出去的产品数量/一定时间内生产的产品数量<50%)',null,'030','1',null,null,null,null,null,null,null,null,null,null,null,null,null,null,'system','2009/07/29 16:06:23',null,null);

--delete FROM code_catalog where CodeNo='供应商依赖性';
--delete FROM code_library where CodeNo='供应商依赖性';
INSERT INTO CODE_CATALOG (CODENO,SORTNO,CODETYPEONE,CODETYPETWO,CODENAME,CODEDESCRIBE,CODEATTRIBUTE,INPUTUSER,INPUTORG,INPUTTIME,UPDATEUSER,UPDATETIME,REMARK) VALUES ('供应商依赖性',null,'1.客户管理','信用等级评估','供应商依赖性',null,null,'system','9900','2009/07/29 15:51:13','system','2009/07/29 15:51:16',null);
INSERT INTO CODE_LIBRARY (CODENO,ITEMNO,ITEMNAME,BANKNO,SORTNO,ISINUSE,ITEMDESCRIBE,ITEMATTRIBUTE,RELATIVECODE,ATTRIBUTE1,ATTRIBUTE2,ATTRIBUTE3,ATTRIBUTE4,ATTRIBUTE5,ATTRIBUTE6,ATTRIBUTE7,ATTRIBUTE8,INPUTUSER,INPUTORG,INPUTTIME,UPDATEUSER,UPDATETIME,REMARK,HELPTEXT) VALUES ('供应商依赖性','010','原材料供应基本不受上游的限制，供应渠道较顺畅，基本可自由更换供应商',null,'010','1',null,null,null,null,null,null,null,null,null,null,null,null,null,null,'system','2009/07/29 16:06:21',null,null);
INSERT INTO CODE_LIBRARY (CODENO,ITEMNO,ITEMNAME,BANKNO,SORTNO,ISINUSE,ITEMDESCRIBE,ITEMATTRIBUTE,RELATIVECODE,ATTRIBUTE1,ATTRIBUTE2,ATTRIBUTE3,ATTRIBUTE4,ATTRIBUTE5,ATTRIBUTE6,ATTRIBUTE7,ATTRIBUTE8,INPUTUSER,INPUTORG,INPUTTIME,UPDATEUSER,UPDATETIME,REMARK,HELPTEXT) VALUES ('供应商依赖性','020','原材料供应一定程度上受上游的限制，更换供应商会带来成本的提高但影响有限，供应渠道基本稳定',null,'020','1',null,null,null,null,null,null,null,null,null,null,null,null,null,null,'system','2009/07/29 16:06:23',null,null);
INSERT INTO CODE_LIBRARY (CODENO,ITEMNO,ITEMNAME,BANKNO,SORTNO,ISINUSE,ITEMDESCRIBE,ITEMATTRIBUTE,RELATIVECODE,ATTRIBUTE1,ATTRIBUTE2,ATTRIBUTE3,ATTRIBUTE4,ATTRIBUTE5,ATTRIBUTE6,ATTRIBUTE7,ATTRIBUTE8,INPUTUSER,INPUTORG,INPUTTIME,UPDATEUSER,UPDATETIME,REMARK,HELPTEXT) VALUES ('供应商依赖性','030','主要原材料大部分依赖进口，或过分依赖上游客户，价格与国际市场联动性强，更换供应商会带来成本的大幅提高，供应渠道不顺畅',null,'030','1',null,null,null,null,null,null,null,null,null,null,null,null,null,null,'system','2009/07/29 16:06:23',null,null);

--delete FROM code_catalog where CodeNo='宏观经济政策影响程度';
--delete FROM code_library where CodeNo='宏观经济政策影响程度';
INSERT INTO CODE_CATALOG (CODENO,SORTNO,CODETYPEONE,CODETYPETWO,CODENAME,CODEDESCRIBE,CODEATTRIBUTE,INPUTUSER,INPUTORG,INPUTTIME,UPDATEUSER,UPDATETIME,REMARK) VALUES ('宏观经济政策影响程度',null,'1.客户管理','信用等级评估','宏观经济政策影响程度',null,null,'system','9900','2009/07/29 15:51:13','system','2009/07/29 15:51:16',null);
INSERT INTO CODE_LIBRARY (CODENO,ITEMNO,ITEMNAME,BANKNO,SORTNO,ISINUSE,ITEMDESCRIBE,ITEMATTRIBUTE,RELATIVECODE,ATTRIBUTE1,ATTRIBUTE2,ATTRIBUTE3,ATTRIBUTE4,ATTRIBUTE5,ATTRIBUTE6,ATTRIBUTE7,ATTRIBUTE8,INPUTUSER,INPUTORG,INPUTTIME,UPDATEUSER,UPDATETIME,REMARK,HELPTEXT) VALUES ('宏观经济政策影响程度','010','企业受宏观经济政策影响较小',null,'010','1',null,null,null,null,null,null,null,null,null,null,null,null,null,null,'system','2009/07/29 16:06:21',null,null);
INSERT INTO CODE_LIBRARY (CODENO,ITEMNO,ITEMNAME,BANKNO,SORTNO,ISINUSE,ITEMDESCRIBE,ITEMATTRIBUTE,RELATIVECODE,ATTRIBUTE1,ATTRIBUTE2,ATTRIBUTE3,ATTRIBUTE4,ATTRIBUTE5,ATTRIBUTE6,ATTRIBUTE7,ATTRIBUTE8,INPUTUSER,INPUTORG,INPUTTIME,UPDATEUSER,UPDATETIME,REMARK,HELPTEXT) VALUES ('宏观经济政策影响程度','020','企业受到一定宏观经济政策的影响',null,'020','1',null,null,null,null,null,null,null,null,null,null,null,null,null,null,'system','2009/07/29 16:06:23',null,null);
INSERT INTO CODE_LIBRARY (CODENO,ITEMNO,ITEMNAME,BANKNO,SORTNO,ISINUSE,ITEMDESCRIBE,ITEMATTRIBUTE,RELATIVECODE,ATTRIBUTE1,ATTRIBUTE2,ATTRIBUTE3,ATTRIBUTE4,ATTRIBUTE5,ATTRIBUTE6,ATTRIBUTE7,ATTRIBUTE8,INPUTUSER,INPUTORG,INPUTTIME,UPDATEUSER,UPDATETIME,REMARK,HELPTEXT) VALUES ('宏观经济政策影响程度','030','企业受到宏观经济政策影响较大',null,'030','1',null,null,null,null,null,null,null,null,null,null,null,null,null,null,'system','2009/07/29 16:06:23',null,null);

--delete FROM code_catalog where CodeNo='贸易壁垒影响';
--delete FROM code_library where CodeNo='贸易壁垒影响';
INSERT INTO CODE_CATALOG (CODENO,SORTNO,CODETYPEONE,CODETYPETWO,CODENAME,CODEDESCRIBE,CODEATTRIBUTE,INPUTUSER,INPUTORG,INPUTTIME,UPDATEUSER,UPDATETIME,REMARK) VALUES ('贸易壁垒影响',null,'1.客户管理','信用等级评估','贸易壁垒影响',null,null,'system','9900','2009/07/29 15:51:13','system','2009/07/29 15:51:16',null);
INSERT INTO CODE_LIBRARY (CODENO,ITEMNO,ITEMNAME,BANKNO,SORTNO,ISINUSE,ITEMDESCRIBE,ITEMATTRIBUTE,RELATIVECODE,ATTRIBUTE1,ATTRIBUTE2,ATTRIBUTE3,ATTRIBUTE4,ATTRIBUTE5,ATTRIBUTE6,ATTRIBUTE7,ATTRIBUTE8,INPUTUSER,INPUTORG,INPUTTIME,UPDATEUSER,UPDATETIME,REMARK,HELPTEXT) VALUES ('贸易壁垒影响','010','产品以国内销售为主，不受反倾销调查及汇率变动影响的',null,'010','1',null,null,null,null,null,null,null,null,null,null,null,null,null,null,'system','2009/07/29 16:06:21',null,null);
INSERT INTO CODE_LIBRARY (CODENO,ITEMNO,ITEMNAME,BANKNO,SORTNO,ISINUSE,ITEMDESCRIBE,ITEMATTRIBUTE,RELATIVECODE,ATTRIBUTE1,ATTRIBUTE2,ATTRIBUTE3,ATTRIBUTE4,ATTRIBUTE5,ATTRIBUTE6,ATTRIBUTE7,ATTRIBUTE8,INPUTUSER,INPUTORG,INPUTTIME,UPDATEUSER,UPDATETIME,REMARK,HELPTEXT) VALUES ('贸易壁垒影响','020','产品部分外销，在一定程度上受反倾销调查或汇率变动影响的',null,'020','1',null,null,null,null,null,null,null,null,null,null,null,null,null,null,'system','2009/07/29 16:06:23',null,null);
INSERT INTO CODE_LIBRARY (CODENO,ITEMNO,ITEMNAME,BANKNO,SORTNO,ISINUSE,ITEMDESCRIBE,ITEMATTRIBUTE,RELATIVECODE,ATTRIBUTE1,ATTRIBUTE2,ATTRIBUTE3,ATTRIBUTE4,ATTRIBUTE5,ATTRIBUTE6,ATTRIBUTE7,ATTRIBUTE8,INPUTUSER,INPUTORG,INPUTTIME,UPDATEUSER,UPDATETIME,REMARK,HELPTEXT) VALUES ('贸易壁垒影响','030','产品主要用于出口，他国已实施反倾销调查的，或汇率变化将对其销售产生巨大不利影响的',null,'030','1',null,null,null,null,null,null,null,null,null,null,null,null,null,null,'system','2009/07/29 16:06:23',null,null);

--delete FROM code_catalog where CodeNo='领导队伍的稳定性';
--delete FROM code_library where CodeNo='领导队伍的稳定性';
INSERT INTO CODE_CATALOG (CODENO,SORTNO,CODETYPEONE,CODETYPETWO,CODENAME,CODEDESCRIBE,CODEATTRIBUTE,INPUTUSER,INPUTORG,INPUTTIME,UPDATEUSER,UPDATETIME,REMARK) VALUES ('领导队伍的稳定性',null,'1.客户管理','信用等级评估','领导队伍的稳定性',null,null,'system','9900','2009/07/29 15:51:13','system','2009/07/29 15:51:16',null);
INSERT INTO CODE_LIBRARY (CODENO,ITEMNO,ITEMNAME,BANKNO,SORTNO,ISINUSE,ITEMDESCRIBE,ITEMATTRIBUTE,RELATIVECODE,ATTRIBUTE1,ATTRIBUTE2,ATTRIBUTE3,ATTRIBUTE4,ATTRIBUTE5,ATTRIBUTE6,ATTRIBUTE7,ATTRIBUTE8,INPUTUSER,INPUTORG,INPUTTIME,UPDATEUSER,UPDATETIME,REMARK,HELPTEXT) VALUES ('领导队伍的稳定性','010','领导队伍较稳定，高管层（部门级以上领导）近两年的变动率<10%',null,'010','1',null,null,null,null,null,null,null,null,null,null,null,null,null,null,'system','2009/07/29 16:06:21',null,null);
INSERT INTO CODE_LIBRARY (CODENO,ITEMNO,ITEMNAME,BANKNO,SORTNO,ISINUSE,ITEMDESCRIBE,ITEMATTRIBUTE,RELATIVECODE,ATTRIBUTE1,ATTRIBUTE2,ATTRIBUTE3,ATTRIBUTE4,ATTRIBUTE5,ATTRIBUTE6,ATTRIBUTE7,ATTRIBUTE8,INPUTUSER,INPUTORG,INPUTTIME,UPDATEUSER,UPDATETIME,REMARK,HELPTEXT) VALUES ('领导队伍的稳定性','020','领导队伍稳定性一般，高管层（部门级以上领导）近两年的变动率在10%和30%之间',null,'020','1',null,null,null,null,null,null,null,null,null,null,null,null,null,null,'system','2009/07/29 16:06:23',null,null);
INSERT INTO CODE_LIBRARY (CODENO,ITEMNO,ITEMNAME,BANKNO,SORTNO,ISINUSE,ITEMDESCRIBE,ITEMATTRIBUTE,RELATIVECODE,ATTRIBUTE1,ATTRIBUTE2,ATTRIBUTE3,ATTRIBUTE4,ATTRIBUTE5,ATTRIBUTE6,ATTRIBUTE7,ATTRIBUTE8,INPUTUSER,INPUTORG,INPUTTIME,UPDATEUSER,UPDATETIME,REMARK,HELPTEXT) VALUES ('领导队伍的稳定性','030','领导队伍稳定性一般，高管层（部门级以上领导）近两年的变动率>30%',null,'030','1',null,null,null,null,null,null,null,null,null,null,null,null,null,null,'system','2009/07/29 16:06:23',null,null);

--delete FROM code_catalog where CodeNo='企业声誉情况';
--delete FROM code_library where CodeNo='企业声誉情况';
INSERT INTO CODE_CATALOG (CODENO,SORTNO,CODETYPEONE,CODETYPETWO,CODENAME,CODEDESCRIBE,CODEATTRIBUTE,INPUTUSER,INPUTORG,INPUTTIME,UPDATEUSER,UPDATETIME,REMARK) VALUES ('企业声誉情况',null,'1.客户管理','信用等级评估','企业声誉情况',null,null,'system','9900','2009/07/29 15:51:13','system','2009/07/29 15:51:16',null);
INSERT INTO CODE_LIBRARY (CODENO,ITEMNO,ITEMNAME,BANKNO,SORTNO,ISINUSE,ITEMDESCRIBE,ITEMATTRIBUTE,RELATIVECODE,ATTRIBUTE1,ATTRIBUTE2,ATTRIBUTE3,ATTRIBUTE4,ATTRIBUTE5,ATTRIBUTE6,ATTRIBUTE7,ATTRIBUTE8,INPUTUSER,INPUTORG,INPUTTIME,UPDATEUSER,UPDATETIME,REMARK,HELPTEXT) VALUES ('企业声誉情况','010','企业形象良好、社会公众认可度较高',null,'010','1',null,null,null,null,null,null,null,null,null,null,null,null,null,null,'system','2009/07/29 16:06:21',null,null);
INSERT INTO CODE_LIBRARY (CODENO,ITEMNO,ITEMNAME,BANKNO,SORTNO,ISINUSE,ITEMDESCRIBE,ITEMATTRIBUTE,RELATIVECODE,ATTRIBUTE1,ATTRIBUTE2,ATTRIBUTE3,ATTRIBUTE4,ATTRIBUTE5,ATTRIBUTE6,ATTRIBUTE7,ATTRIBUTE8,INPUTUSER,INPUTORG,INPUTTIME,UPDATEUSER,UPDATETIME,REMARK,HELPTEXT) VALUES ('企业声誉情况','020','企业形象一般、社会公众认可度一般',null,'020','1',null,null,null,null,null,null,null,null,null,null,null,null,null,null,'system','2009/07/29 16:06:23',null,null);
INSERT INTO CODE_LIBRARY (CODENO,ITEMNO,ITEMNAME,BANKNO,SORTNO,ISINUSE,ITEMDESCRIBE,ITEMATTRIBUTE,RELATIVECODE,ATTRIBUTE1,ATTRIBUTE2,ATTRIBUTE3,ATTRIBUTE4,ATTRIBUTE5,ATTRIBUTE6,ATTRIBUTE7,ATTRIBUTE8,INPUTUSER,INPUTORG,INPUTTIME,UPDATEUSER,UPDATETIME,REMARK,HELPTEXT) VALUES ('企业声誉情况','030','企业形象较差、社会公众认可度较差',null,'030','1',null,null,null,null,null,null,null,null,null,null,null,null,null,null,'system','2009/07/29 16:06:23',null,null);

--delete FROM code_catalog where CodeNo='房地产开发资质等级';
--delete FROM code_library where CodeNo='房地产开发资质等级';
INSERT INTO CODE_CATALOG (CODENO,SORTNO,CODETYPEONE,CODETYPETWO,CODENAME,CODEDESCRIBE,CODEATTRIBUTE,INPUTUSER,INPUTORG,INPUTTIME,UPDATEUSER,UPDATETIME,REMARK) VALUES ('房地产开发资质等级',null,'1.客户管理','信用等级评估','房地产开发资质等级',null,null,'system','9900','2009/07/29 15:51:13','system','2009/07/29 15:51:16',null);
INSERT INTO CODE_LIBRARY (CODENO,ITEMNO,ITEMNAME,BANKNO,SORTNO,ISINUSE,ITEMDESCRIBE,ITEMATTRIBUTE,RELATIVECODE,ATTRIBUTE1,ATTRIBUTE2,ATTRIBUTE3,ATTRIBUTE4,ATTRIBUTE5,ATTRIBUTE6,ATTRIBUTE7,ATTRIBUTE8,INPUTUSER,INPUTORG,INPUTTIME,UPDATEUSER,UPDATETIME,REMARK,HELPTEXT) VALUES ('房地产开发资质等级','010','一级开发商',null,'010','1',null,null,null,null,null,null,null,null,null,null,null,null,null,null,'system','2009/07/29 16:06:21',null,null);
INSERT INTO CODE_LIBRARY (CODENO,ITEMNO,ITEMNAME,BANKNO,SORTNO,ISINUSE,ITEMDESCRIBE,ITEMATTRIBUTE,RELATIVECODE,ATTRIBUTE1,ATTRIBUTE2,ATTRIBUTE3,ATTRIBUTE4,ATTRIBUTE5,ATTRIBUTE6,ATTRIBUTE7,ATTRIBUTE8,INPUTUSER,INPUTORG,INPUTTIME,UPDATEUSER,UPDATETIME,REMARK,HELPTEXT) VALUES ('房地产开发资质等级','020','二级开发商',null,'020','1',null,null,null,null,null,null,null,null,null,null,null,null,null,null,'system','2009/07/29 16:06:23',null,null);
INSERT INTO CODE_LIBRARY (CODENO,ITEMNO,ITEMNAME,BANKNO,SORTNO,ISINUSE,ITEMDESCRIBE,ITEMATTRIBUTE,RELATIVECODE,ATTRIBUTE1,ATTRIBUTE2,ATTRIBUTE3,ATTRIBUTE4,ATTRIBUTE5,ATTRIBUTE6,ATTRIBUTE7,ATTRIBUTE8,INPUTUSER,INPUTORG,INPUTTIME,UPDATEUSER,UPDATETIME,REMARK,HELPTEXT) VALUES ('房地产开发资质等级','030','三级开发商及其他',null,'030','1',null,null,null,null,null,null,null,null,null,null,null,null,null,null,'system','2009/07/29 16:06:23',null,null);

--delete FROM code_catalog where CodeNo='现有房地产项目情况';
--delete FROM code_library where CodeNo='现有房地产项目情况';
INSERT INTO CODE_CATALOG (CODENO,SORTNO,CODETYPEONE,CODETYPETWO,CODENAME,CODEDESCRIBE,CODEATTRIBUTE,INPUTUSER,INPUTORG,INPUTTIME,UPDATEUSER,UPDATETIME,REMARK) VALUES ('现有房地产项目情况',null,'1.客户管理','信用等级评估','现有房地产项目情况',null,null,'system','9900','2009/07/29 15:51:13','system','2009/07/29 15:51:16',null);
INSERT INTO CODE_LIBRARY (CODENO,ITEMNO,ITEMNAME,BANKNO,SORTNO,ISINUSE,ITEMDESCRIBE,ITEMATTRIBUTE,RELATIVECODE,ATTRIBUTE1,ATTRIBUTE2,ATTRIBUTE3,ATTRIBUTE4,ATTRIBUTE5,ATTRIBUTE6,ATTRIBUTE7,ATTRIBUTE8,INPUTUSER,INPUTORG,INPUTTIME,UPDATEUSER,UPDATETIME,REMARK,HELPTEXT) VALUES ('现有房地产项目情况','010','地理位置优越、成本控制合理、本区域销售情况极好、项目具有很强的市场竞争力',null,'010','1',null,null,null,null,null,null,null,null,null,null,null,null,null,null,'system','2009/07/29 16:06:21',null,null);
INSERT INTO CODE_LIBRARY (CODENO,ITEMNO,ITEMNAME,BANKNO,SORTNO,ISINUSE,ITEMDESCRIBE,ITEMATTRIBUTE,RELATIVECODE,ATTRIBUTE1,ATTRIBUTE2,ATTRIBUTE3,ATTRIBUTE4,ATTRIBUTE5,ATTRIBUTE6,ATTRIBUTE7,ATTRIBUTE8,INPUTUSER,INPUTORG,INPUTTIME,UPDATEUSER,UPDATETIME,REMARK,HELPTEXT) VALUES ('现有房地产项目情况','020','地理位置一般、成本控制一般、本区域销售情况一般、项目市场竞争力一般',null,'020','1',null,null,null,null,null,null,null,null,null,null,null,null,null,null,'system','2009/07/29 16:06:23',null,null);
INSERT INTO CODE_LIBRARY (CODENO,ITEMNO,ITEMNAME,BANKNO,SORTNO,ISINUSE,ITEMDESCRIBE,ITEMATTRIBUTE,RELATIVECODE,ATTRIBUTE1,ATTRIBUTE2,ATTRIBUTE3,ATTRIBUTE4,ATTRIBUTE5,ATTRIBUTE6,ATTRIBUTE7,ATTRIBUTE8,INPUTUSER,INPUTORG,INPUTTIME,UPDATEUSER,UPDATETIME,REMARK,HELPTEXT) VALUES ('现有房地产项目情况','030','地理位置较差、成本不力、本区域楼盘滞销、本项目竞争力较差',null,'030','1',null,null,null,null,null,null,null,null,null,null,null,null,null,null,'system','2009/07/29 16:06:23',null,null);

--delete FROM code_catalog where CodeNo='工程质量控制';
--delete FROM code_library where CodeNo='工程质量控制';
INSERT INTO CODE_CATALOG (CODENO,SORTNO,CODETYPEONE,CODETYPETWO,CODENAME,CODEDESCRIBE,CODEATTRIBUTE,INPUTUSER,INPUTORG,INPUTTIME,UPDATEUSER,UPDATETIME,REMARK) VALUES ('工程质量控制',null,'1.客户管理','信用等级评估','工程质量控制',null,null,'system','9900','2009/07/29 15:51:13','system','2009/07/29 15:51:16',null);
INSERT INTO CODE_LIBRARY (CODENO,ITEMNO,ITEMNAME,BANKNO,SORTNO,ISINUSE,ITEMDESCRIBE,ITEMATTRIBUTE,RELATIVECODE,ATTRIBUTE1,ATTRIBUTE2,ATTRIBUTE3,ATTRIBUTE4,ATTRIBUTE5,ATTRIBUTE6,ATTRIBUTE7,ATTRIBUTE8,INPUTUSER,INPUTORG,INPUTTIME,UPDATEUSER,UPDATETIME,REMARK,HELPTEXT) VALUES ('工程质量控制','010','施工方具有特级或一级资质、质量控制措施到位、设计、招标与监理各流程管理得当',null,'010','1',null,null,null,null,null,null,null,null,null,null,null,null,null,null,'system','2009/07/29 16:06:21',null,null);
INSERT INTO CODE_LIBRARY (CODENO,ITEMNO,ITEMNAME,BANKNO,SORTNO,ISINUSE,ITEMDESCRIBE,ITEMATTRIBUTE,RELATIVECODE,ATTRIBUTE1,ATTRIBUTE2,ATTRIBUTE3,ATTRIBUTE4,ATTRIBUTE5,ATTRIBUTE6,ATTRIBUTE7,ATTRIBUTE8,INPUTUSER,INPUTORG,INPUTTIME,UPDATEUSER,UPDATETIME,REMARK,HELPTEXT) VALUES ('工程质量控制','020','施工方具有二级资质、质量控制措施较好、设计、招标与监理各流程管理一般',null,'020','1',null,null,null,null,null,null,null,null,null,null,null,null,null,null,'system','2009/07/29 16:06:23',null,null);
INSERT INTO CODE_LIBRARY (CODENO,ITEMNO,ITEMNAME,BANKNO,SORTNO,ISINUSE,ITEMDESCRIBE,ITEMATTRIBUTE,RELATIVECODE,ATTRIBUTE1,ATTRIBUTE2,ATTRIBUTE3,ATTRIBUTE4,ATTRIBUTE5,ATTRIBUTE6,ATTRIBUTE7,ATTRIBUTE8,INPUTUSER,INPUTORG,INPUTTIME,UPDATEUSER,UPDATETIME,REMARK,HELPTEXT) VALUES ('工程质量控制','030','施工方具有二级以下资质、质量控制措施较差、设计、招标与监理各流程管理较差',null,'030','1',null,null,null,null,null,null,null,null,null,null,null,null,null,null,'system','2009/07/29 16:06:23',null,null);

--delete FROM code_catalog where CodeNo='已开发楼盘总建筑面积';
--delete FROM code_library where CodeNo='已开发楼盘总建筑面积';
INSERT INTO CODE_CATALOG (CODENO,SORTNO,CODETYPEONE,CODETYPETWO,CODENAME,CODEDESCRIBE,CODEATTRIBUTE,INPUTUSER,INPUTORG,INPUTTIME,UPDATEUSER,UPDATETIME,REMARK) VALUES ('已开发楼盘总建筑面积',null,'1.客户管理','信用等级评估','已开发楼盘总建筑面积',null,null,'system','9900','2009/07/29 15:51:13','system','2009/07/29 15:51:16',null);
INSERT INTO CODE_LIBRARY (CODENO,ITEMNO,ITEMNAME,BANKNO,SORTNO,ISINUSE,ITEMDESCRIBE,ITEMATTRIBUTE,RELATIVECODE,ATTRIBUTE1,ATTRIBUTE2,ATTRIBUTE3,ATTRIBUTE4,ATTRIBUTE5,ATTRIBUTE6,ATTRIBUTE7,ATTRIBUTE8,INPUTUSER,INPUTORG,INPUTTIME,UPDATEUSER,UPDATETIME,REMARK,HELPTEXT) VALUES ('已开发楼盘总建筑面积','010','大于等于100万平米',null,'010','1',null,null,null,null,null,null,null,null,null,null,null,null,null,null,'system','2009/07/29 16:06:21',null,null);
INSERT INTO CODE_LIBRARY (CODENO,ITEMNO,ITEMNAME,BANKNO,SORTNO,ISINUSE,ITEMDESCRIBE,ITEMATTRIBUTE,RELATIVECODE,ATTRIBUTE1,ATTRIBUTE2,ATTRIBUTE3,ATTRIBUTE4,ATTRIBUTE5,ATTRIBUTE6,ATTRIBUTE7,ATTRIBUTE8,INPUTUSER,INPUTORG,INPUTTIME,UPDATEUSER,UPDATETIME,REMARK,HELPTEXT) VALUES ('已开发楼盘总建筑面积','020','50万平方米（含）到100万平方米',null,'020','1',null,null,null,null,null,null,null,null,null,null,null,null,null,null,'system','2009/07/29 16:06:23',null,null);
INSERT INTO CODE_LIBRARY (CODENO,ITEMNO,ITEMNAME,BANKNO,SORTNO,ISINUSE,ITEMDESCRIBE,ITEMATTRIBUTE,RELATIVECODE,ATTRIBUTE1,ATTRIBUTE2,ATTRIBUTE3,ATTRIBUTE4,ATTRIBUTE5,ATTRIBUTE6,ATTRIBUTE7,ATTRIBUTE8,INPUTUSER,INPUTORG,INPUTTIME,UPDATEUSER,UPDATETIME,REMARK,HELPTEXT) VALUES ('已开发楼盘总建筑面积','030','小于50万平方米',null,'030','1',null,null,null,null,null,null,null,null,null,null,null,null,null,null,'system','2009/07/29 16:06:23',null,null);

--delete FROM code_catalog where CodeNo='公司下所有建设项目总投资中';
--delete FROM code_library where CodeNo='公司下所有建设项目总投资中';
INSERT INTO CODE_CATALOG (CODENO,SORTNO,CODETYPEONE,CODETYPETWO,CODENAME,CODEDESCRIBE,CODEATTRIBUTE,INPUTUSER,INPUTORG,INPUTTIME,UPDATEUSER,UPDATETIME,REMARK) VALUES ('公司下所有建设项目总投资中',null,'1.客户管理','信用等级评估','公司下所有建设项目总投资中',null,null,'system','9900','2009/07/29 15:51:13','system','2009/07/29 15:51:16',null);
INSERT INTO CODE_LIBRARY (CODENO,ITEMNO,ITEMNAME,BANKNO,SORTNO,ISINUSE,ITEMDESCRIBE,ITEMATTRIBUTE,RELATIVECODE,ATTRIBUTE1,ATTRIBUTE2,ATTRIBUTE3,ATTRIBUTE4,ATTRIBUTE5,ATTRIBUTE6,ATTRIBUTE7,ATTRIBUTE8,INPUTUSER,INPUTORG,INPUTTIME,UPDATEUSER,UPDATETIME,REMARK,HELPTEXT) VALUES ('公司下所有建设项目总投资中','010','占比<10%',null,'010','1',null,null,null,null,null,null,null,null,null,null,null,null,null,null,'system','2009/07/29 16:06:21',null,null);
INSERT INTO CODE_LIBRARY (CODENO,ITEMNO,ITEMNAME,BANKNO,SORTNO,ISINUSE,ITEMDESCRIBE,ITEMATTRIBUTE,RELATIVECODE,ATTRIBUTE1,ATTRIBUTE2,ATTRIBUTE3,ATTRIBUTE4,ATTRIBUTE5,ATTRIBUTE6,ATTRIBUTE7,ATTRIBUTE8,INPUTUSER,INPUTORG,INPUTTIME,UPDATEUSER,UPDATETIME,REMARK,HELPTEXT) VALUES ('公司下所有建设项目总投资中','020','10%<占比<40%',null,'020','1',null,null,null,null,null,null,null,null,null,null,null,null,null,null,'system','2009/07/29 16:06:23',null,null);
INSERT INTO CODE_LIBRARY (CODENO,ITEMNO,ITEMNAME,BANKNO,SORTNO,ISINUSE,ITEMDESCRIBE,ITEMATTRIBUTE,RELATIVECODE,ATTRIBUTE1,ATTRIBUTE2,ATTRIBUTE3,ATTRIBUTE4,ATTRIBUTE5,ATTRIBUTE6,ATTRIBUTE7,ATTRIBUTE8,INPUTUSER,INPUTORG,INPUTTIME,UPDATEUSER,UPDATETIME,REMARK,HELPTEXT) VALUES ('公司下所有建设项目总投资中','030','占比>40%',null,'030','1',null,null,null,null,null,null,null,null,null,null,null,null,null,null,'system','2009/07/29 16:06:23',null,null);

--delete FROM code_catalog where CodeNo='已储备待开发土地面积';
--delete FROM code_library where CodeNo='已储备待开发土地面积';
INSERT INTO CODE_CATALOG (CODENO,SORTNO,CODETYPEONE,CODETYPETWO,CODENAME,CODEDESCRIBE,CODEATTRIBUTE,INPUTUSER,INPUTORG,INPUTTIME,UPDATEUSER,UPDATETIME,REMARK) VALUES ('已储备待开发土地面积',null,'1.客户管理','信用等级评估','已储备待开发土地面积',null,null,'system','9900','2009/07/29 15:51:13','system','2009/07/29 15:51:16',null);
INSERT INTO CODE_LIBRARY (CODENO,ITEMNO,ITEMNAME,BANKNO,SORTNO,ISINUSE,ITEMDESCRIBE,ITEMATTRIBUTE,RELATIVECODE,ATTRIBUTE1,ATTRIBUTE2,ATTRIBUTE3,ATTRIBUTE4,ATTRIBUTE5,ATTRIBUTE6,ATTRIBUTE7,ATTRIBUTE8,INPUTUSER,INPUTORG,INPUTTIME,UPDATEUSER,UPDATETIME,REMARK,HELPTEXT) VALUES ('已储备待开发土地面积','010','大于等于2000亩',null,'010','1',null,null,null,null,null,null,null,null,null,null,null,null,null,null,'system','2009/07/29 16:06:21',null,null);
INSERT INTO CODE_LIBRARY (CODENO,ITEMNO,ITEMNAME,BANKNO,SORTNO,ISINUSE,ITEMDESCRIBE,ITEMATTRIBUTE,RELATIVECODE,ATTRIBUTE1,ATTRIBUTE2,ATTRIBUTE3,ATTRIBUTE4,ATTRIBUTE5,ATTRIBUTE6,ATTRIBUTE7,ATTRIBUTE8,INPUTUSER,INPUTORG,INPUTTIME,UPDATEUSER,UPDATETIME,REMARK,HELPTEXT) VALUES ('已储备待开发土地面积','020','1600亩（含）到2000亩',null,'020','1',null,null,null,null,null,null,null,null,null,null,null,null,null,null,'system','2009/07/29 16:06:23',null,null);
INSERT INTO CODE_LIBRARY (CODENO,ITEMNO,ITEMNAME,BANKNO,SORTNO,ISINUSE,ITEMDESCRIBE,ITEMATTRIBUTE,RELATIVECODE,ATTRIBUTE1,ATTRIBUTE2,ATTRIBUTE3,ATTRIBUTE4,ATTRIBUTE5,ATTRIBUTE6,ATTRIBUTE7,ATTRIBUTE8,INPUTUSER,INPUTORG,INPUTTIME,UPDATEUSER,UPDATETIME,REMARK,HELPTEXT) VALUES ('已储备待开发土地面积','030','1000亩（含）到1600亩',null,'030','1',null,null,null,null,null,null,null,null,null,null,null,null,null,null,'system','2009/07/29 16:06:23',null,null);
INSERT INTO CODE_LIBRARY (CODENO,ITEMNO,ITEMNAME,BANKNO,SORTNO,ISINUSE,ITEMDESCRIBE,ITEMATTRIBUTE,RELATIVECODE,ATTRIBUTE1,ATTRIBUTE2,ATTRIBUTE3,ATTRIBUTE4,ATTRIBUTE5,ATTRIBUTE6,ATTRIBUTE7,ATTRIBUTE8,INPUTUSER,INPUTORG,INPUTTIME,UPDATEUSER,UPDATETIME,REMARK,HELPTEXT) VALUES ('已储备待开发土地面积','040','500亩（含）到1000亩',null,'040','1',null,null,null,null,null,null,null,null,null,null,null,null,null,null,'system','2009/07/29 16:06:23',null,null);
INSERT INTO CODE_LIBRARY (CODENO,ITEMNO,ITEMNAME,BANKNO,SORTNO,ISINUSE,ITEMDESCRIBE,ITEMATTRIBUTE,RELATIVECODE,ATTRIBUTE1,ATTRIBUTE2,ATTRIBUTE3,ATTRIBUTE4,ATTRIBUTE5,ATTRIBUTE6,ATTRIBUTE7,ATTRIBUTE8,INPUTUSER,INPUTORG,INPUTTIME,UPDATEUSER,UPDATETIME,REMARK,HELPTEXT) VALUES ('已储备待开发土地面积','050','小于等于500亩',null,'050','1',null,null,null,null,null,null,null,null,null,null,null,null,null,null,'system','2009/07/29 16:06:23',null,null);

--delete FROM code_catalog where CodeNo='实地查账配合程度';
--delete FROM code_library where CodeNo='实地查账配合程度';
INSERT INTO CODE_CATALOG (CODENO,SORTNO,CODETYPEONE,CODETYPETWO,CODENAME,CODEDESCRIBE,CODEATTRIBUTE,INPUTUSER,INPUTORG,INPUTTIME,UPDATEUSER,UPDATETIME,REMARK) VALUES ('实地查账配合程度',null,'1.客户管理','信用等级评估','实地查账配合程度',null,null,'system','9900','2009/07/29 15:51:13','system','2009/07/29 15:51:16',null);
INSERT INTO CODE_LIBRARY (CODENO,ITEMNO,ITEMNAME,BANKNO,SORTNO,ISINUSE,ITEMDESCRIBE,ITEMATTRIBUTE,RELATIVECODE,ATTRIBUTE1,ATTRIBUTE2,ATTRIBUTE3,ATTRIBUTE4,ATTRIBUTE5,ATTRIBUTE6,ATTRIBUTE7,ATTRIBUTE8,INPUTUSER,INPUTORG,INPUTTIME,UPDATEUSER,UPDATETIME,REMARK,HELPTEXT) VALUES ('实地查账配合程度','010','积极配合',null,'010','1',null,null,null,null,null,null,null,null,null,null,null,null,null,null,'system','2009/07/29 16:06:21',null,null);
INSERT INTO CODE_LIBRARY (CODENO,ITEMNO,ITEMNAME,BANKNO,SORTNO,ISINUSE,ITEMDESCRIBE,ITEMATTRIBUTE,RELATIVECODE,ATTRIBUTE1,ATTRIBUTE2,ATTRIBUTE3,ATTRIBUTE4,ATTRIBUTE5,ATTRIBUTE6,ATTRIBUTE7,ATTRIBUTE8,INPUTUSER,INPUTORG,INPUTTIME,UPDATEUSER,UPDATETIME,REMARK,HELPTEXT) VALUES ('实地查账配合程度','020','配合程度一般',null,'020','1',null,null,null,null,null,null,null,null,null,null,null,null,null,null,'system','2009/07/29 16:06:23',null,null);
INSERT INTO CODE_LIBRARY (CODENO,ITEMNO,ITEMNAME,BANKNO,SORTNO,ISINUSE,ITEMDESCRIBE,ITEMATTRIBUTE,RELATIVECODE,ATTRIBUTE1,ATTRIBUTE2,ATTRIBUTE3,ATTRIBUTE4,ATTRIBUTE5,ATTRIBUTE6,ATTRIBUTE7,ATTRIBUTE8,INPUTUSER,INPUTORG,INPUTTIME,UPDATEUSER,UPDATETIME,REMARK,HELPTEXT) VALUES ('实地查账配合程度','030','不配合',null,'030','1',null,null,null,null,null,null,null,null,null,null,null,null,null,null,'system','2009/07/29 16:06:23',null,null);

--delete FROM code_catalog where CodeNo='单位级别';
--delete FROM code_library where CodeNo='单位级别';
INSERT INTO CODE_CATALOG (CODENO,SORTNO,CODETYPEONE,CODETYPETWO,CODENAME,CODEDESCRIBE,CODEATTRIBUTE,INPUTUSER,INPUTORG,INPUTTIME,UPDATEUSER,UPDATETIME,REMARK) VALUES ('单位级别',null,'1.客户管理','信用等级评估','单位级别',null,null,'system','9900','2009/07/29 15:51:13','system','2009/07/29 15:51:16',null);
INSERT INTO CODE_LIBRARY (CODENO,ITEMNO,ITEMNAME,BANKNO,SORTNO,ISINUSE,ITEMDESCRIBE,ITEMATTRIBUTE,RELATIVECODE,ATTRIBUTE1,ATTRIBUTE2,ATTRIBUTE3,ATTRIBUTE4,ATTRIBUTE5,ATTRIBUTE6,ATTRIBUTE7,ATTRIBUTE8,INPUTUSER,INPUTORG,INPUTTIME,UPDATEUSER,UPDATETIME,REMARK,HELPTEXT) VALUES ('单位级别','010','国家级',null,'010','1',null,null,null,null,null,null,null,null,null,null,null,null,null,null,'system','2009/07/29 16:06:21',null,null);
INSERT INTO CODE_LIBRARY (CODENO,ITEMNO,ITEMNAME,BANKNO,SORTNO,ISINUSE,ITEMDESCRIBE,ITEMATTRIBUTE,RELATIVECODE,ATTRIBUTE1,ATTRIBUTE2,ATTRIBUTE3,ATTRIBUTE4,ATTRIBUTE5,ATTRIBUTE6,ATTRIBUTE7,ATTRIBUTE8,INPUTUSER,INPUTORG,INPUTTIME,UPDATEUSER,UPDATETIME,REMARK,HELPTEXT) VALUES ('单位级别','020','省市级',null,'020','1',null,null,null,null,null,null,null,null,null,null,null,null,null,null,'system','2009/07/29 16:06:23',null,null);
INSERT INTO CODE_LIBRARY (CODENO,ITEMNO,ITEMNAME,BANKNO,SORTNO,ISINUSE,ITEMDESCRIBE,ITEMATTRIBUTE,RELATIVECODE,ATTRIBUTE1,ATTRIBUTE2,ATTRIBUTE3,ATTRIBUTE4,ATTRIBUTE5,ATTRIBUTE6,ATTRIBUTE7,ATTRIBUTE8,INPUTUSER,INPUTORG,INPUTTIME,UPDATEUSER,UPDATETIME,REMARK,HELPTEXT) VALUES ('单位级别','030','区县级及其它',null,'030','1',null,null,null,null,null,null,null,null,null,null,null,null,null,null,'system','2009/07/29 16:06:23',null,null);

--delete FROM code_catalog where CodeNo='事业单位管理水平';
--delete FROM code_library where CodeNo='事业单位管理水平';
INSERT INTO CODE_CATALOG (CODENO,SORTNO,CODETYPEONE,CODETYPETWO,CODENAME,CODEDESCRIBE,CODEATTRIBUTE,INPUTUSER,INPUTORG,INPUTTIME,UPDATEUSER,UPDATETIME,REMARK) VALUES ('事业单位管理水平',null,'1.客户管理','信用等级评估','事业单位管理水平',null,null,'system','9900','2009/07/29 15:51:13','system','2009/07/29 15:51:16',null);
INSERT INTO CODE_LIBRARY (CODENO,ITEMNO,ITEMNAME,BANKNO,SORTNO,ISINUSE,ITEMDESCRIBE,ITEMATTRIBUTE,RELATIVECODE,ATTRIBUTE1,ATTRIBUTE2,ATTRIBUTE3,ATTRIBUTE4,ATTRIBUTE5,ATTRIBUTE6,ATTRIBUTE7,ATTRIBUTE8,INPUTUSER,INPUTORG,INPUTTIME,UPDATEUSER,UPDATETIME,REMARK,HELPTEXT) VALUES ('事业单位管理水平','010','内部有书面的健全的管理制度，岗位责任制明确，管理费用控制合理',null,'010','1',null,null,null,null,null,null,null,null,null,null,null,null,null,null,'system','2009/07/29 16:06:21',null,null);
INSERT INTO CODE_LIBRARY (CODENO,ITEMNO,ITEMNAME,BANKNO,SORTNO,ISINUSE,ITEMDESCRIBE,ITEMATTRIBUTE,RELATIVECODE,ATTRIBUTE1,ATTRIBUTE2,ATTRIBUTE3,ATTRIBUTE4,ATTRIBUTE5,ATTRIBUTE6,ATTRIBUTE7,ATTRIBUTE8,INPUTUSER,INPUTORG,INPUTTIME,UPDATEUSER,UPDATETIME,REMARK,HELPTEXT) VALUES ('事业单位管理水平','020','有书面的简单的管理制度，岗位责任制比较健全，管理费用虽有增加但能控制在一定范围内',null,'020','1',null,null,null,null,null,null,null,null,null,null,null,null,null,null,'system','2009/07/29 16:06:23',null,null);
INSERT INTO CODE_LIBRARY (CODENO,ITEMNO,ITEMNAME,BANKNO,SORTNO,ISINUSE,ITEMDESCRIBE,ITEMATTRIBUTE,RELATIVECODE,ATTRIBUTE1,ATTRIBUTE2,ATTRIBUTE3,ATTRIBUTE4,ATTRIBUTE5,ATTRIBUTE6,ATTRIBUTE7,ATTRIBUTE8,INPUTUSER,INPUTORG,INPUTTIME,UPDATEUSER,UPDATETIME,REMARK,HELPTEXT) VALUES ('事业单位管理水平','030','缺乏基本的政策制度和岗位责任制，管理费用占比较高而且增长很快',null,'030','1',null,null,null,null,null,null,null,null,null,null,null,null,null,null,'system','2009/07/29 16:06:23',null,null);

--delete FROM code_catalog where CodeNo='事业单位经费预算方式';
--delete FROM code_library where CodeNo='事业单位经费预算方式';
INSERT INTO CODE_CATALOG (CODENO,SORTNO,CODETYPEONE,CODETYPETWO,CODENAME,CODEDESCRIBE,CODEATTRIBUTE,INPUTUSER,INPUTORG,INPUTTIME,UPDATEUSER,UPDATETIME,REMARK) VALUES ('事业单位经费预算方式',null,'1.客户管理','信用等级评估','事业单位经费预算方式',null,null,'system','9900','2009/07/29 15:51:13','system','2009/07/29 15:51:16',null);
INSERT INTO CODE_LIBRARY (CODENO,ITEMNO,ITEMNAME,BANKNO,SORTNO,ISINUSE,ITEMDESCRIBE,ITEMATTRIBUTE,RELATIVECODE,ATTRIBUTE1,ATTRIBUTE2,ATTRIBUTE3,ATTRIBUTE4,ATTRIBUTE5,ATTRIBUTE6,ATTRIBUTE7,ATTRIBUTE8,INPUTUSER,INPUTORG,INPUTTIME,UPDATEUSER,UPDATETIME,REMARK,HELPTEXT) VALUES ('事业单位经费预算方式','010','全额预算',null,'010','1',null,null,null,null,null,null,null,null,null,null,null,null,null,null,'system','2009/07/29 16:06:21',null,null);
INSERT INTO CODE_LIBRARY (CODENO,ITEMNO,ITEMNAME,BANKNO,SORTNO,ISINUSE,ITEMDESCRIBE,ITEMATTRIBUTE,RELATIVECODE,ATTRIBUTE1,ATTRIBUTE2,ATTRIBUTE3,ATTRIBUTE4,ATTRIBUTE5,ATTRIBUTE6,ATTRIBUTE7,ATTRIBUTE8,INPUTUSER,INPUTORG,INPUTTIME,UPDATEUSER,UPDATETIME,REMARK,HELPTEXT) VALUES ('事业单位经费预算方式','020','差额预算',null,'020','1',null,null,null,null,null,null,null,null,null,null,null,null,null,null,'system','2009/07/29 16:06:23',null,null);
INSERT INTO CODE_LIBRARY (CODENO,ITEMNO,ITEMNAME,BANKNO,SORTNO,ISINUSE,ITEMDESCRIBE,ITEMATTRIBUTE,RELATIVECODE,ATTRIBUTE1,ATTRIBUTE2,ATTRIBUTE3,ATTRIBUTE4,ATTRIBUTE5,ATTRIBUTE6,ATTRIBUTE7,ATTRIBUTE8,INPUTUSER,INPUTORG,INPUTTIME,UPDATEUSER,UPDATETIME,REMARK,HELPTEXT) VALUES ('事业单位经费预算方式','030','自收自营',null,'030','1',null,null,null,null,null,null,null,null,null,null,null,null,null,null,'system','2009/07/29 16:06:23',null,null);

--delete FROM code_catalog where CodeNo='借款所投资项目是否已列入财政预算';
--delete FROM code_library where CodeNo='借款所投资项目是否已列入财政预算';
INSERT INTO CODE_CATALOG (CODENO,SORTNO,CODETYPEONE,CODETYPETWO,CODENAME,CODEDESCRIBE,CODEATTRIBUTE,INPUTUSER,INPUTORG,INPUTTIME,UPDATEUSER,UPDATETIME,REMARK) VALUES ('借款所投资项目是否已列入财政预算',null,'1.客户管理','信用等级评估','借款所投资项目是否已列入财政预算',null,null,'system','9900','2009/07/29 15:51:13','system','2009/07/29 15:51:16',null);
INSERT INTO CODE_LIBRARY (CODENO,ITEMNO,ITEMNAME,BANKNO,SORTNO,ISINUSE,ITEMDESCRIBE,ITEMATTRIBUTE,RELATIVECODE,ATTRIBUTE1,ATTRIBUTE2,ATTRIBUTE3,ATTRIBUTE4,ATTRIBUTE5,ATTRIBUTE6,ATTRIBUTE7,ATTRIBUTE8,INPUTUSER,INPUTORG,INPUTTIME,UPDATEUSER,UPDATETIME,REMARK,HELPTEXT) VALUES ('借款所投资项目是否已列入财政预算','010','借款项目已列入财政预算',null,'010','1',null,null,null,null,null,null,null,null,null,null,null,null,null,null,'system','2009/07/29 16:06:21',null,null);
INSERT INTO CODE_LIBRARY (CODENO,ITEMNO,ITEMNAME,BANKNO,SORTNO,ISINUSE,ITEMDESCRIBE,ITEMATTRIBUTE,RELATIVECODE,ATTRIBUTE1,ATTRIBUTE2,ATTRIBUTE3,ATTRIBUTE4,ATTRIBUTE5,ATTRIBUTE6,ATTRIBUTE7,ATTRIBUTE8,INPUTUSER,INPUTORG,INPUTTIME,UPDATEUSER,UPDATETIME,REMARK,HELPTEXT) VALUES ('借款所投资项目是否已列入财政预算','020','借款项目未列入财政预算',null,'020','1',null,null,null,null,null,null,null,null,null,null,null,null,null,null,'system','2009/07/29 16:06:23',null,null);

--delete FROM code_catalog where CodeNo='资金统筹能力';
--delete FROM code_library where CodeNo='资金统筹能力';
INSERT INTO CODE_CATALOG (CODENO,SORTNO,CODETYPEONE,CODETYPETWO,CODENAME,CODEDESCRIBE,CODEATTRIBUTE,INPUTUSER,INPUTORG,INPUTTIME,UPDATEUSER,UPDATETIME,REMARK) VALUES ('资金统筹能力',null,'1.客户管理','信用等级评估','资金统筹能力',null,null,'system','9900','2009/07/29 15:51:13','system','2009/07/29 15:51:16',null);
INSERT INTO CODE_LIBRARY (CODENO,ITEMNO,ITEMNAME,BANKNO,SORTNO,ISINUSE,ITEMDESCRIBE,ITEMATTRIBUTE,RELATIVECODE,ATTRIBUTE1,ATTRIBUTE2,ATTRIBUTE3,ATTRIBUTE4,ATTRIBUTE5,ATTRIBUTE6,ATTRIBUTE7,ATTRIBUTE8,INPUTUSER,INPUTORG,INPUTTIME,UPDATEUSER,UPDATETIME,REMARK,HELPTEXT) VALUES ('资金统筹能力','010','具备贷款资金规模确定和资金统筹安排的内部控制体系，执行良好，无当年或短期内的资金缺口',null,'010','1',null,null,null,null,null,null,null,null,null,null,null,null,null,null,'system','2009/07/29 16:06:21',null,null);
INSERT INTO CODE_LIBRARY (CODENO,ITEMNO,ITEMNAME,BANKNO,SORTNO,ISINUSE,ITEMDESCRIBE,ITEMATTRIBUTE,RELATIVECODE,ATTRIBUTE1,ATTRIBUTE2,ATTRIBUTE3,ATTRIBUTE4,ATTRIBUTE5,ATTRIBUTE6,ATTRIBUTE7,ATTRIBUTE8,INPUTUSER,INPUTORG,INPUTTIME,UPDATEUSER,UPDATETIME,REMARK,HELPTEXT) VALUES ('资金统筹能力','020','具备贷款资金规模确定和资金统筹安排的内部控制体系，执行情况一般，无当年或短期内的资金缺口',null,'020','1',null,null,null,null,null,null,null,null,null,null,null,null,null,null,'system','2009/07/29 16:06:23',null,null);
INSERT INTO CODE_LIBRARY (CODENO,ITEMNO,ITEMNAME,BANKNO,SORTNO,ISINUSE,ITEMDESCRIBE,ITEMATTRIBUTE,RELATIVECODE,ATTRIBUTE1,ATTRIBUTE2,ATTRIBUTE3,ATTRIBUTE4,ATTRIBUTE5,ATTRIBUTE6,ATTRIBUTE7,ATTRIBUTE8,INPUTUSER,INPUTORG,INPUTTIME,UPDATEUSER,UPDATETIME,REMARK,HELPTEXT) VALUES ('资金统筹能力','030','没有贷款资金规模确定和资金统筹安排的内部控制体系，存在当年或短期内的资金缺口',null,'030','1',null,null,null,null,null,null,null,null,null,null,null,null,null,null,'system','2009/07/29 16:06:23',null,null);

--delete FROM code_catalog where CodeNo='信贷政策';
--delete FROM code_library where CodeNo='信贷政策';
INSERT INTO CODE_CATALOG (CODENO,SORTNO,CODETYPEONE,CODETYPETWO,CODENAME,CODEDESCRIBE,CODEATTRIBUTE,INPUTUSER,INPUTORG,INPUTTIME,UPDATEUSER,UPDATETIME,REMARK) VALUES ('信贷政策',null,'1.客户管理','信用等级评估','信贷政策',null,null,'system','9900','2009/07/29 15:51:13','system','2009/07/29 15:51:16',null);
INSERT INTO CODE_LIBRARY (CODENO,ITEMNO,ITEMNAME,BANKNO,SORTNO,ISINUSE,ITEMDESCRIBE,ITEMATTRIBUTE,RELATIVECODE,ATTRIBUTE1,ATTRIBUTE2,ATTRIBUTE3,ATTRIBUTE4,ATTRIBUTE5,ATTRIBUTE6,ATTRIBUTE7,ATTRIBUTE8,INPUTUSER,INPUTORG,INPUTTIME,UPDATEUSER,UPDATETIME,REMARK,HELPTEXT) VALUES ('信贷政策','010','有信贷倾斜',null,'010','1',null,null,null,null,null,null,null,null,null,null,null,null,null,null,'system','2009/07/29 16:06:21',null,null);
INSERT INTO CODE_LIBRARY (CODENO,ITEMNO,ITEMNAME,BANKNO,SORTNO,ISINUSE,ITEMDESCRIBE,ITEMATTRIBUTE,RELATIVECODE,ATTRIBUTE1,ATTRIBUTE2,ATTRIBUTE3,ATTRIBUTE4,ATTRIBUTE5,ATTRIBUTE6,ATTRIBUTE7,ATTRIBUTE8,INPUTUSER,INPUTORG,INPUTTIME,UPDATEUSER,UPDATETIME,REMARK,HELPTEXT) VALUES ('信贷政策','020','无信贷倾斜',null,'020','1',null,null,null,null,null,null,null,null,null,null,null,null,null,null,'system','2009/07/29 16:06:23',null,null);

--delete FROM code_catalog where CodeNo='政府对事业单位从事行业支持程度';
--delete FROM code_library where CodeNo='政府对事业单位从事行业支持程度';
INSERT INTO CODE_CATALOG (CODENO,SORTNO,CODETYPEONE,CODETYPETWO,CODENAME,CODEDESCRIBE,CODEATTRIBUTE,INPUTUSER,INPUTORG,INPUTTIME,UPDATEUSER,UPDATETIME,REMARK) VALUES ('政府对事业单位从事行业支持程度',null,'1.客户管理','信用等级评估','政府对事业单位从事行业支持程度',null,null,'system','9900','2009/07/29 15:51:13','system','2009/07/29 15:51:16',null);
INSERT INTO CODE_LIBRARY (CODENO,ITEMNO,ITEMNAME,BANKNO,SORTNO,ISINUSE,ITEMDESCRIBE,ITEMATTRIBUTE,RELATIVECODE,ATTRIBUTE1,ATTRIBUTE2,ATTRIBUTE3,ATTRIBUTE4,ATTRIBUTE5,ATTRIBUTE6,ATTRIBUTE7,ATTRIBUTE8,INPUTUSER,INPUTORG,INPUTTIME,UPDATEUSER,UPDATETIME,REMARK,HELPTEXT) VALUES ('政府对事业单位从事行业支持程度','010','支持',null,'010','1',null,null,null,null,null,null,null,null,null,null,null,null,null,null,'system','2009/07/29 16:06:21',null,null);
INSERT INTO CODE_LIBRARY (CODENO,ITEMNO,ITEMNAME,BANKNO,SORTNO,ISINUSE,ITEMDESCRIBE,ITEMATTRIBUTE,RELATIVECODE,ATTRIBUTE1,ATTRIBUTE2,ATTRIBUTE3,ATTRIBUTE4,ATTRIBUTE5,ATTRIBUTE6,ATTRIBUTE7,ATTRIBUTE8,INPUTUSER,INPUTORG,INPUTTIME,UPDATEUSER,UPDATETIME,REMARK,HELPTEXT) VALUES ('政府对事业单位从事行业支持程度','020','一般',null,'020','1',null,null,null,null,null,null,null,null,null,null,null,null,null,null,'system','2009/07/29 16:06:23',null,null);
INSERT INTO CODE_LIBRARY (CODENO,ITEMNO,ITEMNAME,BANKNO,SORTNO,ISINUSE,ITEMDESCRIBE,ITEMATTRIBUTE,RELATIVECODE,ATTRIBUTE1,ATTRIBUTE2,ATTRIBUTE3,ATTRIBUTE4,ATTRIBUTE5,ATTRIBUTE6,ATTRIBUTE7,ATTRIBUTE8,INPUTUSER,INPUTORG,INPUTTIME,UPDATEUSER,UPDATETIME,REMARK,HELPTEXT) VALUES ('政府对事业单位从事行业支持程度','030','不支持',null,'030','1',null,null,null,null,null,null,null,null,null,null,null,null,null,null,'system','2009/07/29 16:06:23',null,null);

--delete FROM code_catalog where CodeNo='经费拨款趋势';
--delete FROM code_library where CodeNo='经费拨款趋势';
INSERT INTO CODE_CATALOG (CODENO,SORTNO,CODETYPEONE,CODETYPETWO,CODENAME,CODEDESCRIBE,CODEATTRIBUTE,INPUTUSER,INPUTORG,INPUTTIME,UPDATEUSER,UPDATETIME,REMARK) VALUES ('经费拨款趋势',null,'1.客户管理','信用等级评估','经费拨款趋势',null,null,'system','9900','2009/07/29 15:51:13','system','2009/07/29 15:51:16',null);
INSERT INTO CODE_LIBRARY (CODENO,ITEMNO,ITEMNAME,BANKNO,SORTNO,ISINUSE,ITEMDESCRIBE,ITEMATTRIBUTE,RELATIVECODE,ATTRIBUTE1,ATTRIBUTE2,ATTRIBUTE3,ATTRIBUTE4,ATTRIBUTE5,ATTRIBUTE6,ATTRIBUTE7,ATTRIBUTE8,INPUTUSER,INPUTORG,INPUTTIME,UPDATEUSER,UPDATETIME,REMARK,HELPTEXT) VALUES ('经费拨款趋势','010','逐年增加',null,'010','1',null,null,null,null,null,null,null,null,null,null,null,null,null,null,'system','2009/07/29 16:06:21',null,null);
INSERT INTO CODE_LIBRARY (CODENO,ITEMNO,ITEMNAME,BANKNO,SORTNO,ISINUSE,ITEMDESCRIBE,ITEMATTRIBUTE,RELATIVECODE,ATTRIBUTE1,ATTRIBUTE2,ATTRIBUTE3,ATTRIBUTE4,ATTRIBUTE5,ATTRIBUTE6,ATTRIBUTE7,ATTRIBUTE8,INPUTUSER,INPUTORG,INPUTTIME,UPDATEUSER,UPDATETIME,REMARK,HELPTEXT) VALUES ('经费拨款趋势','020','持平',null,'020','1',null,null,null,null,null,null,null,null,null,null,null,null,null,null,'system','2009/07/29 16:06:23',null,null);
INSERT INTO CODE_LIBRARY (CODENO,ITEMNO,ITEMNAME,BANKNO,SORTNO,ISINUSE,ITEMDESCRIBE,ITEMATTRIBUTE,RELATIVECODE,ATTRIBUTE1,ATTRIBUTE2,ATTRIBUTE3,ATTRIBUTE4,ATTRIBUTE5,ATTRIBUTE6,ATTRIBUTE7,ATTRIBUTE8,INPUTUSER,INPUTORG,INPUTTIME,UPDATEUSER,UPDATETIME,REMARK,HELPTEXT) VALUES ('经费拨款趋势','030','下降',null,'030','1',null,null,null,null,null,null,null,null,null,null,null,null,null,null,'system','2009/07/29 16:06:23',null,null);

--delete FROM code_catalog where CodeNo='自营收入发展趋势';
--delete FROM code_library where CodeNo='自营收入发展趋势';
INSERT INTO CODE_CATALOG (CODENO,SORTNO,CODETYPEONE,CODETYPETWO,CODENAME,CODEDESCRIBE,CODEATTRIBUTE,INPUTUSER,INPUTORG,INPUTTIME,UPDATEUSER,UPDATETIME,REMARK) VALUES ('自营收入发展趋势',null,'1.客户管理','信用等级评估','自营收入发展趋势',null,null,'system','9900','2009/07/29 15:51:13','system','2009/07/29 15:51:16',null);
INSERT INTO CODE_LIBRARY (CODENO,ITEMNO,ITEMNAME,BANKNO,SORTNO,ISINUSE,ITEMDESCRIBE,ITEMATTRIBUTE,RELATIVECODE,ATTRIBUTE1,ATTRIBUTE2,ATTRIBUTE3,ATTRIBUTE4,ATTRIBUTE5,ATTRIBUTE6,ATTRIBUTE7,ATTRIBUTE8,INPUTUSER,INPUTORG,INPUTTIME,UPDATEUSER,UPDATETIME,REMARK,HELPTEXT) VALUES ('自营收入发展趋势','010','逐年增加',null,'010','1',null,null,null,null,null,null,null,null,null,null,null,null,null,null,'system','2009/07/29 16:06:21',null,null);
INSERT INTO CODE_LIBRARY (CODENO,ITEMNO,ITEMNAME,BANKNO,SORTNO,ISINUSE,ITEMDESCRIBE,ITEMATTRIBUTE,RELATIVECODE,ATTRIBUTE1,ATTRIBUTE2,ATTRIBUTE3,ATTRIBUTE4,ATTRIBUTE5,ATTRIBUTE6,ATTRIBUTE7,ATTRIBUTE8,INPUTUSER,INPUTORG,INPUTTIME,UPDATEUSER,UPDATETIME,REMARK,HELPTEXT) VALUES ('自营收入发展趋势','020','持平',null,'020','1',null,null,null,null,null,null,null,null,null,null,null,null,null,null,'system','2009/07/29 16:06:23',null,null);
INSERT INTO CODE_LIBRARY (CODENO,ITEMNO,ITEMNAME,BANKNO,SORTNO,ISINUSE,ITEMDESCRIBE,ITEMATTRIBUTE,RELATIVECODE,ATTRIBUTE1,ATTRIBUTE2,ATTRIBUTE3,ATTRIBUTE4,ATTRIBUTE5,ATTRIBUTE6,ATTRIBUTE7,ATTRIBUTE8,INPUTUSER,INPUTORG,INPUTTIME,UPDATEUSER,UPDATETIME,REMARK,HELPTEXT) VALUES ('自营收入发展趋势','030','下降',null,'030','1',null,null,null,null,null,null,null,null,null,null,null,null,null,null,'system','2009/07/29 16:06:23',null,null);

--delete FROM code_catalog where CodeNo='股东支持力度';
--delete FROM code_library where CodeNo='股东支持力度';
INSERT INTO CODE_CATALOG (CODENO,SORTNO,CODETYPEONE,CODETYPETWO,CODENAME,CODEDESCRIBE,CODEATTRIBUTE,INPUTUSER,INPUTORG,INPUTTIME,UPDATEUSER,UPDATETIME,REMARK) VALUES ('股东支持力度',null,'1.客户管理','信用等级评估','股东支持力度',null,null,'system','9900','2009/07/29 15:51:13','system','2009/07/29 15:51:16',null);
INSERT INTO CODE_LIBRARY (CODENO,ITEMNO,ITEMNAME,BANKNO,SORTNO,ISINUSE,ITEMDESCRIBE,ITEMATTRIBUTE,RELATIVECODE,ATTRIBUTE1,ATTRIBUTE2,ATTRIBUTE3,ATTRIBUTE4,ATTRIBUTE5,ATTRIBUTE6,ATTRIBUTE7,ATTRIBUTE8,INPUTUSER,INPUTORG,INPUTTIME,UPDATEUSER,UPDATETIME,REMARK,HELPTEXT) VALUES ('股东支持力度','010','有股东借款，且明确约定偿还次序晚于银行贷款；同时企业的成败对股东有较大的影响',null,'010','1',null,null,null,null,null,null,null,null,null,null,null,null,null,null,'system','2009/07/29 16:06:21',null,null);
INSERT INTO CODE_LIBRARY (CODENO,ITEMNO,ITEMNAME,BANKNO,SORTNO,ISINUSE,ITEMDESCRIBE,ITEMATTRIBUTE,RELATIVECODE,ATTRIBUTE1,ATTRIBUTE2,ATTRIBUTE3,ATTRIBUTE4,ATTRIBUTE5,ATTRIBUTE6,ATTRIBUTE7,ATTRIBUTE8,INPUTUSER,INPUTORG,INPUTTIME,UPDATEUSER,UPDATETIME,REMARK,HELPTEXT) VALUES ('股东支持力度','020','有股东借款，但无明确约定偿还次序；同时企业的成败对其股东有一定的影响',null,'020','1',null,null,null,null,null,null,null,null,null,null,null,null,null,null,'system','2009/07/29 16:06:23',null,null);
INSERT INTO CODE_LIBRARY (CODENO,ITEMNO,ITEMNAME,BANKNO,SORTNO,ISINUSE,ITEMDESCRIBE,ITEMATTRIBUTE,RELATIVECODE,ATTRIBUTE1,ATTRIBUTE2,ATTRIBUTE3,ATTRIBUTE4,ATTRIBUTE5,ATTRIBUTE6,ATTRIBUTE7,ATTRIBUTE8,INPUTUSER,INPUTORG,INPUTTIME,UPDATEUSER,UPDATETIME,REMARK,HELPTEXT) VALUES ('股东支持力度','030','企业没有股东借款；同时企业的成败对股东没有太大的影响',null,'030','1',null,null,null,null,null,null,null,null,null,null,null,null,null,null,'system','2009/07/29 16:06:23',null,null);

--delete FROM code_catalog where CodeNo='行业资金壁垒';
--delete FROM code_library where CodeNo='行业资金壁垒';
INSERT INTO CODE_CATALOG (CODENO,SORTNO,CODETYPEONE,CODETYPETWO,CODENAME,CODEDESCRIBE,CODEATTRIBUTE,INPUTUSER,INPUTORG,INPUTTIME,UPDATEUSER,UPDATETIME,REMARK) VALUES ('行业资金壁垒',null,'1.客户管理','信用等级评估','行业资金壁垒',null,null,'system','9900','2009/07/29 15:51:13','system','2009/07/29 15:51:16',null);
INSERT INTO CODE_LIBRARY (CODENO,ITEMNO,ITEMNAME,BANKNO,SORTNO,ISINUSE,ITEMDESCRIBE,ITEMATTRIBUTE,RELATIVECODE,ATTRIBUTE1,ATTRIBUTE2,ATTRIBUTE3,ATTRIBUTE4,ATTRIBUTE5,ATTRIBUTE6,ATTRIBUTE7,ATTRIBUTE8,INPUTUSER,INPUTORG,INPUTTIME,UPDATEUSER,UPDATETIME,REMARK,HELPTEXT) VALUES ('行业资金壁垒','010','行业资金需要量大，行业进入难度较大',null,'010','1',null,null,null,null,null,null,null,null,null,null,null,null,null,null,'system','2009/07/29 16:06:21',null,null);
INSERT INTO CODE_LIBRARY (CODENO,ITEMNO,ITEMNAME,BANKNO,SORTNO,ISINUSE,ITEMDESCRIBE,ITEMATTRIBUTE,RELATIVECODE,ATTRIBUTE1,ATTRIBUTE2,ATTRIBUTE3,ATTRIBUTE4,ATTRIBUTE5,ATTRIBUTE6,ATTRIBUTE7,ATTRIBUTE8,INPUTUSER,INPUTORG,INPUTTIME,UPDATEUSER,UPDATETIME,REMARK,HELPTEXT) VALUES ('行业资金壁垒','020','行业资金需要量中等',null,'020','1',null,null,null,null,null,null,null,null,null,null,null,null,null,null,'system','2009/07/29 16:06:23',null,null);
INSERT INTO CODE_LIBRARY (CODENO,ITEMNO,ITEMNAME,BANKNO,SORTNO,ISINUSE,ITEMDESCRIBE,ITEMATTRIBUTE,RELATIVECODE,ATTRIBUTE1,ATTRIBUTE2,ATTRIBUTE3,ATTRIBUTE4,ATTRIBUTE5,ATTRIBUTE6,ATTRIBUTE7,ATTRIBUTE8,INPUTUSER,INPUTORG,INPUTTIME,UPDATEUSER,UPDATETIME,REMARK,HELPTEXT) VALUES ('行业资金壁垒','030','行业资金需要量小，行业进入难度较小',null,'030','1',null,null,null,null,null,null,null,null,null,null,null,null,null,null,'system','2009/07/29 16:06:23',null,null);

--delete FROM code_catalog where CodeNo='政策及技术壁垒';
--delete FROM code_library where CodeNo='政策及技术壁垒';
INSERT INTO CODE_CATALOG (CODENO,SORTNO,CODETYPEONE,CODETYPETWO,CODENAME,CODEDESCRIBE,CODEATTRIBUTE,INPUTUSER,INPUTORG,INPUTTIME,UPDATEUSER,UPDATETIME,REMARK) VALUES ('政策及技术壁垒',null,'1.客户管理','信用等级评估','政策及技术壁垒',null,null,'system','9900','2009/07/29 15:51:13','system','2009/07/29 15:51:16',null);
INSERT INTO CODE_LIBRARY (CODENO,ITEMNO,ITEMNAME,BANKNO,SORTNO,ISINUSE,ITEMDESCRIBE,ITEMATTRIBUTE,RELATIVECODE,ATTRIBUTE1,ATTRIBUTE2,ATTRIBUTE3,ATTRIBUTE4,ATTRIBUTE5,ATTRIBUTE6,ATTRIBUTE7,ATTRIBUTE8,INPUTUSER,INPUTORG,INPUTTIME,UPDATEUSER,UPDATETIME,REMARK,HELPTEXT) VALUES ('政策及技术壁垒','010','企业属于完全垄断的行业或者拥有政府提供的专营权，或进入该行业的技术要求高',null,'010','1',null,null,null,null,null,null,null,null,null,null,null,null,null,null,'system','2009/07/29 16:06:21',null,null);
INSERT INTO CODE_LIBRARY (CODENO,ITEMNO,ITEMNAME,BANKNO,SORTNO,ISINUSE,ITEMDESCRIBE,ITEMATTRIBUTE,RELATIVECODE,ATTRIBUTE1,ATTRIBUTE2,ATTRIBUTE3,ATTRIBUTE4,ATTRIBUTE5,ATTRIBUTE6,ATTRIBUTE7,ATTRIBUTE8,INPUTUSER,INPUTORG,INPUTTIME,UPDATEUSER,UPDATETIME,REMARK,HELPTEXT) VALUES ('政策及技术壁垒','020','企业所在的行业有较高的进入门槛或者处于寡头垄断的行业，或进入该行业的技术要求一般',null,'020','1',null,null,null,null,null,null,null,null,null,null,null,null,null,null,'system','2009/07/29 16:06:23',null,null);
INSERT INTO CODE_LIBRARY (CODENO,ITEMNO,ITEMNAME,BANKNO,SORTNO,ISINUSE,ITEMDESCRIBE,ITEMATTRIBUTE,RELATIVECODE,ATTRIBUTE1,ATTRIBUTE2,ATTRIBUTE3,ATTRIBUTE4,ATTRIBUTE5,ATTRIBUTE6,ATTRIBUTE7,ATTRIBUTE8,INPUTUSER,INPUTORG,INPUTTIME,UPDATEUSER,UPDATETIME,REMARK,HELPTEXT) VALUES ('政策及技术壁垒','030','企业处于充分竞争的行业，且进入该行业的技术要求较低',null,'030','1',null,null,null,null,null,null,null,null,null,null,null,null,null,null,'system','2009/07/29 16:06:23',null,null);

--delete FROM code_catalog where CodeNo='担保公司经营年限';
--delete FROM code_library where CodeNo='担保公司经营年限';
INSERT INTO CODE_CATALOG (CODENO,SORTNO,CODETYPEONE,CODETYPETWO,CODENAME,CODEDESCRIBE,CODEATTRIBUTE,INPUTUSER,INPUTORG,INPUTTIME,UPDATEUSER,UPDATETIME,REMARK) VALUES ('担保公司经营年限',null,'1.客户管理','信用等级评估','担保公司经营年限',null,null,'system','9900','2009/07/29 15:51:13','system','2009/07/29 15:51:16',null);
INSERT INTO CODE_LIBRARY (CODENO,ITEMNO,ITEMNAME,BANKNO,SORTNO,ISINUSE,ITEMDESCRIBE,ITEMATTRIBUTE,RELATIVECODE,ATTRIBUTE1,ATTRIBUTE2,ATTRIBUTE3,ATTRIBUTE4,ATTRIBUTE5,ATTRIBUTE6,ATTRIBUTE7,ATTRIBUTE8,INPUTUSER,INPUTORG,INPUTTIME,UPDATEUSER,UPDATETIME,REMARK,HELPTEXT) VALUES ('担保公司经营年限','010','经营5年（含）以上',null,'010','1',null,null,null,null,null,null,null,null,null,null,null,null,null,null,'system','2009/07/29 16:06:21',null,null);
INSERT INTO CODE_LIBRARY (CODENO,ITEMNO,ITEMNAME,BANKNO,SORTNO,ISINUSE,ITEMDESCRIBE,ITEMATTRIBUTE,RELATIVECODE,ATTRIBUTE1,ATTRIBUTE2,ATTRIBUTE3,ATTRIBUTE4,ATTRIBUTE5,ATTRIBUTE6,ATTRIBUTE7,ATTRIBUTE8,INPUTUSER,INPUTORG,INPUTTIME,UPDATEUSER,UPDATETIME,REMARK,HELPTEXT) VALUES ('担保公司经营年限','020','经营3（含）-5年',null,'020','1',null,null,null,null,null,null,null,null,null,null,null,null,null,null,'system','2009/07/29 16:06:23',null,null);
INSERT INTO CODE_LIBRARY (CODENO,ITEMNO,ITEMNAME,BANKNO,SORTNO,ISINUSE,ITEMDESCRIBE,ITEMATTRIBUTE,RELATIVECODE,ATTRIBUTE1,ATTRIBUTE2,ATTRIBUTE3,ATTRIBUTE4,ATTRIBUTE5,ATTRIBUTE6,ATTRIBUTE7,ATTRIBUTE8,INPUTUSER,INPUTORG,INPUTTIME,UPDATEUSER,UPDATETIME,REMARK,HELPTEXT) VALUES ('担保公司经营年限','030','经营3年以下',null,'030','1',null,null,null,null,null,null,null,null,null,null,null,null,null,null,'system','2009/07/29 16:06:23',null,null);

--delete FROM code_catalog where CodeNo='股东是否有关联担保';
--delete FROM code_library where CodeNo='股东是否有关联担保';
INSERT INTO CODE_CATALOG (CODENO,SORTNO,CODETYPEONE,CODETYPETWO,CODENAME,CODEDESCRIBE,CODEATTRIBUTE,INPUTUSER,INPUTORG,INPUTTIME,UPDATEUSER,UPDATETIME,REMARK) VALUES ('股东是否有关联担保',null,'1.客户管理','信用等级评估','股东是否有关联担保',null,null,'system','9900','2009/07/29 15:51:13','system','2009/07/29 15:51:16',null);
INSERT INTO CODE_LIBRARY (CODENO,ITEMNO,ITEMNAME,BANKNO,SORTNO,ISINUSE,ITEMDESCRIBE,ITEMATTRIBUTE,RELATIVECODE,ATTRIBUTE1,ATTRIBUTE2,ATTRIBUTE3,ATTRIBUTE4,ATTRIBUTE5,ATTRIBUTE6,ATTRIBUTE7,ATTRIBUTE8,INPUTUSER,INPUTORG,INPUTTIME,UPDATEUSER,UPDATETIME,REMARK,HELPTEXT) VALUES ('股东是否有关联担保','010','股东无关联担保',null,'010','1',null,null,null,null,null,null,null,null,null,null,null,null,null,null,'system','2009/07/29 16:06:21',null,null);
INSERT INTO CODE_LIBRARY (CODENO,ITEMNO,ITEMNAME,BANKNO,SORTNO,ISINUSE,ITEMDESCRIBE,ITEMATTRIBUTE,RELATIVECODE,ATTRIBUTE1,ATTRIBUTE2,ATTRIBUTE3,ATTRIBUTE4,ATTRIBUTE5,ATTRIBUTE6,ATTRIBUTE7,ATTRIBUTE8,INPUTUSER,INPUTORG,INPUTTIME,UPDATEUSER,UPDATETIME,REMARK,HELPTEXT) VALUES ('股东是否有关联担保','020','有少量关联担保，担保额是净资产5%以下',null,'020','1',null,null,null,null,null,null,null,null,null,null,null,null,null,null,'system','2009/07/29 16:06:23',null,null);
INSERT INTO CODE_LIBRARY (CODENO,ITEMNO,ITEMNAME,BANKNO,SORTNO,ISINUSE,ITEMDESCRIBE,ITEMATTRIBUTE,RELATIVECODE,ATTRIBUTE1,ATTRIBUTE2,ATTRIBUTE3,ATTRIBUTE4,ATTRIBUTE5,ATTRIBUTE6,ATTRIBUTE7,ATTRIBUTE8,INPUTUSER,INPUTORG,INPUTTIME,UPDATEUSER,UPDATETIME,REMARK,HELPTEXT) VALUES ('股东是否有关联担保','030','关联担保比较严重，担保额大于净资产的5%',null,'030','1',null,null,null,null,null,null,null,null,null,null,null,null,null,null,'system','2009/07/29 16:06:23',null,null);

--delete FROM code_catalog where CodeNo='员工实力';
--delete FROM code_library where CodeNo='员工实力';
INSERT INTO CODE_CATALOG (CODENO,SORTNO,CODETYPEONE,CODETYPETWO,CODENAME,CODEDESCRIBE,CODEATTRIBUTE,INPUTUSER,INPUTORG,INPUTTIME,UPDATEUSER,UPDATETIME,REMARK) VALUES ('员工实力',null,'1.客户管理','信用等级评估','员工实力',null,null,'system','9900','2009/07/29 15:51:13','system','2009/07/29 15:51:16',null);
INSERT INTO CODE_LIBRARY (CODENO,ITEMNO,ITEMNAME,BANKNO,SORTNO,ISINUSE,ITEMDESCRIBE,ITEMATTRIBUTE,RELATIVECODE,ATTRIBUTE1,ATTRIBUTE2,ATTRIBUTE3,ATTRIBUTE4,ATTRIBUTE5,ATTRIBUTE6,ATTRIBUTE7,ATTRIBUTE8,INPUTUSER,INPUTORG,INPUTTIME,UPDATEUSER,UPDATETIME,REMARK,HELPTEXT) VALUES ('员工实力','010','公司人才储备丰富，公司内部有着相当规模的具有经济、金融、法律、技术等方面资格的专业人才，70%以上员工之前有过融资性担保业务经验',null,'010','1',null,null,null,null,null,null,null,null,null,null,null,null,null,null,'system','2009/07/29 16:06:21',null,null);
INSERT INTO CODE_LIBRARY (CODENO,ITEMNO,ITEMNAME,BANKNO,SORTNO,ISINUSE,ITEMDESCRIBE,ITEMATTRIBUTE,RELATIVECODE,ATTRIBUTE1,ATTRIBUTE2,ATTRIBUTE3,ATTRIBUTE4,ATTRIBUTE5,ATTRIBUTE6,ATTRIBUTE7,ATTRIBUTE8,INPUTUSER,INPUTORG,INPUTTIME,UPDATEUSER,UPDATETIME,REMARK,HELPTEXT) VALUES ('员工实力','020','公司人才储备情况中等，公司内部具有经济、金融、法律、技术等方面资格的专业人才数量中等，员工比例在20%到70%之间之前有过融资性担保业务经验',null,'020','1',null,null,null,null,null,null,null,null,null,null,null,null,null,null,'system','2009/07/29 16:06:23',null,null);
INSERT INTO CODE_LIBRARY (CODENO,ITEMNO,ITEMNAME,BANKNO,SORTNO,ISINUSE,ITEMDESCRIBE,ITEMATTRIBUTE,RELATIVECODE,ATTRIBUTE1,ATTRIBUTE2,ATTRIBUTE3,ATTRIBUTE4,ATTRIBUTE5,ATTRIBUTE6,ATTRIBUTE7,ATTRIBUTE8,INPUTUSER,INPUTORG,INPUTTIME,UPDATEUSER,UPDATETIME,REMARK,HELPTEXT) VALUES ('员工实力','030','公司人才储备缺乏，公司内部有着少数或不具备有着经济、金融、法律、技术等方面资格的专业人才，员工比例低于20%之前有过融资性担保业务经验',null,'030','1',null,null,null,null,null,null,null,null,null,null,null,null,null,null,'system','2009/07/29 16:06:23',null,null);

--delete FROM code_catalog where CodeNo='担保公司风险管理水平';
--delete FROM code_library where CodeNo='担保公司风险管理水平';
INSERT INTO CODE_CATALOG (CODENO,SORTNO,CODETYPEONE,CODETYPETWO,CODENAME,CODEDESCRIBE,CODEATTRIBUTE,INPUTUSER,INPUTORG,INPUTTIME,UPDATEUSER,UPDATETIME,REMARK) VALUES ('担保公司风险管理水平',null,'1.客户管理','信用等级评估','担保公司风险管理水平',null,null,'system','9900','2009/07/29 15:51:13','system','2009/07/29 15:51:16',null);
INSERT INTO CODE_LIBRARY (CODENO,ITEMNO,ITEMNAME,BANKNO,SORTNO,ISINUSE,ITEMDESCRIBE,ITEMATTRIBUTE,RELATIVECODE,ATTRIBUTE1,ATTRIBUTE2,ATTRIBUTE3,ATTRIBUTE4,ATTRIBUTE5,ATTRIBUTE6,ATTRIBUTE7,ATTRIBUTE8,INPUTUSER,INPUTORG,INPUTTIME,UPDATEUSER,UPDATETIME,REMARK,HELPTEXT) VALUES ('担保公司风险管理水平','010','对各类风险的控制及预警程度较高，有明确的风险管理机制和岗位，风险可控',null,'010','1',null,null,null,null,null,null,null,null,null,null,null,null,null,null,'system','2009/07/29 16:06:21',null,null);
INSERT INTO CODE_LIBRARY (CODENO,ITEMNO,ITEMNAME,BANKNO,SORTNO,ISINUSE,ITEMDESCRIBE,ITEMATTRIBUTE,RELATIVECODE,ATTRIBUTE1,ATTRIBUTE2,ATTRIBUTE3,ATTRIBUTE4,ATTRIBUTE5,ATTRIBUTE6,ATTRIBUTE7,ATTRIBUTE8,INPUTUSER,INPUTORG,INPUTTIME,UPDATEUSER,UPDATETIME,REMARK,HELPTEXT) VALUES ('担保公司风险管理水平','020','对各类风险的控制及预警程度一般，风险管理机制和岗位不完善',null,'020','1',null,null,null,null,null,null,null,null,null,null,null,null,null,null,'system','2009/07/29 16:06:23',null,null);
INSERT INTO CODE_LIBRARY (CODENO,ITEMNO,ITEMNAME,BANKNO,SORTNO,ISINUSE,ITEMDESCRIBE,ITEMATTRIBUTE,RELATIVECODE,ATTRIBUTE1,ATTRIBUTE2,ATTRIBUTE3,ATTRIBUTE4,ATTRIBUTE5,ATTRIBUTE6,ATTRIBUTE7,ATTRIBUTE8,INPUTUSER,INPUTORG,INPUTTIME,UPDATEUSER,UPDATETIME,REMARK,HELPTEXT) VALUES ('担保公司风险管理水平','030','对各类风险的控制及预警程度较差，无相关风险管理机制和岗位',null,'030','1',null,null,null,null,null,null,null,null,null,null,null,null,null,null,'system','2009/07/29 16:06:23',null,null);

--delete FROM code_catalog where CodeNo='股东支持力度_115';
--delete FROM code_library where CodeNo='股东支持力度_115';
INSERT INTO CODE_CATALOG (CODENO,SORTNO,CODETYPEONE,CODETYPETWO,CODENAME,CODEDESCRIBE,CODEATTRIBUTE,INPUTUSER,INPUTORG,INPUTTIME,UPDATEUSER,UPDATETIME,REMARK) VALUES ('股东支持力度_115',null,'1.客户管理','信用等级评估','股东支持力度_115',null,null,'system','9900','2009/07/29 15:51:13','system','2009/07/29 15:51:16',null);
INSERT INTO CODE_LIBRARY (CODENO,ITEMNO,ITEMNAME,BANKNO,SORTNO,ISINUSE,ITEMDESCRIBE,ITEMATTRIBUTE,RELATIVECODE,ATTRIBUTE1,ATTRIBUTE2,ATTRIBUTE3,ATTRIBUTE4,ATTRIBUTE5,ATTRIBUTE6,ATTRIBUTE7,ATTRIBUTE8,INPUTUSER,INPUTORG,INPUTTIME,UPDATEUSER,UPDATETIME,REMARK,HELPTEXT) VALUES ('股东支持力度_115','010','国有或政府背景的担保公司',null,'010','1',null,null,null,null,null,null,null,null,null,null,null,null,null,null,'system','2009/07/29 16:06:21',null,null);
INSERT INTO CODE_LIBRARY (CODENO,ITEMNO,ITEMNAME,BANKNO,SORTNO,ISINUSE,ITEMDESCRIBE,ITEMATTRIBUTE,RELATIVECODE,ATTRIBUTE1,ATTRIBUTE2,ATTRIBUTE3,ATTRIBUTE4,ATTRIBUTE5,ATTRIBUTE6,ATTRIBUTE7,ATTRIBUTE8,INPUTUSER,INPUTORG,INPUTTIME,UPDATEUSER,UPDATETIME,REMARK,HELPTEXT) VALUES ('股东支持力度_115','020','民营但主要股东为法人企业，实力雄厚或属于国家企业规模划分中的大型企业',null,'020','1',null,null,null,null,null,null,null,null,null,null,null,null,null,null,'system','2009/07/29 16:06:23',null,null);
INSERT INTO CODE_LIBRARY (CODENO,ITEMNO,ITEMNAME,BANKNO,SORTNO,ISINUSE,ITEMDESCRIBE,ITEMATTRIBUTE,RELATIVECODE,ATTRIBUTE1,ATTRIBUTE2,ATTRIBUTE3,ATTRIBUTE4,ATTRIBUTE5,ATTRIBUTE6,ATTRIBUTE7,ATTRIBUTE8,INPUTUSER,INPUTORG,INPUTTIME,UPDATEUSER,UPDATETIME,REMARK,HELPTEXT) VALUES ('股东支持力度_115','030','民营但主要股东为法人企业，实力一般或属于国家企业规模划分中的中小型企业',null,'030','1',null,null,null,null,null,null,null,null,null,null,null,null,null,null,'system','2009/07/29 16:06:23',null,null);
INSERT INTO CODE_LIBRARY (CODENO,ITEMNO,ITEMNAME,BANKNO,SORTNO,ISINUSE,ITEMDESCRIBE,ITEMATTRIBUTE,RELATIVECODE,ATTRIBUTE1,ATTRIBUTE2,ATTRIBUTE3,ATTRIBUTE4,ATTRIBUTE5,ATTRIBUTE6,ATTRIBUTE7,ATTRIBUTE8,INPUTUSER,INPUTORG,INPUTTIME,UPDATEUSER,UPDATETIME,REMARK,HELPTEXT) VALUES ('股东支持力度_115','040','民营担保公司，但主要股东为自然人',null,'040','1',null,null,null,null,null,null,null,null,null,null,null,null,null,null,'system','2009/07/29 16:06:23',null,null);

--delete FROM code_catalog where CodeNo='担保公司实缴注册资本';
--delete FROM code_library where CodeNo='担保公司实缴注册资本';
INSERT INTO CODE_CATALOG (CODENO,SORTNO,CODETYPEONE,CODETYPETWO,CODENAME,CODEDESCRIBE,CODEATTRIBUTE,INPUTUSER,INPUTORG,INPUTTIME,UPDATEUSER,UPDATETIME,REMARK) VALUES ('担保公司实缴注册资本',null,'1.客户管理','信用等级评估','担保公司实缴注册资本',null,null,'system','9900','2009/07/29 15:51:13','system','2009/07/29 15:51:16',null);
INSERT INTO CODE_LIBRARY (CODENO,ITEMNO,ITEMNAME,BANKNO,SORTNO,ISINUSE,ITEMDESCRIBE,ITEMATTRIBUTE,RELATIVECODE,ATTRIBUTE1,ATTRIBUTE2,ATTRIBUTE3,ATTRIBUTE4,ATTRIBUTE5,ATTRIBUTE6,ATTRIBUTE7,ATTRIBUTE8,INPUTUSER,INPUTORG,INPUTTIME,UPDATEUSER,UPDATETIME,REMARK,HELPTEXT) VALUES ('担保公司实缴注册资本','010','大于2亿（含）',null,'010','1',null,null,null,null,null,null,null,null,null,null,null,null,null,null,'system','2009/07/29 16:06:21',null,null);
INSERT INTO CODE_LIBRARY (CODENO,ITEMNO,ITEMNAME,BANKNO,SORTNO,ISINUSE,ITEMDESCRIBE,ITEMATTRIBUTE,RELATIVECODE,ATTRIBUTE1,ATTRIBUTE2,ATTRIBUTE3,ATTRIBUTE4,ATTRIBUTE5,ATTRIBUTE6,ATTRIBUTE7,ATTRIBUTE8,INPUTUSER,INPUTORG,INPUTTIME,UPDATEUSER,UPDATETIME,REMARK,HELPTEXT) VALUES ('担保公司实缴注册资本','020','1亿（含）-2亿',null,'020','1',null,null,null,null,null,null,null,null,null,null,null,null,null,null,'system','2009/07/29 16:06:23',null,null);
INSERT INTO CODE_LIBRARY (CODENO,ITEMNO,ITEMNAME,BANKNO,SORTNO,ISINUSE,ITEMDESCRIBE,ITEMATTRIBUTE,RELATIVECODE,ATTRIBUTE1,ATTRIBUTE2,ATTRIBUTE3,ATTRIBUTE4,ATTRIBUTE5,ATTRIBUTE6,ATTRIBUTE7,ATTRIBUTE8,INPUTUSER,INPUTORG,INPUTTIME,UPDATEUSER,UPDATETIME,REMARK,HELPTEXT) VALUES ('担保公司实缴注册资本','030','8000万（含)-1亿',null,'030','1',null,null,null,null,null,null,null,null,null,null,null,null,null,null,'system','2009/07/29 16:06:23',null,null);
INSERT INTO CODE_LIBRARY (CODENO,ITEMNO,ITEMNAME,BANKNO,SORTNO,ISINUSE,ITEMDESCRIBE,ITEMATTRIBUTE,RELATIVECODE,ATTRIBUTE1,ATTRIBUTE2,ATTRIBUTE3,ATTRIBUTE4,ATTRIBUTE5,ATTRIBUTE6,ATTRIBUTE7,ATTRIBUTE8,INPUTUSER,INPUTORG,INPUTTIME,UPDATEUSER,UPDATETIME,REMARK,HELPTEXT) VALUES ('担保公司实缴注册资本','040','5000万（含)-8000万',null,'040','1',null,null,null,null,null,null,null,null,null,null,null,null,null,null,'system','2009/07/29 16:06:21',null,null);
INSERT INTO CODE_LIBRARY (CODENO,ITEMNO,ITEMNAME,BANKNO,SORTNO,ISINUSE,ITEMDESCRIBE,ITEMATTRIBUTE,RELATIVECODE,ATTRIBUTE1,ATTRIBUTE2,ATTRIBUTE3,ATTRIBUTE4,ATTRIBUTE5,ATTRIBUTE6,ATTRIBUTE7,ATTRIBUTE8,INPUTUSER,INPUTORG,INPUTTIME,UPDATEUSER,UPDATETIME,REMARK,HELPTEXT) VALUES ('担保公司实缴注册资本','050','3000万（含）-5000万',null,'050','1',null,null,null,null,null,null,null,null,null,null,null,null,null,null,'system','2009/07/29 16:06:23',null,null);
INSERT INTO CODE_LIBRARY (CODENO,ITEMNO,ITEMNAME,BANKNO,SORTNO,ISINUSE,ITEMDESCRIBE,ITEMATTRIBUTE,RELATIVECODE,ATTRIBUTE1,ATTRIBUTE2,ATTRIBUTE3,ATTRIBUTE4,ATTRIBUTE5,ATTRIBUTE6,ATTRIBUTE7,ATTRIBUTE8,INPUTUSER,INPUTORG,INPUTTIME,UPDATEUSER,UPDATETIME,REMARK,HELPTEXT) VALUES ('担保公司实缴注册资本','060','3000万以下',null,'060','1',null,null,null,null,null,null,null,null,null,null,null,null,null,null,'system','2009/07/29 16:06:23',null,null);

--delete FROM code_catalog where CodeNo='和我行合作历史';
--delete FROM code_library where CodeNo='和我行合作历史';
INSERT INTO CODE_CATALOG (CODENO,SORTNO,CODETYPEONE,CODETYPETWO,CODENAME,CODEDESCRIBE,CODEATTRIBUTE,INPUTUSER,INPUTORG,INPUTTIME,UPDATEUSER,UPDATETIME,REMARK) VALUES ('和我行合作历史',null,'1.客户管理','信用等级评估','和我行合作历史',null,null,'system','9900','2009/07/29 15:51:13','system','2009/07/29 15:51:16',null);
INSERT INTO CODE_LIBRARY (CODENO,ITEMNO,ITEMNAME,BANKNO,SORTNO,ISINUSE,ITEMDESCRIBE,ITEMATTRIBUTE,RELATIVECODE,ATTRIBUTE1,ATTRIBUTE2,ATTRIBUTE3,ATTRIBUTE4,ATTRIBUTE5,ATTRIBUTE6,ATTRIBUTE7,ATTRIBUTE8,INPUTUSER,INPUTORG,INPUTTIME,UPDATEUSER,UPDATETIME,REMARK,HELPTEXT) VALUES ('和我行合作历史','010','和本行合作3年（含）以上',null,'010','1',null,null,null,null,null,null,null,null,null,null,null,null,null,null,'system','2009/07/29 16:06:21',null,null);
INSERT INTO CODE_LIBRARY (CODENO,ITEMNO,ITEMNAME,BANKNO,SORTNO,ISINUSE,ITEMDESCRIBE,ITEMATTRIBUTE,RELATIVECODE,ATTRIBUTE1,ATTRIBUTE2,ATTRIBUTE3,ATTRIBUTE4,ATTRIBUTE5,ATTRIBUTE6,ATTRIBUTE7,ATTRIBUTE8,INPUTUSER,INPUTORG,INPUTTIME,UPDATEUSER,UPDATETIME,REMARK,HELPTEXT) VALUES ('和我行合作历史','020','和本行合作1（含）-3年',null,'020','1',null,null,null,null,null,null,null,null,null,null,null,null,null,null,'system','2009/07/29 16:06:23',null,null);
INSERT INTO CODE_LIBRARY (CODENO,ITEMNO,ITEMNAME,BANKNO,SORTNO,ISINUSE,ITEMDESCRIBE,ITEMATTRIBUTE,RELATIVECODE,ATTRIBUTE1,ATTRIBUTE2,ATTRIBUTE3,ATTRIBUTE4,ATTRIBUTE5,ATTRIBUTE6,ATTRIBUTE7,ATTRIBUTE8,INPUTUSER,INPUTORG,INPUTTIME,UPDATEUSER,UPDATETIME,REMARK,HELPTEXT) VALUES ('和我行合作历史','030','和本行合作1年以下',null,'030','1',null,null,null,null,null,null,null,null,null,null,null,null,null,null,'system','2009/07/29 16:06:23',null,null);

--delete FROM code_catalog where CodeNo='担保方式/抵质押比率';
--delete FROM code_library where CodeNo='担保方式/抵质押比率';
INSERT INTO CODE_CATALOG (CODENO,SORTNO,CODETYPEONE,CODETYPETWO,CODENAME,CODEDESCRIBE,CODEATTRIBUTE,INPUTUSER,INPUTORG,INPUTTIME,UPDATEUSER,UPDATETIME,REMARK) VALUES ('担保方式/抵质押比率',null,'1.客户管理','信用等级评估','担保方式/抵质押比率',null,null,'system','9900','2009/07/29 15:51:13','system','2009/07/29 15:51:16',null);
INSERT INTO CODE_LIBRARY (CODENO,ITEMNO,ITEMNAME,BANKNO,SORTNO,ISINUSE,ITEMDESCRIBE,ITEMATTRIBUTE,RELATIVECODE,ATTRIBUTE1,ATTRIBUTE2,ATTRIBUTE3,ATTRIBUTE4,ATTRIBUTE5,ATTRIBUTE6,ATTRIBUTE7,ATTRIBUTE8,INPUTUSER,INPUTORG,INPUTTIME,UPDATEUSER,UPDATETIME,REMARK,HELPTEXT) VALUES ('担保方式/抵质押比率','010','保证',null,'010','1',null,null,null,null,null,null,null,null,null,null,null,null,null,null,'system','2009/07/29 16:06:21',null,null);
INSERT INTO CODE_LIBRARY (CODENO,ITEMNO,ITEMNAME,BANKNO,SORTNO,ISINUSE,ITEMDESCRIBE,ITEMATTRIBUTE,RELATIVECODE,ATTRIBUTE1,ATTRIBUTE2,ATTRIBUTE3,ATTRIBUTE4,ATTRIBUTE5,ATTRIBUTE6,ATTRIBUTE7,ATTRIBUTE8,INPUTUSER,INPUTORG,INPUTTIME,UPDATEUSER,UPDATETIME,REMARK,HELPTEXT) VALUES ('担保方式/抵质押比率','020','联保',null,'020','1',null,null,null,null,null,null,null,null,null,null,null,null,null,null,'system','2009/07/29 16:06:23',null,null);
INSERT INTO CODE_LIBRARY (CODENO,ITEMNO,ITEMNAME,BANKNO,SORTNO,ISINUSE,ITEMDESCRIBE,ITEMATTRIBUTE,RELATIVECODE,ATTRIBUTE1,ATTRIBUTE2,ATTRIBUTE3,ATTRIBUTE4,ATTRIBUTE5,ATTRIBUTE6,ATTRIBUTE7,ATTRIBUTE8,INPUTUSER,INPUTORG,INPUTTIME,UPDATEUSER,UPDATETIME,REMARK,HELPTEXT) VALUES ('担保方式/抵质押比率','030','信用',null,'030','1',null,null,null,null,null,null,null,null,null,null,null,null,null,null,'system','2009/07/29 16:06:23',null,null);
INSERT INTO CODE_LIBRARY (CODENO,ITEMNO,ITEMNAME,BANKNO,SORTNO,ISINUSE,ITEMDESCRIBE,ITEMATTRIBUTE,RELATIVECODE,ATTRIBUTE1,ATTRIBUTE2,ATTRIBUTE3,ATTRIBUTE4,ATTRIBUTE5,ATTRIBUTE6,ATTRIBUTE7,ATTRIBUTE8,INPUTUSER,INPUTORG,INPUTTIME,UPDATEUSER,UPDATETIME,REMARK,HELPTEXT) VALUES ('担保方式/抵质押比率','040','抵押：>=60%',null,'040','1',null,null,null,null,null,null,null,null,null,null,null,null,null,null,'system','2009/07/29 16:06:21',null,null);
INSERT INTO CODE_LIBRARY (CODENO,ITEMNO,ITEMNAME,BANKNO,SORTNO,ISINUSE,ITEMDESCRIBE,ITEMATTRIBUTE,RELATIVECODE,ATTRIBUTE1,ATTRIBUTE2,ATTRIBUTE3,ATTRIBUTE4,ATTRIBUTE5,ATTRIBUTE6,ATTRIBUTE7,ATTRIBUTE8,INPUTUSER,INPUTORG,INPUTTIME,UPDATEUSER,UPDATETIME,REMARK,HELPTEXT) VALUES ('担保方式/抵质押比率','050','抵押：<40%',null,'050','1',null,null,null,null,null,null,null,null,null,null,null,null,null,null,'system','2009/07/29 16:06:23',null,null);
INSERT INTO CODE_LIBRARY (CODENO,ITEMNO,ITEMNAME,BANKNO,SORTNO,ISINUSE,ITEMDESCRIBE,ITEMATTRIBUTE,RELATIVECODE,ATTRIBUTE1,ATTRIBUTE2,ATTRIBUTE3,ATTRIBUTE4,ATTRIBUTE5,ATTRIBUTE6,ATTRIBUTE7,ATTRIBUTE8,INPUTUSER,INPUTORG,INPUTTIME,UPDATEUSER,UPDATETIME,REMARK,HELPTEXT) VALUES ('担保方式/抵质押比率','060','抵押：>=40%, <60%',null,'060','1',null,null,null,null,null,null,null,null,null,null,null,null,null,null,'system','2009/07/29 16:06:23',null,null);
INSERT INTO CODE_LIBRARY (CODENO,ITEMNO,ITEMNAME,BANKNO,SORTNO,ISINUSE,ITEMDESCRIBE,ITEMATTRIBUTE,RELATIVECODE,ATTRIBUTE1,ATTRIBUTE2,ATTRIBUTE3,ATTRIBUTE4,ATTRIBUTE5,ATTRIBUTE6,ATTRIBUTE7,ATTRIBUTE8,INPUTUSER,INPUTORG,INPUTTIME,UPDATEUSER,UPDATETIME,REMARK,HELPTEXT) VALUES ('担保方式/抵质押比率','070','质押',null,'070','1',null,null,null,null,null,null,null,null,null,null,null,null,null,null,'system','2009/07/29 16:06:23',null,null);
INSERT INTO CODE_LIBRARY (CODENO,ITEMNO,ITEMNAME,BANKNO,SORTNO,ISINUSE,ITEMDESCRIBE,ITEMATTRIBUTE,RELATIVECODE,ATTRIBUTE1,ATTRIBUTE2,ATTRIBUTE3,ATTRIBUTE4,ATTRIBUTE5,ATTRIBUTE6,ATTRIBUTE7,ATTRIBUTE8,INPUTUSER,INPUTORG,INPUTTIME,UPDATEUSER,UPDATETIME,REMARK,HELPTEXT) VALUES ('担保方式/抵质押比率','080','信用共同体',null,'080','1',null,null,null,null,null,null,null,null,null,null,null,null,null,null,'system','2009/07/29 16:06:23',null,null);


--delete FROM code_catalog where CodeNo='标准普尔主标尺得分表';
--delete FROM code_library where CodeNo='标准普尔主标尺得分表';
INSERT INTO CODE_CATALOG (CODENO,SORTNO,CODETYPEONE,CODETYPETWO,CODENAME,CODEDESCRIBE,CODEATTRIBUTE,INPUTUSER,INPUTORG,INPUTTIME,UPDATEUSER,UPDATETIME,REMARK) VALUES ('标准普尔主标尺得分表',null,'1.客户管理','信用等级评估','标准普尔主标尺得分表',null,null,'system','9900','2009/07/29 15:51:13','system','2009/07/29 15:51:16',null);

INSERT INTO CODE_LIBRARY (CODENO,ITEMNO,ITEMNAME,BANKNO,SORTNO,ISINUSE,ITEMDESCRIBE,ITEMATTRIBUTE,RELATIVECODE,ATTRIBUTE1,ATTRIBUTE2,ATTRIBUTE3,ATTRIBUTE4,ATTRIBUTE5,ATTRIBUTE6,ATTRIBUTE7,ATTRIBUTE8,INPUTUSER,INPUTORG,INPUTTIME,UPDATEUSER,UPDATETIME,REMARK,HELPTEXT) VALUES ('标准普尔主标尺得分表','50','AAA',null,'010','1',null,null,null,null,null,null,null,null,null,null,null,null,null,null,'system','2009/07/29 16:06:21',null,null);
INSERT INTO CODE_LIBRARY (CODENO,ITEMNO,ITEMNAME,BANKNO,SORTNO,ISINUSE,ITEMDESCRIBE,ITEMATTRIBUTE,RELATIVECODE,ATTRIBUTE1,ATTRIBUTE2,ATTRIBUTE3,ATTRIBUTE4,ATTRIBUTE5,ATTRIBUTE6,ATTRIBUTE7,ATTRIBUTE8,INPUTUSER,INPUTORG,INPUTTIME,UPDATEUSER,UPDATETIME,REMARK,HELPTEXT) VALUES ('标准普尔主标尺得分表','49','AA+',null,'020','1',null,null,null,null,null,null,null,null,null,null,null,null,null,null,'system','2009/07/29 16:06:23',null,null);
INSERT INTO CODE_LIBRARY (CODENO,ITEMNO,ITEMNAME,BANKNO,SORTNO,ISINUSE,ITEMDESCRIBE,ITEMATTRIBUTE,RELATIVECODE,ATTRIBUTE1,ATTRIBUTE2,ATTRIBUTE3,ATTRIBUTE4,ATTRIBUTE5,ATTRIBUTE6,ATTRIBUTE7,ATTRIBUTE8,INPUTUSER,INPUTORG,INPUTTIME,UPDATEUSER,UPDATETIME,REMARK,HELPTEXT) VALUES ('标准普尔主标尺得分表','48','AA',null,'030','1',null,null,null,null,null,null,null,null,null,null,null,null,null,null,'system','2009/07/29 16:06:23',null,null);
INSERT INTO CODE_LIBRARY (CODENO,ITEMNO,ITEMNAME,BANKNO,SORTNO,ISINUSE,ITEMDESCRIBE,ITEMATTRIBUTE,RELATIVECODE,ATTRIBUTE1,ATTRIBUTE2,ATTRIBUTE3,ATTRIBUTE4,ATTRIBUTE5,ATTRIBUTE6,ATTRIBUTE7,ATTRIBUTE8,INPUTUSER,INPUTORG,INPUTTIME,UPDATEUSER,UPDATETIME,REMARK,HELPTEXT) VALUES ('标准普尔主标尺得分表','47','AA-',null,'040','1',null,null,null,null,null,null,null,null,null,null,null,null,null,null,'system','2009/07/29 16:06:21',null,null);
INSERT INTO CODE_LIBRARY (CODENO,ITEMNO,ITEMNAME,BANKNO,SORTNO,ISINUSE,ITEMDESCRIBE,ITEMATTRIBUTE,RELATIVECODE,ATTRIBUTE1,ATTRIBUTE2,ATTRIBUTE3,ATTRIBUTE4,ATTRIBUTE5,ATTRIBUTE6,ATTRIBUTE7,ATTRIBUTE8,INPUTUSER,INPUTORG,INPUTTIME,UPDATEUSER,UPDATETIME,REMARK,HELPTEXT) VALUES ('标准普尔主标尺得分表','46','A+',null,'050','1',null,null,null,null,null,null,null,null,null,null,null,null,null,null,'system','2009/07/29 16:06:23',null,null);
INSERT INTO CODE_LIBRARY (CODENO,ITEMNO,ITEMNAME,BANKNO,SORTNO,ISINUSE,ITEMDESCRIBE,ITEMATTRIBUTE,RELATIVECODE,ATTRIBUTE1,ATTRIBUTE2,ATTRIBUTE3,ATTRIBUTE4,ATTRIBUTE5,ATTRIBUTE6,ATTRIBUTE7,ATTRIBUTE8,INPUTUSER,INPUTORG,INPUTTIME,UPDATEUSER,UPDATETIME,REMARK,HELPTEXT) VALUES ('标准普尔主标尺得分表','45','A',null,'060','1',null,null,null,null,null,null,null,null,null,null,null,null,null,null,'system','2009/07/29 16:06:23',null,null);
INSERT INTO CODE_LIBRARY (CODENO,ITEMNO,ITEMNAME,BANKNO,SORTNO,ISINUSE,ITEMDESCRIBE,ITEMATTRIBUTE,RELATIVECODE,ATTRIBUTE1,ATTRIBUTE2,ATTRIBUTE3,ATTRIBUTE4,ATTRIBUTE5,ATTRIBUTE6,ATTRIBUTE7,ATTRIBUTE8,INPUTUSER,INPUTORG,INPUTTIME,UPDATEUSER,UPDATETIME,REMARK,HELPTEXT) VALUES ('标准普尔主标尺得分表','44','A-',null,'070','1',null,null,null,null,null,null,null,null,null,null,null,null,null,null,'system','2009/07/29 16:06:23',null,null);
INSERT INTO CODE_LIBRARY (CODENO,ITEMNO,ITEMNAME,BANKNO,SORTNO,ISINUSE,ITEMDESCRIBE,ITEMATTRIBUTE,RELATIVECODE,ATTRIBUTE1,ATTRIBUTE2,ATTRIBUTE3,ATTRIBUTE4,ATTRIBUTE5,ATTRIBUTE6,ATTRIBUTE7,ATTRIBUTE8,INPUTUSER,INPUTORG,INPUTTIME,UPDATEUSER,UPDATETIME,REMARK,HELPTEXT) VALUES ('标准普尔主标尺得分表','40','BBB+',null,'080','1',null,null,null,null,null,null,null,null,null,null,null,null,null,null,'system','2009/07/29 16:06:23',null,null);
INSERT INTO CODE_LIBRARY (CODENO,ITEMNO,ITEMNAME,BANKNO,SORTNO,ISINUSE,ITEMDESCRIBE,ITEMATTRIBUTE,RELATIVECODE,ATTRIBUTE1,ATTRIBUTE2,ATTRIBUTE3,ATTRIBUTE4,ATTRIBUTE5,ATTRIBUTE6,ATTRIBUTE7,ATTRIBUTE8,INPUTUSER,INPUTORG,INPUTTIME,UPDATEUSER,UPDATETIME,REMARK,HELPTEXT) VALUES ('标准普尔主标尺得分表','39','BBB',null,'090','1',null,null,null,null,null,null,null,null,null,null,null,null,null,null,'system','2009/07/29 16:06:21',null,null);
INSERT INTO CODE_LIBRARY (CODENO,ITEMNO,ITEMNAME,BANKNO,SORTNO,ISINUSE,ITEMDESCRIBE,ITEMATTRIBUTE,RELATIVECODE,ATTRIBUTE1,ATTRIBUTE2,ATTRIBUTE3,ATTRIBUTE4,ATTRIBUTE5,ATTRIBUTE6,ATTRIBUTE7,ATTRIBUTE8,INPUTUSER,INPUTORG,INPUTTIME,UPDATEUSER,UPDATETIME,REMARK,HELPTEXT) VALUES ('标准普尔主标尺得分表','38','BBB-',null,'100','1',null,null,null,null,null,null,null,null,null,null,null,null,null,null,'system','2009/07/29 16:06:23',null,null);
INSERT INTO CODE_LIBRARY (CODENO,ITEMNO,ITEMNAME,BANKNO,SORTNO,ISINUSE,ITEMDESCRIBE,ITEMATTRIBUTE,RELATIVECODE,ATTRIBUTE1,ATTRIBUTE2,ATTRIBUTE3,ATTRIBUTE4,ATTRIBUTE5,ATTRIBUTE6,ATTRIBUTE7,ATTRIBUTE8,INPUTUSER,INPUTORG,INPUTTIME,UPDATEUSER,UPDATETIME,REMARK,HELPTEXT) VALUES ('标准普尔主标尺得分表','37','BB+',null,'110','1',null,null,null,null,null,null,null,null,null,null,null,null,null,null,'system','2009/07/29 16:06:23',null,null);
INSERT INTO CODE_LIBRARY (CODENO,ITEMNO,ITEMNAME,BANKNO,SORTNO,ISINUSE,ITEMDESCRIBE,ITEMATTRIBUTE,RELATIVECODE,ATTRIBUTE1,ATTRIBUTE2,ATTRIBUTE3,ATTRIBUTE4,ATTRIBUTE5,ATTRIBUTE6,ATTRIBUTE7,ATTRIBUTE8,INPUTUSER,INPUTORG,INPUTTIME,UPDATEUSER,UPDATETIME,REMARK,HELPTEXT) VALUES ('标准普尔主标尺得分表','36','BB',null,'120','1',null,null,null,null,null,null,null,null,null,null,null,null,null,null,'system','2009/07/29 16:06:21',null,null);
INSERT INTO CODE_LIBRARY (CODENO,ITEMNO,ITEMNAME,BANKNO,SORTNO,ISINUSE,ITEMDESCRIBE,ITEMATTRIBUTE,RELATIVECODE,ATTRIBUTE1,ATTRIBUTE2,ATTRIBUTE3,ATTRIBUTE4,ATTRIBUTE5,ATTRIBUTE6,ATTRIBUTE7,ATTRIBUTE8,INPUTUSER,INPUTORG,INPUTTIME,UPDATEUSER,UPDATETIME,REMARK,HELPTEXT) VALUES ('标准普尔主标尺得分表','35','BB-',null,'130','1',null,null,null,null,null,null,null,null,null,null,null,null,null,null,'system','2009/07/29 16:06:23',null,null);
INSERT INTO CODE_LIBRARY (CODENO,ITEMNO,ITEMNAME,BANKNO,SORTNO,ISINUSE,ITEMDESCRIBE,ITEMATTRIBUTE,RELATIVECODE,ATTRIBUTE1,ATTRIBUTE2,ATTRIBUTE3,ATTRIBUTE4,ATTRIBUTE5,ATTRIBUTE6,ATTRIBUTE7,ATTRIBUTE8,INPUTUSER,INPUTORG,INPUTTIME,UPDATEUSER,UPDATETIME,REMARK,HELPTEXT) VALUES ('标准普尔主标尺得分表','34','B+',null,'140','1',null,null,null,null,null,null,null,null,null,null,null,null,null,null,'system','2009/07/29 16:06:23',null,null);
INSERT INTO CODE_LIBRARY (CODENO,ITEMNO,ITEMNAME,BANKNO,SORTNO,ISINUSE,ITEMDESCRIBE,ITEMATTRIBUTE,RELATIVECODE,ATTRIBUTE1,ATTRIBUTE2,ATTRIBUTE3,ATTRIBUTE4,ATTRIBUTE5,ATTRIBUTE6,ATTRIBUTE7,ATTRIBUTE8,INPUTUSER,INPUTORG,INPUTTIME,UPDATEUSER,UPDATETIME,REMARK,HELPTEXT) VALUES ('标准普尔主标尺得分表','33','B',null,'150','1',null,null,null,null,null,null,null,null,null,null,null,null,null,null,'system','2009/07/29 16:06:23',null,null);
INSERT INTO CODE_LIBRARY (CODENO,ITEMNO,ITEMNAME,BANKNO,SORTNO,ISINUSE,ITEMDESCRIBE,ITEMATTRIBUTE,RELATIVECODE,ATTRIBUTE1,ATTRIBUTE2,ATTRIBUTE3,ATTRIBUTE4,ATTRIBUTE5,ATTRIBUTE6,ATTRIBUTE7,ATTRIBUTE8,INPUTUSER,INPUTORG,INPUTTIME,UPDATEUSER,UPDATETIME,REMARK,HELPTEXT) VALUES ('标准普尔主标尺得分表','32','B-',null,'160','1',null,null,null,null,null,null,null,null,null,null,null,null,null,null,'system','2009/07/29 16:06:23',null,null);
INSERT INTO CODE_LIBRARY (CODENO,ITEMNO,ITEMNAME,BANKNO,SORTNO,ISINUSE,ITEMDESCRIBE,ITEMATTRIBUTE,RELATIVECODE,ATTRIBUTE1,ATTRIBUTE2,ATTRIBUTE3,ATTRIBUTE4,ATTRIBUTE5,ATTRIBUTE6,ATTRIBUTE7,ATTRIBUTE8,INPUTUSER,INPUTORG,INPUTTIME,UPDATEUSER,UPDATETIME,REMARK,HELPTEXT) VALUES ('标准普尔主标尺得分表','28','CCC+',null,'170','1',null,null,null,null,null,null,null,null,null,null,null,null,null,null,'system','2009/07/29 16:06:21',null,null);
INSERT INTO CODE_LIBRARY (CODENO,ITEMNO,ITEMNAME,BANKNO,SORTNO,ISINUSE,ITEMDESCRIBE,ITEMATTRIBUTE,RELATIVECODE,ATTRIBUTE1,ATTRIBUTE2,ATTRIBUTE3,ATTRIBUTE4,ATTRIBUTE5,ATTRIBUTE6,ATTRIBUTE7,ATTRIBUTE8,INPUTUSER,INPUTORG,INPUTTIME,UPDATEUSER,UPDATETIME,REMARK,HELPTEXT) VALUES ('标准普尔主标尺得分表','27','CCC',null,'180','1',null,null,null,null,null,null,null,null,null,null,null,null,null,null,'system','2009/07/29 16:06:23',null,null);
INSERT INTO CODE_LIBRARY (CODENO,ITEMNO,ITEMNAME,BANKNO,SORTNO,ISINUSE,ITEMDESCRIBE,ITEMATTRIBUTE,RELATIVECODE,ATTRIBUTE1,ATTRIBUTE2,ATTRIBUTE3,ATTRIBUTE4,ATTRIBUTE5,ATTRIBUTE6,ATTRIBUTE7,ATTRIBUTE8,INPUTUSER,INPUTORG,INPUTTIME,UPDATEUSER,UPDATETIME,REMARK,HELPTEXT) VALUES ('标准普尔主标尺得分表','26','CCC-及以下',null,'190','1',null,null,null,null,null,null,null,null,null,null,null,null,null,null,'system','2009/07/29 16:06:23',null,null);



--同业
--delete FROM code_catalog where CodeNo='经济环境';
--delete FROM code_library where CodeNo='经济环境';
INSERT INTO CODE_CATALOG (CODENO,SORTNO,CODETYPEONE,CODETYPETWO,CODENAME,CODEDESCRIBE,CODEATTRIBUTE,INPUTUSER,INPUTORG,INPUTTIME,UPDATEUSER,UPDATETIME,REMARK) VALUES ('经济环境',null,'1.客户管理','信用等级评估','经济环境',null,null,'system','9900','2009/07/29 15:51:13','system','2009/07/29 15:51:16',null);
INSERT INTO CODE_LIBRARY (CODENO,ITEMNO,ITEMNAME,BANKNO,SORTNO,ISINUSE,ITEMDESCRIBE,ITEMATTRIBUTE,RELATIVECODE,ATTRIBUTE1,ATTRIBUTE2,ATTRIBUTE3,ATTRIBUTE4,ATTRIBUTE5,ATTRIBUTE6,ATTRIBUTE7,ATTRIBUTE8,INPUTUSER,INPUTORG,INPUTTIME,UPDATEUSER,UPDATETIME,REMARK,HELPTEXT) VALUES ('经济环境','010','宏观经济属于上行期，金融市场环境欣欣向荣',null,'010','1',null,null,null,null,null,null,null,null,null,null,null,null,null,null,'system','2009/07/29 16:06:21',null,null);
INSERT INTO CODE_LIBRARY (CODENO,ITEMNO,ITEMNAME,BANKNO,SORTNO,ISINUSE,ITEMDESCRIBE,ITEMATTRIBUTE,RELATIVECODE,ATTRIBUTE1,ATTRIBUTE2,ATTRIBUTE3,ATTRIBUTE4,ATTRIBUTE5,ATTRIBUTE6,ATTRIBUTE7,ATTRIBUTE8,INPUTUSER,INPUTORG,INPUTTIME,UPDATEUSER,UPDATETIME,REMARK,HELPTEXT) VALUES ('经济环境','020','宏观经济属于稳健期，金融市场环境一般',null,'020','1',null,null,null,null,null,null,null,null,null,null,null,null,null,null,'system','2009/07/29 16:06:23',null,null);
INSERT INTO CODE_LIBRARY (CODENO,ITEMNO,ITEMNAME,BANKNO,SORTNO,ISINUSE,ITEMDESCRIBE,ITEMATTRIBUTE,RELATIVECODE,ATTRIBUTE1,ATTRIBUTE2,ATTRIBUTE3,ATTRIBUTE4,ATTRIBUTE5,ATTRIBUTE6,ATTRIBUTE7,ATTRIBUTE8,INPUTUSER,INPUTORG,INPUTTIME,UPDATEUSER,UPDATETIME,REMARK,HELPTEXT) VALUES ('经济环境','030','宏观经济属于下行期，金融市场环境萧条',null,'030','1',null,null,null,null,null,null,null,null,null,null,null,null,null,null,'system','2009/07/29 16:06:23',null,null);

--delete FROM code_catalog where CodeNo='金融机构法律合规管理';
--delete FROM code_library where CodeNo='金融机构法律合规管理';
INSERT INTO CODE_CATALOG (CODENO,SORTNO,CODETYPEONE,CODETYPETWO,CODENAME,CODEDESCRIBE,CODEATTRIBUTE,INPUTUSER,INPUTORG,INPUTTIME,UPDATEUSER,UPDATETIME,REMARK) VALUES ('金融机构法律合规管理',null,'1.客户管理','信用等级评估','金融机构法律合规管理',null,null,'system','9900','2009/07/29 15:51:13','system','2009/07/29 15:51:16',null);
INSERT INTO CODE_LIBRARY (CODENO,ITEMNO,ITEMNAME,BANKNO,SORTNO,ISINUSE,ITEMDESCRIBE,ITEMATTRIBUTE,RELATIVECODE,ATTRIBUTE1,ATTRIBUTE2,ATTRIBUTE3,ATTRIBUTE4,ATTRIBUTE5,ATTRIBUTE6,ATTRIBUTE7,ATTRIBUTE8,INPUTUSER,INPUTORG,INPUTTIME,UPDATEUSER,UPDATETIME,REMARK,HELPTEXT) VALUES ('金融机构法律合规管理','010','建立了明确的合规管理机制，公司内部形成了良好的合规文化，能够有效规避大部分具有潜在合规风险的行为',null,'010','1',null,null,null,null,null,null,null,null,null,null,null,null,null,null,'system','2009/07/29 16:06:21',null,null);
INSERT INTO CODE_LIBRARY (CODENO,ITEMNO,ITEMNAME,BANKNO,SORTNO,ISINUSE,ITEMDESCRIBE,ITEMATTRIBUTE,RELATIVECODE,ATTRIBUTE1,ATTRIBUTE2,ATTRIBUTE3,ATTRIBUTE4,ATTRIBUTE5,ATTRIBUTE6,ATTRIBUTE7,ATTRIBUTE8,INPUTUSER,INPUTORG,INPUTTIME,UPDATEUSER,UPDATETIME,REMARK,HELPTEXT) VALUES ('金融机构法律合规管理','020','建立了一定的合规管理机制，公司内部对合规文化有一定认知，能够规避部分具有潜在合规风险的行为',null,'020','1',null,null,null,null,null,null,null,null,null,null,null,null,null,null,'system','2009/07/29 16:06:23',null,null);
INSERT INTO CODE_LIBRARY (CODENO,ITEMNO,ITEMNAME,BANKNO,SORTNO,ISINUSE,ITEMDESCRIBE,ITEMATTRIBUTE,RELATIVECODE,ATTRIBUTE1,ATTRIBUTE2,ATTRIBUTE3,ATTRIBUTE4,ATTRIBUTE5,ATTRIBUTE6,ATTRIBUTE7,ATTRIBUTE8,INPUTUSER,INPUTORG,INPUTTIME,UPDATEUSER,UPDATETIME,REMARK,HELPTEXT) VALUES ('金融机构法律合规管理','030','公司内部尚未建立明确的合规管理机制，无法有效规避有潜在合规风险的行为带来的损失',null,'030','1',null,null,null,null,null,null,null,null,null,null,null,null,null,null,'system','2009/07/29 16:06:23',null,null);

--delete FROM code_catalog where CodeNo='金融机构治理架构';
--delete FROM code_library where CodeNo='金融机构治理架构';
INSERT INTO CODE_CATALOG (CODENO,SORTNO,CODETYPEONE,CODETYPETWO,CODENAME,CODEDESCRIBE,CODEATTRIBUTE,INPUTUSER,INPUTORG,INPUTTIME,UPDATEUSER,UPDATETIME,REMARK) VALUES ('金融机构治理架构',null,'1.客户管理','信用等级评估','金融机构治理架构',null,null,'system','9900','2009/07/29 15:51:13','system','2009/07/29 15:51:16',null);
INSERT INTO CODE_LIBRARY (CODENO,ITEMNO,ITEMNAME,BANKNO,SORTNO,ISINUSE,ITEMDESCRIBE,ITEMATTRIBUTE,RELATIVECODE,ATTRIBUTE1,ATTRIBUTE2,ATTRIBUTE3,ATTRIBUTE4,ATTRIBUTE5,ATTRIBUTE6,ATTRIBUTE7,ATTRIBUTE8,INPUTUSER,INPUTORG,INPUTTIME,UPDATEUSER,UPDATETIME,REMARK,HELPTEXT) VALUES ('金融机构治理架构','010','公司的权力得到了良好的授权，各司其责，责任明确，所有的决策都可以有效率地做出，领导人的变换几乎不会对企业产生任何影响',null,'010','1',null,null,null,null,null,null,null,null,null,null,null,null,null,null,'system','2009/07/29 16:06:21',null,null);
INSERT INTO CODE_LIBRARY (CODENO,ITEMNO,ITEMNAME,BANKNO,SORTNO,ISINUSE,ITEMDESCRIBE,ITEMATTRIBUTE,RELATIVECODE,ATTRIBUTE1,ATTRIBUTE2,ATTRIBUTE3,ATTRIBUTE4,ATTRIBUTE5,ATTRIBUTE6,ATTRIBUTE7,ATTRIBUTE8,INPUTUSER,INPUTORG,INPUTTIME,UPDATEUSER,UPDATETIME,REMARK,HELPTEXT) VALUES ('金融机构治理架构','020','公司的重大决策由主要的领导作出，但是日常决策已经授权到工作层面，缺少主要的领导人对企业只会产生有限的影响',null,'020','1',null,null,null,null,null,null,null,null,null,null,null,null,null,null,'system','2009/07/29 16:06:23',null,null);
INSERT INTO CODE_LIBRARY (CODENO,ITEMNO,ITEMNAME,BANKNO,SORTNO,ISINUSE,ITEMDESCRIBE,ITEMATTRIBUTE,RELATIVECODE,ATTRIBUTE1,ATTRIBUTE2,ATTRIBUTE3,ATTRIBUTE4,ATTRIBUTE5,ATTRIBUTE6,ATTRIBUTE7,ATTRIBUTE8,INPUTUSER,INPUTORG,INPUTTIME,UPDATEUSER,UPDATETIME,REMARK,HELPTEXT) VALUES ('金融机构治理架构','030','公司所有的决策由几个人做出而几乎不征求员工的意见，缺少了主要的决策者会对企业产生重大影响',null,'030','1',null,null,null,null,null,null,null,null,null,null,null,null,null,null,'system','2009/07/29 16:06:23',null,null);

--delete FROM code_catalog where CodeNo='金融机构业务种类';
--delete FROM code_library where CodeNo='金融机构业务种类';
INSERT INTO CODE_CATALOG (CODENO,SORTNO,CODETYPEONE,CODETYPETWO,CODENAME,CODEDESCRIBE,CODEATTRIBUTE,INPUTUSER,INPUTORG,INPUTTIME,UPDATEUSER,UPDATETIME,REMARK) VALUES ('金融机构业务种类',null,'1.客户管理','信用等级评估','金融机构业务种类',null,null,'system','9900','2009/07/29 15:51:13','system','2009/07/29 15:51:16',null);
INSERT INTO CODE_LIBRARY (CODENO,ITEMNO,ITEMNAME,BANKNO,SORTNO,ISINUSE,ITEMDESCRIBE,ITEMATTRIBUTE,RELATIVECODE,ATTRIBUTE1,ATTRIBUTE2,ATTRIBUTE3,ATTRIBUTE4,ATTRIBUTE5,ATTRIBUTE6,ATTRIBUTE7,ATTRIBUTE8,INPUTUSER,INPUTORG,INPUTTIME,UPDATEUSER,UPDATETIME,REMARK,HELPTEXT) VALUES ('金融机构业务种类','010','产品业务种类多元化',null,'010','1',null,null,null,null,null,null,null,null,null,null,null,null,null,null,'system','2009/07/29 16:06:21',null,null);
INSERT INTO CODE_LIBRARY (CODENO,ITEMNO,ITEMNAME,BANKNO,SORTNO,ISINUSE,ITEMDESCRIBE,ITEMATTRIBUTE,RELATIVECODE,ATTRIBUTE1,ATTRIBUTE2,ATTRIBUTE3,ATTRIBUTE4,ATTRIBUTE5,ATTRIBUTE6,ATTRIBUTE7,ATTRIBUTE8,INPUTUSER,INPUTORG,INPUTTIME,UPDATEUSER,UPDATETIME,REMARK,HELPTEXT) VALUES ('金融机构业务种类','020','产品业务种类较为单一',null,'020','1',null,null,null,null,null,null,null,null,null,null,null,null,null,null,'system','2009/07/29 16:06:23',null,null);

--delete FROM code_catalog where CodeNo='金融机构行业地位';
--delete FROM code_library where CodeNo='金融机构行业地位';
INSERT INTO CODE_CATALOG (CODENO,SORTNO,CODETYPEONE,CODETYPETWO,CODENAME,CODEDESCRIBE,CODEATTRIBUTE,INPUTUSER,INPUTORG,INPUTTIME,UPDATEUSER,UPDATETIME,REMARK) VALUES ('金融机构行业地位',null,'1.客户管理','信用等级评估','金融机构行业地位',null,null,'system','9900','2009/07/29 15:51:13','system','2009/07/29 15:51:16',null);
INSERT INTO CODE_LIBRARY (CODENO,ITEMNO,ITEMNAME,BANKNO,SORTNO,ISINUSE,ITEMDESCRIBE,ITEMATTRIBUTE,RELATIVECODE,ATTRIBUTE1,ATTRIBUTE2,ATTRIBUTE3,ATTRIBUTE4,ATTRIBUTE5,ATTRIBUTE6,ATTRIBUTE7,ATTRIBUTE8,INPUTUSER,INPUTORG,INPUTTIME,UPDATEUSER,UPDATETIME,REMARK,HELPTEXT) VALUES ('金融机构行业地位','010','国有金融机构',null,'010','1',null,null,null,null,null,null,null,null,null,null,null,null,null,null,'system','2009/07/29 16:06:21',null,null);
INSERT INTO CODE_LIBRARY (CODENO,ITEMNO,ITEMNAME,BANKNO,SORTNO,ISINUSE,ITEMDESCRIBE,ITEMATTRIBUTE,RELATIVECODE,ATTRIBUTE1,ATTRIBUTE2,ATTRIBUTE3,ATTRIBUTE4,ATTRIBUTE5,ATTRIBUTE6,ATTRIBUTE7,ATTRIBUTE8,INPUTUSER,INPUTORG,INPUTTIME,UPDATEUSER,UPDATETIME,REMARK,HELPTEXT) VALUES ('金融机构行业地位','020','非国有上市股份制金融机构',null,'020','1',null,null,null,null,null,null,null,null,null,null,null,null,null,null,'system','2009/07/29 16:06:23',null,null);
INSERT INTO CODE_LIBRARY (CODENO,ITEMNO,ITEMNAME,BANKNO,SORTNO,ISINUSE,ITEMDESCRIBE,ITEMATTRIBUTE,RELATIVECODE,ATTRIBUTE1,ATTRIBUTE2,ATTRIBUTE3,ATTRIBUTE4,ATTRIBUTE5,ATTRIBUTE6,ATTRIBUTE7,ATTRIBUTE8,INPUTUSER,INPUTORG,INPUTTIME,UPDATEUSER,UPDATETIME,REMARK,HELPTEXT) VALUES ('金融机构行业地位','030','其他金融机构',null,'030','1',null,null,null,null,null,null,null,null,null,null,null,null,null,null,'system','2009/07/29 16:06:23',null,null);

--delete FROM code_catalog where CodeNo='投资业绩与稳定性';
--delete FROM code_library where CodeNo='投资业绩与稳定性';
INSERT INTO CODE_CATALOG (CODENO,SORTNO,CODETYPEONE,CODETYPETWO,CODENAME,CODEDESCRIBE,CODEATTRIBUTE,INPUTUSER,INPUTORG,INPUTTIME,UPDATEUSER,UPDATETIME,REMARK) VALUES ('投资业绩与稳定性',null,'1.客户管理','信用等级评估','投资业绩与稳定性',null,null,'system','9900','2009/07/29 15:51:13','system','2009/07/29 15:51:16',null);
INSERT INTO CODE_LIBRARY (CODENO,ITEMNO,ITEMNAME,BANKNO,SORTNO,ISINUSE,ITEMDESCRIBE,ITEMATTRIBUTE,RELATIVECODE,ATTRIBUTE1,ATTRIBUTE2,ATTRIBUTE3,ATTRIBUTE4,ATTRIBUTE5,ATTRIBUTE6,ATTRIBUTE7,ATTRIBUTE8,INPUTUSER,INPUTORG,INPUTTIME,UPDATEUSER,UPDATETIME,REMARK,HELPTEXT) VALUES ('投资业绩与稳定性','010','按原投资计划执行，且投资回报稳定，维持在预期水平',null,'010','1',null,null,null,null,null,null,null,null,null,null,null,null,null,null,'system','2009/07/29 16:06:21',null,null);
INSERT INTO CODE_LIBRARY (CODENO,ITEMNO,ITEMNAME,BANKNO,SORTNO,ISINUSE,ITEMDESCRIBE,ITEMATTRIBUTE,RELATIVECODE,ATTRIBUTE1,ATTRIBUTE2,ATTRIBUTE3,ATTRIBUTE4,ATTRIBUTE5,ATTRIBUTE6,ATTRIBUTE7,ATTRIBUTE8,INPUTUSER,INPUTORG,INPUTTIME,UPDATEUSER,UPDATETIME,REMARK,HELPTEXT) VALUES ('投资业绩与稳定性','020','投资方案较实际有所变化，且投资回报低于预期',null,'020','1',null,null,null,null,null,null,null,null,null,null,null,null,null,null,'system','2009/07/29 16:06:23',null,null);
INSERT INTO CODE_LIBRARY (CODENO,ITEMNO,ITEMNAME,BANKNO,SORTNO,ISINUSE,ITEMDESCRIBE,ITEMATTRIBUTE,RELATIVECODE,ATTRIBUTE1,ATTRIBUTE2,ATTRIBUTE3,ATTRIBUTE4,ATTRIBUTE5,ATTRIBUTE6,ATTRIBUTE7,ATTRIBUTE8,INPUTUSER,INPUTORG,INPUTTIME,UPDATEUSER,UPDATETIME,REMARK,HELPTEXT) VALUES ('投资业绩与稳定性','030','投资方案较实际发生重大变化，投资出现损失',null,'030','1',null,null,null,null,null,null,null,null,null,null,null,null,null,null,'system','2009/07/29 16:06:23',null,null);

--delete FROM code_catalog where CodeNo='投资资产质量';
--delete FROM code_library where CodeNo='投资资产质量';
INSERT INTO CODE_CATALOG (CODENO,SORTNO,CODETYPEONE,CODETYPETWO,CODENAME,CODEDESCRIBE,CODEATTRIBUTE,INPUTUSER,INPUTORG,INPUTTIME,UPDATEUSER,UPDATETIME,REMARK) VALUES ('投资资产质量',null,'1.客户管理','信用等级评估','投资资产质量',null,null,'system','9900','2009/07/29 15:51:13','system','2009/07/29 15:51:16',null);
INSERT INTO CODE_LIBRARY (CODENO,ITEMNO,ITEMNAME,BANKNO,SORTNO,ISINUSE,ITEMDESCRIBE,ITEMATTRIBUTE,RELATIVECODE,ATTRIBUTE1,ATTRIBUTE2,ATTRIBUTE3,ATTRIBUTE4,ATTRIBUTE5,ATTRIBUTE6,ATTRIBUTE7,ATTRIBUTE8,INPUTUSER,INPUTORG,INPUTTIME,UPDATEUSER,UPDATETIME,REMARK,HELPTEXT) VALUES ('投资资产质量','010','投资的资产信用评级高，流动性好，且价值波动率低',null,'010','1',null,null,null,null,null,null,null,null,null,null,null,null,null,null,'system','2009/07/29 16:06:21',null,null);
INSERT INTO CODE_LIBRARY (CODENO,ITEMNO,ITEMNAME,BANKNO,SORTNO,ISINUSE,ITEMDESCRIBE,ITEMATTRIBUTE,RELATIVECODE,ATTRIBUTE1,ATTRIBUTE2,ATTRIBUTE3,ATTRIBUTE4,ATTRIBUTE5,ATTRIBUTE6,ATTRIBUTE7,ATTRIBUTE8,INPUTUSER,INPUTORG,INPUTTIME,UPDATEUSER,UPDATETIME,REMARK,HELPTEXT) VALUES ('投资资产质量','020','投资的资产信用评级较高，流动性较好，且价值波动率一般',null,'020','1',null,null,null,null,null,null,null,null,null,null,null,null,null,null,'system','2009/07/29 16:06:23',null,null);
INSERT INTO CODE_LIBRARY (CODENO,ITEMNO,ITEMNAME,BANKNO,SORTNO,ISINUSE,ITEMDESCRIBE,ITEMATTRIBUTE,RELATIVECODE,ATTRIBUTE1,ATTRIBUTE2,ATTRIBUTE3,ATTRIBUTE4,ATTRIBUTE5,ATTRIBUTE6,ATTRIBUTE7,ATTRIBUTE8,INPUTUSER,INPUTORG,INPUTTIME,UPDATEUSER,UPDATETIME,REMARK,HELPTEXT) VALUES ('投资资产质量','030','投资的资产信用评级差，流动性差，且价值波动率较高',null,'030','1',null,null,null,null,null,null,null,null,null,null,null,null,null,null,'system','2009/07/29 16:06:23',null,null);

--delete FROM code_catalog where CodeNo='信贷环境';
--delete FROM code_library where CodeNo='信贷环境';
INSERT INTO CODE_CATALOG (CODENO,SORTNO,CODETYPEONE,CODETYPETWO,CODENAME,CODEDESCRIBE,CODEATTRIBUTE,INPUTUSER,INPUTORG,INPUTTIME,UPDATEUSER,UPDATETIME,REMARK) VALUES ('信贷环境',null,'1.客户管理','信用等级评估','信贷环境',null,null,'system','9900','2009/07/29 15:51:13','system','2009/07/29 15:51:16',null);
INSERT INTO CODE_LIBRARY (CODENO,ITEMNO,ITEMNAME,BANKNO,SORTNO,ISINUSE,ITEMDESCRIBE,ITEMATTRIBUTE,RELATIVECODE,ATTRIBUTE1,ATTRIBUTE2,ATTRIBUTE3,ATTRIBUTE4,ATTRIBUTE5,ATTRIBUTE6,ATTRIBUTE7,ATTRIBUTE8,INPUTUSER,INPUTORG,INPUTTIME,UPDATEUSER,UPDATETIME,REMARK,HELPTEXT) VALUES ('信贷环境','010','本行面向的客户人群整体信用状况较好',null,'010','1',null,null,null,null,null,null,null,null,null,null,null,null,null,null,'system','2009/07/29 16:06:21',null,null);
INSERT INTO CODE_LIBRARY (CODENO,ITEMNO,ITEMNAME,BANKNO,SORTNO,ISINUSE,ITEMDESCRIBE,ITEMATTRIBUTE,RELATIVECODE,ATTRIBUTE1,ATTRIBUTE2,ATTRIBUTE3,ATTRIBUTE4,ATTRIBUTE5,ATTRIBUTE6,ATTRIBUTE7,ATTRIBUTE8,INPUTUSER,INPUTORG,INPUTTIME,UPDATEUSER,UPDATETIME,REMARK,HELPTEXT) VALUES ('信贷环境','020','本行面向的客户人群整体信用状况一般',null,'020','1',null,null,null,null,null,null,null,null,null,null,null,null,null,null,'system','2009/07/29 16:06:23',null,null);
INSERT INTO CODE_LIBRARY (CODENO,ITEMNO,ITEMNAME,BANKNO,SORTNO,ISINUSE,ITEMDESCRIBE,ITEMATTRIBUTE,RELATIVECODE,ATTRIBUTE1,ATTRIBUTE2,ATTRIBUTE3,ATTRIBUTE4,ATTRIBUTE5,ATTRIBUTE6,ATTRIBUTE7,ATTRIBUTE8,INPUTUSER,INPUTORG,INPUTTIME,UPDATEUSER,UPDATETIME,REMARK,HELPTEXT) VALUES ('信贷环境','030','本行面向的客户人群整体信用状况较差',null,'030','1',null,null,null,null,null,null,null,null,null,null,null,null,null,null,'system','2009/07/29 16:06:23',null,null);

--delete FROM code_catalog where CodeNo='银行行业地位';
--delete FROM code_library where CodeNo='银行行业地位';
INSERT INTO CODE_CATALOG (CODENO,SORTNO,CODETYPEONE,CODETYPETWO,CODENAME,CODEDESCRIBE,CODEATTRIBUTE,INPUTUSER,INPUTORG,INPUTTIME,UPDATEUSER,UPDATETIME,REMARK) VALUES ('银行行业地位',null,'1.客户管理','信用等级评估','银行行业地位',null,null,'system','9900','2009/07/29 15:51:13','system','2009/07/29 15:51:16',null);
INSERT INTO CODE_LIBRARY (CODENO,ITEMNO,ITEMNAME,BANKNO,SORTNO,ISINUSE,ITEMDESCRIBE,ITEMATTRIBUTE,RELATIVECODE,ATTRIBUTE1,ATTRIBUTE2,ATTRIBUTE3,ATTRIBUTE4,ATTRIBUTE5,ATTRIBUTE6,ATTRIBUTE7,ATTRIBUTE8,INPUTUSER,INPUTORG,INPUTTIME,UPDATEUSER,UPDATETIME,REMARK,HELPTEXT) VALUES ('银行行业地位','010','国有商业银行及国家政策性银行',null,'010','1',null,null,null,null,null,null,null,null,null,null,null,null,null,null,'system','2009/07/29 16:06:21',null,null);
INSERT INTO CODE_LIBRARY (CODENO,ITEMNO,ITEMNAME,BANKNO,SORTNO,ISINUSE,ITEMDESCRIBE,ITEMATTRIBUTE,RELATIVECODE,ATTRIBUTE1,ATTRIBUTE2,ATTRIBUTE3,ATTRIBUTE4,ATTRIBUTE5,ATTRIBUTE6,ATTRIBUTE7,ATTRIBUTE8,INPUTUSER,INPUTORG,INPUTTIME,UPDATEUSER,UPDATETIME,REMARK,HELPTEXT) VALUES ('银行行业地位','020','股份制商业银行',null,'020','1',null,null,null,null,null,null,null,null,null,null,null,null,null,null,'system','2009/07/29 16:06:23',null,null);
INSERT INTO CODE_LIBRARY (CODENO,ITEMNO,ITEMNAME,BANKNO,SORTNO,ISINUSE,ITEMDESCRIBE,ITEMATTRIBUTE,RELATIVECODE,ATTRIBUTE1,ATTRIBUTE2,ATTRIBUTE3,ATTRIBUTE4,ATTRIBUTE5,ATTRIBUTE6,ATTRIBUTE7,ATTRIBUTE8,INPUTUSER,INPUTORG,INPUTTIME,UPDATEUSER,UPDATETIME,REMARK,HELPTEXT) VALUES ('银行行业地位','030','城商银行及其他类银行',null,'030','1',null,null,null,null,null,null,null,null,null,null,null,null,null,null,'system','2009/07/29 16:06:23',null,null);

--delete FROM code_catalog where CodeNo='银行合规管理';
--delete FROM code_library where CodeNo='银行合规管理';
INSERT INTO CODE_CATALOG (CODENO,SORTNO,CODETYPEONE,CODETYPETWO,CODENAME,CODEDESCRIBE,CODEATTRIBUTE,INPUTUSER,INPUTORG,INPUTTIME,UPDATEUSER,UPDATETIME,REMARK) VALUES ('银行合规管理',null,'1.客户管理','信用等级评估','银行合规管理',null,null,'system','9900','2009/07/29 15:51:13','system','2009/07/29 15:51:16',null);
INSERT INTO CODE_LIBRARY (CODENO,ITEMNO,ITEMNAME,BANKNO,SORTNO,ISINUSE,ITEMDESCRIBE,ITEMATTRIBUTE,RELATIVECODE,ATTRIBUTE1,ATTRIBUTE2,ATTRIBUTE3,ATTRIBUTE4,ATTRIBUTE5,ATTRIBUTE6,ATTRIBUTE7,ATTRIBUTE8,INPUTUSER,INPUTORG,INPUTTIME,UPDATEUSER,UPDATETIME,REMARK,HELPTEXT) VALUES ('银行合规管理','010','建立了明确的合规管理机制，银行内部形成了良好的合规文化，能够有效规避大部分具有潜在合规风险的行为',null,'010','1',null,null,null,null,null,null,null,null,null,null,null,null,null,null,'system','2009/07/29 16:06:21',null,null);
INSERT INTO CODE_LIBRARY (CODENO,ITEMNO,ITEMNAME,BANKNO,SORTNO,ISINUSE,ITEMDESCRIBE,ITEMATTRIBUTE,RELATIVECODE,ATTRIBUTE1,ATTRIBUTE2,ATTRIBUTE3,ATTRIBUTE4,ATTRIBUTE5,ATTRIBUTE6,ATTRIBUTE7,ATTRIBUTE8,INPUTUSER,INPUTORG,INPUTTIME,UPDATEUSER,UPDATETIME,REMARK,HELPTEXT) VALUES ('银行合规管理','020','建立了一定的合规管理机制，银行内部对合规文化有一定认知，能够规避部分具有潜在合规风险的行为',null,'020','1',null,null,null,null,null,null,null,null,null,null,null,null,null,null,'system','2009/07/29 16:06:23',null,null);
INSERT INTO CODE_LIBRARY (CODENO,ITEMNO,ITEMNAME,BANKNO,SORTNO,ISINUSE,ITEMDESCRIBE,ITEMATTRIBUTE,RELATIVECODE,ATTRIBUTE1,ATTRIBUTE2,ATTRIBUTE3,ATTRIBUTE4,ATTRIBUTE5,ATTRIBUTE6,ATTRIBUTE7,ATTRIBUTE8,INPUTUSER,INPUTORG,INPUTTIME,UPDATEUSER,UPDATETIME,REMARK,HELPTEXT) VALUES ('银行合规管理','030','尚未建立明确的合规管理机制，无法有效规避有潜在合规风险的行为带来的损失',null,'030','1',null,null,null,null,null,null,null,null,null,null,null,null,null,null,'system','2009/07/29 16:06:23',null,null);

--delete FROM code_catalog where CodeNo='银行治理架构';
--delete FROM code_library where CodeNo='银行治理架构';
INSERT INTO CODE_CATALOG (CODENO,SORTNO,CODETYPEONE,CODETYPETWO,CODENAME,CODEDESCRIBE,CODEATTRIBUTE,INPUTUSER,INPUTORG,INPUTTIME,UPDATEUSER,UPDATETIME,REMARK) VALUES ('银行治理架构',null,'1.客户管理','信用等级评估','银行治理架构',null,null,'system','9900','2009/07/29 15:51:13','system','2009/07/29 15:51:16',null);
INSERT INTO CODE_LIBRARY (CODENO,ITEMNO,ITEMNAME,BANKNO,SORTNO,ISINUSE,ITEMDESCRIBE,ITEMATTRIBUTE,RELATIVECODE,ATTRIBUTE1,ATTRIBUTE2,ATTRIBUTE3,ATTRIBUTE4,ATTRIBUTE5,ATTRIBUTE6,ATTRIBUTE7,ATTRIBUTE8,INPUTUSER,INPUTORG,INPUTTIME,UPDATEUSER,UPDATETIME,REMARK,HELPTEXT) VALUES ('银行治理架构','010','银行内部的权力得到了良好的授权，各司其责，责任明确，所有的决策都可以有效率地做出，领导人的变换几乎不会对企业产生任何影响',null,'010','1',null,null,null,null,null,null,null,null,null,null,null,null,null,null,'system','2009/07/29 16:06:21',null,null);
INSERT INTO CODE_LIBRARY (CODENO,ITEMNO,ITEMNAME,BANKNO,SORTNO,ISINUSE,ITEMDESCRIBE,ITEMATTRIBUTE,RELATIVECODE,ATTRIBUTE1,ATTRIBUTE2,ATTRIBUTE3,ATTRIBUTE4,ATTRIBUTE5,ATTRIBUTE6,ATTRIBUTE7,ATTRIBUTE8,INPUTUSER,INPUTORG,INPUTTIME,UPDATEUSER,UPDATETIME,REMARK,HELPTEXT) VALUES ('银行治理架构','020','银行内部的重大决策由主要的领导作出，但是日常决策已经授权到工作层面，缺少主要的领导人对企业只会产生有限的影响',null,'020','1',null,null,null,null,null,null,null,null,null,null,null,null,null,null,'system','2009/07/29 16:06:23',null,null);
INSERT INTO CODE_LIBRARY (CODENO,ITEMNO,ITEMNAME,BANKNO,SORTNO,ISINUSE,ITEMDESCRIBE,ITEMATTRIBUTE,RELATIVECODE,ATTRIBUTE1,ATTRIBUTE2,ATTRIBUTE3,ATTRIBUTE4,ATTRIBUTE5,ATTRIBUTE6,ATTRIBUTE7,ATTRIBUTE8,INPUTUSER,INPUTORG,INPUTTIME,UPDATEUSER,UPDATETIME,REMARK,HELPTEXT) VALUES ('银行治理架构','030','银行内部所有的决策由几个人做出而几乎不征求员工的意见，缺少了主要的决策者会对企业产生重大影响',null,'030','1',null,null,null,null,null,null,null,null,null,null,null,null,null,null,'system','2009/07/29 16:06:23',null,null);

--delete FROM code_catalog where CodeNo='银行自有投资资产质量';
--delete FROM code_library where CodeNo='银行自有投资资产质量';
INSERT INTO CODE_CATALOG (CODENO,SORTNO,CODETYPEONE,CODETYPETWO,CODENAME,CODEDESCRIBE,CODEATTRIBUTE,INPUTUSER,INPUTORG,INPUTTIME,UPDATEUSER,UPDATETIME,REMARK) VALUES ('银行自有投资资产质量',null,'1.客户管理','信用等级评估','银行自有投资资产质量',null,null,'system','9900','2009/07/29 15:51:13','system','2009/07/29 15:51:16',null);
INSERT INTO CODE_LIBRARY (CODENO,ITEMNO,ITEMNAME,BANKNO,SORTNO,ISINUSE,ITEMDESCRIBE,ITEMATTRIBUTE,RELATIVECODE,ATTRIBUTE1,ATTRIBUTE2,ATTRIBUTE3,ATTRIBUTE4,ATTRIBUTE5,ATTRIBUTE6,ATTRIBUTE7,ATTRIBUTE8,INPUTUSER,INPUTORG,INPUTTIME,UPDATEUSER,UPDATETIME,REMARK,HELPTEXT) VALUES ('银行自有投资资产质量','010','银行投资的资产信用评级高，流动性好，且价值波动率低',null,'010','1',null,null,null,null,null,null,null,null,null,null,null,null,null,null,'system','2009/07/29 16:06:21',null,null);
INSERT INTO CODE_LIBRARY (CODENO,ITEMNO,ITEMNAME,BANKNO,SORTNO,ISINUSE,ITEMDESCRIBE,ITEMATTRIBUTE,RELATIVECODE,ATTRIBUTE1,ATTRIBUTE2,ATTRIBUTE3,ATTRIBUTE4,ATTRIBUTE5,ATTRIBUTE6,ATTRIBUTE7,ATTRIBUTE8,INPUTUSER,INPUTORG,INPUTTIME,UPDATEUSER,UPDATETIME,REMARK,HELPTEXT) VALUES ('银行自有投资资产质量','020','银行投资的资产信用评级较高，流动性较好，且价值波动率一般',null,'020','1',null,null,null,null,null,null,null,null,null,null,null,null,null,null,'system','2009/07/29 16:06:23',null,null);
INSERT INTO CODE_LIBRARY (CODENO,ITEMNO,ITEMNAME,BANKNO,SORTNO,ISINUSE,ITEMDESCRIBE,ITEMATTRIBUTE,RELATIVECODE,ATTRIBUTE1,ATTRIBUTE2,ATTRIBUTE3,ATTRIBUTE4,ATTRIBUTE5,ATTRIBUTE6,ATTRIBUTE7,ATTRIBUTE8,INPUTUSER,INPUTORG,INPUTTIME,UPDATEUSER,UPDATETIME,REMARK,HELPTEXT) VALUES ('银行自有投资资产质量','030','银行投资的资产信用评级差，流动性差，且价值波动率较高',null,'030','1',null,null,null,null,null,null,null,null,null,null,null,null,null,null,'system','2009/07/29 16:06:23',null,null);

--delete FROM code_catalog where CodeNo='监管体制';
--delete FROM code_library where CodeNo='监管体制';
INSERT INTO CODE_CATALOG (CODENO,SORTNO,CODETYPEONE,CODETYPETWO,CODENAME,CODEDESCRIBE,CODEATTRIBUTE,INPUTUSER,INPUTORG,INPUTTIME,UPDATEUSER,UPDATETIME,REMARK) VALUES ('监管体制',null,'1.客户管理','信用等级评估','监管体制',null,null,'system','9900','2009/07/29 15:51:13','system','2009/07/29 15:51:16',null);
INSERT INTO CODE_LIBRARY (CODENO,ITEMNO,ITEMNAME,BANKNO,SORTNO,ISINUSE,ITEMDESCRIBE,ITEMATTRIBUTE,RELATIVECODE,ATTRIBUTE1,ATTRIBUTE2,ATTRIBUTE3,ATTRIBUTE4,ATTRIBUTE5,ATTRIBUTE6,ATTRIBUTE7,ATTRIBUTE8,INPUTUSER,INPUTORG,INPUTTIME,UPDATEUSER,UPDATETIME,REMARK,HELPTEXT) VALUES ('监管体制','010','拥有健全、完整的银行监管体制，监管体制已达到国际标准。该国/地区内银行整体的风险管理水平较高',null,'010','1',null,null,null,null,null,null,null,null,null,null,null,null,null,null,'system','2009/07/29 16:06:21',null,null);
INSERT INTO CODE_LIBRARY (CODENO,ITEMNO,ITEMNAME,BANKNO,SORTNO,ISINUSE,ITEMDESCRIBE,ITEMATTRIBUTE,RELATIVECODE,ATTRIBUTE1,ATTRIBUTE2,ATTRIBUTE3,ATTRIBUTE4,ATTRIBUTE5,ATTRIBUTE6,ATTRIBUTE7,ATTRIBUTE8,INPUTUSER,INPUTORG,INPUTTIME,UPDATEUSER,UPDATETIME,REMARK,HELPTEXT) VALUES ('监管体制','020','建立了完整的银行监管体制，但监管体制尚未达到国际标准。该国/地区内银行的风险管理水平处于中等水平',null,'020','1',null,null,null,null,null,null,null,null,null,null,null,null,null,null,'system','2009/07/29 16:06:23',null,null);
INSERT INTO CODE_LIBRARY (CODENO,ITEMNO,ITEMNAME,BANKNO,SORTNO,ISINUSE,ITEMDESCRIBE,ITEMATTRIBUTE,RELATIVECODE,ATTRIBUTE1,ATTRIBUTE2,ATTRIBUTE3,ATTRIBUTE4,ATTRIBUTE5,ATTRIBUTE6,ATTRIBUTE7,ATTRIBUTE8,INPUTUSER,INPUTORG,INPUTTIME,UPDATEUSER,UPDATETIME,REMARK,HELPTEXT) VALUES ('监管体制','030','尚未建立有效的银行监管体制，该国/地区内银行的整体风险管理水平距国际监管水准尚有一定差距',null,'030','1',null,null,null,null,null,null,null,null,null,null,null,null,null,null,'system','2009/07/29 16:06:23',null,null);

--delete FROM code_catalog where CodeNo='经济体系稳固性';
--delete FROM code_library where CodeNo='经济体系稳固性';
INSERT INTO CODE_CATALOG (CODENO,SORTNO,CODETYPEONE,CODETYPETWO,CODENAME,CODEDESCRIBE,CODEATTRIBUTE,INPUTUSER,INPUTORG,INPUTTIME,UPDATEUSER,UPDATETIME,REMARK) VALUES ('经济体系稳固性',null,'1.客户管理','信用等级评估','经济体系稳固性',null,null,'system','9900','2009/07/29 15:51:13','system','2009/07/29 15:51:16',null);
INSERT INTO CODE_LIBRARY (CODENO,ITEMNO,ITEMNAME,BANKNO,SORTNO,ISINUSE,ITEMDESCRIBE,ITEMATTRIBUTE,RELATIVECODE,ATTRIBUTE1,ATTRIBUTE2,ATTRIBUTE3,ATTRIBUTE4,ATTRIBUTE5,ATTRIBUTE6,ATTRIBUTE7,ATTRIBUTE8,INPUTUSER,INPUTORG,INPUTTIME,UPDATEUSER,UPDATETIME,REMARK,HELPTEXT) VALUES ('经济体系稳固性','010','该国/地区的经济体系较为稳固，对系统性风险具有较强的抵御能力',null,'010','1',null,null,null,null,null,null,null,null,null,null,null,null,null,null,'system','2009/07/29 16:06:21',null,null);
INSERT INTO CODE_LIBRARY (CODENO,ITEMNO,ITEMNAME,BANKNO,SORTNO,ISINUSE,ITEMDESCRIBE,ITEMATTRIBUTE,RELATIVECODE,ATTRIBUTE1,ATTRIBUTE2,ATTRIBUTE3,ATTRIBUTE4,ATTRIBUTE5,ATTRIBUTE6,ATTRIBUTE7,ATTRIBUTE8,INPUTUSER,INPUTORG,INPUTTIME,UPDATEUSER,UPDATETIME,REMARK,HELPTEXT) VALUES ('经济体系稳固性','020','该国/地区的经济体系的稳固性一般，对系统性风险具有一定的抵御能力',null,'020','1',null,null,null,null,null,null,null,null,null,null,null,null,null,null,'system','2009/07/29 16:06:23',null,null);
INSERT INTO CODE_LIBRARY (CODENO,ITEMNO,ITEMNAME,BANKNO,SORTNO,ISINUSE,ITEMDESCRIBE,ITEMATTRIBUTE,RELATIVECODE,ATTRIBUTE1,ATTRIBUTE2,ATTRIBUTE3,ATTRIBUTE4,ATTRIBUTE5,ATTRIBUTE6,ATTRIBUTE7,ATTRIBUTE8,INPUTUSER,INPUTORG,INPUTTIME,UPDATEUSER,UPDATETIME,REMARK,HELPTEXT) VALUES ('经济体系稳固性','030','该国/地区的经济体系较为脆弱，对系统性风险的抵御能力较差',null,'030','1',null,null,null,null,null,null,null,null,null,null,null,null,null,null,'system','2009/07/29 16:06:23',null,null);

--delete FROM code_catalog where CodeNo='行业结构的变化';
--delete FROM code_library where CodeNo='行业结构的变化';
INSERT INTO CODE_CATALOG (CODENO,SORTNO,CODETYPEONE,CODETYPETWO,CODENAME,CODEDESCRIBE,CODEATTRIBUTE,INPUTUSER,INPUTORG,INPUTTIME,UPDATEUSER,UPDATETIME,REMARK) VALUES ('行业结构的变化',null,'1.客户管理','信用等级评估','行业结构的变化',null,null,'system','9900','2009/07/29 15:51:13','system','2009/07/29 15:51:16',null);
INSERT INTO CODE_LIBRARY (CODENO,ITEMNO,ITEMNAME,BANKNO,SORTNO,ISINUSE,ITEMDESCRIBE,ITEMATTRIBUTE,RELATIVECODE,ATTRIBUTE1,ATTRIBUTE2,ATTRIBUTE3,ATTRIBUTE4,ATTRIBUTE5,ATTRIBUTE6,ATTRIBUTE7,ATTRIBUTE8,INPUTUSER,INPUTORG,INPUTTIME,UPDATEUSER,UPDATETIME,REMARK,HELPTEXT) VALUES ('行业结构的变化','010','该国/地区金融行业结构较为稳定，行业结构无明显变化',null,'010','1',null,null,null,null,null,null,null,null,null,null,null,null,null,null,'system','2009/07/29 16:06:21',null,null);
INSERT INTO CODE_LIBRARY (CODENO,ITEMNO,ITEMNAME,BANKNO,SORTNO,ISINUSE,ITEMDESCRIBE,ITEMATTRIBUTE,RELATIVECODE,ATTRIBUTE1,ATTRIBUTE2,ATTRIBUTE3,ATTRIBUTE4,ATTRIBUTE5,ATTRIBUTE6,ATTRIBUTE7,ATTRIBUTE8,INPUTUSER,INPUTORG,INPUTTIME,UPDATEUSER,UPDATETIME,REMARK,HELPTEXT) VALUES ('行业结构的变化','020','该国/地区金融行业结构刚刚完成调整，行业结构正逐渐趋于稳定',null,'020','1',null,null,null,null,null,null,null,null,null,null,null,null,null,null,'system','2009/07/29 16:06:23',null,null);
INSERT INTO CODE_LIBRARY (CODENO,ITEMNO,ITEMNAME,BANKNO,SORTNO,ISINUSE,ITEMDESCRIBE,ITEMATTRIBUTE,RELATIVECODE,ATTRIBUTE1,ATTRIBUTE2,ATTRIBUTE3,ATTRIBUTE4,ATTRIBUTE5,ATTRIBUTE6,ATTRIBUTE7,ATTRIBUTE8,INPUTUSER,INPUTORG,INPUTTIME,UPDATEUSER,UPDATETIME,REMARK,HELPTEXT) VALUES ('行业结构的变化','030','该国/地区金融行业结构正在进行改革，行业结构变化较大',null,'030','1',null,null,null,null,null,null,null,null,null,null,null,null,null,null,'system','2009/07/29 16:06:23',null,null);

--delete FROM code_catalog where CodeNo='政策稳定性';
--delete FROM code_library where CodeNo='政策稳定性';
INSERT INTO CODE_CATALOG (CODENO,SORTNO,CODETYPEONE,CODETYPETWO,CODENAME,CODEDESCRIBE,CODEATTRIBUTE,INPUTUSER,INPUTORG,INPUTTIME,UPDATEUSER,UPDATETIME,REMARK) VALUES ('政策稳定性',null,'1.客户管理','信用等级评估','政策稳定性',null,null,'system','9900','2009/07/29 15:51:13','system','2009/07/29 15:51:16',null);
INSERT INTO CODE_LIBRARY (CODENO,ITEMNO,ITEMNAME,BANKNO,SORTNO,ISINUSE,ITEMDESCRIBE,ITEMATTRIBUTE,RELATIVECODE,ATTRIBUTE1,ATTRIBUTE2,ATTRIBUTE3,ATTRIBUTE4,ATTRIBUTE5,ATTRIBUTE6,ATTRIBUTE7,ATTRIBUTE8,INPUTUSER,INPUTORG,INPUTTIME,UPDATEUSER,UPDATETIME,REMARK,HELPTEXT) VALUES ('政策稳定性','010','该国/地区宏观经济政策稳定，经济政策对宏观经济的调控效果较为明显',null,'010','1',null,null,null,null,null,null,null,null,null,null,null,null,null,null,'system','2009/07/29 16:06:21',null,null);
INSERT INTO CODE_LIBRARY (CODENO,ITEMNO,ITEMNAME,BANKNO,SORTNO,ISINUSE,ITEMDESCRIBE,ITEMATTRIBUTE,RELATIVECODE,ATTRIBUTE1,ATTRIBUTE2,ATTRIBUTE3,ATTRIBUTE4,ATTRIBUTE5,ATTRIBUTE6,ATTRIBUTE7,ATTRIBUTE8,INPUTUSER,INPUTORG,INPUTTIME,UPDATEUSER,UPDATETIME,REMARK,HELPTEXT) VALUES ('政策稳定性','020','该国/地区宏观经济政策稳定性中等，需要出台一系列相关的经济政策对宏观经济进行调控',null,'020','1',null,null,null,null,null,null,null,null,null,null,null,null,null,null,'system','2009/07/29 16:06:23',null,null);
INSERT INTO CODE_LIBRARY (CODENO,ITEMNO,ITEMNAME,BANKNO,SORTNO,ISINUSE,ITEMDESCRIBE,ITEMATTRIBUTE,RELATIVECODE,ATTRIBUTE1,ATTRIBUTE2,ATTRIBUTE3,ATTRIBUTE4,ATTRIBUTE5,ATTRIBUTE6,ATTRIBUTE7,ATTRIBUTE8,INPUTUSER,INPUTORG,INPUTTIME,UPDATEUSER,UPDATETIME,REMARK,HELPTEXT) VALUES ('政策稳定性','030','该国/地区宏观经济政策稳定性交差，经济政策对宏观经济的调控效果不明显',null,'030','1',null,null,null,null,null,null,null,null,null,null,null,null,null,null,'system','2009/07/29 16:06:23',null,null);

--delete FROM code_catalog where CodeNo='经济周期性';
--delete FROM code_library where CodeNo='经济周期性';
INSERT INTO CODE_CATALOG (CODENO,SORTNO,CODETYPEONE,CODETYPETWO,CODENAME,CODEDESCRIBE,CODEATTRIBUTE,INPUTUSER,INPUTORG,INPUTTIME,UPDATEUSER,UPDATETIME,REMARK) VALUES ('经济周期性',null,'1.客户管理','信用等级评估','经济周期性',null,null,'system','9900','2009/07/29 15:51:13','system','2009/07/29 15:51:16',null);
INSERT INTO CODE_LIBRARY (CODENO,ITEMNO,ITEMNAME,BANKNO,SORTNO,ISINUSE,ITEMDESCRIBE,ITEMATTRIBUTE,RELATIVECODE,ATTRIBUTE1,ATTRIBUTE2,ATTRIBUTE3,ATTRIBUTE4,ATTRIBUTE5,ATTRIBUTE6,ATTRIBUTE7,ATTRIBUTE8,INPUTUSER,INPUTORG,INPUTTIME,UPDATEUSER,UPDATETIME,REMARK,HELPTEXT) VALUES ('经济周期性','010','该国/地区处于经济上行期，金融市场蓬勃发展',null,'010','1',null,null,null,null,null,null,null,null,null,null,null,null,null,null,'system','2009/07/29 16:06:21',null,null);
INSERT INTO CODE_LIBRARY (CODENO,ITEMNO,ITEMNAME,BANKNO,SORTNO,ISINUSE,ITEMDESCRIBE,ITEMATTRIBUTE,RELATIVECODE,ATTRIBUTE1,ATTRIBUTE2,ATTRIBUTE3,ATTRIBUTE4,ATTRIBUTE5,ATTRIBUTE6,ATTRIBUTE7,ATTRIBUTE8,INPUTUSER,INPUTORG,INPUTTIME,UPDATEUSER,UPDATETIME,REMARK,HELPTEXT) VALUES ('经济周期性','020','该国/地区处于平稳期，金融市场发展较为稳定',null,'020','1',null,null,null,null,null,null,null,null,null,null,null,null,null,null,'system','2009/07/29 16:06:23',null,null);
INSERT INTO CODE_LIBRARY (CODENO,ITEMNO,ITEMNAME,BANKNO,SORTNO,ISINUSE,ITEMDESCRIBE,ITEMATTRIBUTE,RELATIVECODE,ATTRIBUTE1,ATTRIBUTE2,ATTRIBUTE3,ATTRIBUTE4,ATTRIBUTE5,ATTRIBUTE6,ATTRIBUTE7,ATTRIBUTE8,INPUTUSER,INPUTORG,INPUTTIME,UPDATEUSER,UPDATETIME,REMARK,HELPTEXT) VALUES ('经济周期性','030','该国/地区处于经济下行期，金融市场萎缩',null,'030','1',null,null,null,null,null,null,null,null,null,null,null,null,null,null,'system','2009/07/29 16:06:23',null,null);

--delete FROM code_catalog where CodeNo='标普主权国家评级';
--delete FROM code_library where CodeNo='标普主权国家评级';
INSERT INTO CODE_CATALOG (CODENO,SORTNO,CODETYPEONE,CODETYPETWO,CODENAME,CODEDESCRIBE,CODEATTRIBUTE,INPUTUSER,INPUTORG,INPUTTIME,UPDATEUSER,UPDATETIME,REMARK) VALUES ('标普主权国家评级',null,'1.客户管理','信用等级评估','标普主权国家评级',null,null,'system','9900','2009/07/29 15:51:13','system','2009/07/29 15:51:16',null);
INSERT INTO CODE_LIBRARY (CODENO,ITEMNO,ITEMNAME,BANKNO,SORTNO,ISINUSE,ITEMDESCRIBE,ITEMATTRIBUTE,RELATIVECODE,ATTRIBUTE1,ATTRIBUTE2,ATTRIBUTE3,ATTRIBUTE4,ATTRIBUTE5,ATTRIBUTE6,ATTRIBUTE7,ATTRIBUTE8,INPUTUSER,INPUTORG,INPUTTIME,UPDATEUSER,UPDATETIME,REMARK,HELPTEXT) VALUES ('标普主权国家评级','0010','阿尔巴尼亚      ',null,'0010','1',null,null,null,null,null,null,null,null,null,null,null,null,null,null,'system','2009/07/29 16:06:21',null,null);
INSERT INTO CODE_LIBRARY (CODENO,ITEMNO,ITEMNAME,BANKNO,SORTNO,ISINUSE,ITEMDESCRIBE,ITEMATTRIBUTE,RELATIVECODE,ATTRIBUTE1,ATTRIBUTE2,ATTRIBUTE3,ATTRIBUTE4,ATTRIBUTE5,ATTRIBUTE6,ATTRIBUTE7,ATTRIBUTE8,INPUTUSER,INPUTORG,INPUTTIME,UPDATEUSER,UPDATETIME,REMARK,HELPTEXT) VALUES ('标普主权国家评级','0020','安道尔          ',null,'0020','1',null,null,null,null,null,null,null,null,null,null,null,null,null,null,'system','2009/07/29 16:06:23',null,null);
INSERT INTO CODE_LIBRARY (CODENO,ITEMNO,ITEMNAME,BANKNO,SORTNO,ISINUSE,ITEMDESCRIBE,ITEMATTRIBUTE,RELATIVECODE,ATTRIBUTE1,ATTRIBUTE2,ATTRIBUTE3,ATTRIBUTE4,ATTRIBUTE5,ATTRIBUTE6,ATTRIBUTE7,ATTRIBUTE8,INPUTUSER,INPUTORG,INPUTTIME,UPDATEUSER,UPDATETIME,REMARK,HELPTEXT) VALUES ('标普主权国家评级','0030','安哥拉          ',null,'0030','1',null,null,null,null,null,null,null,null,null,null,null,null,null,null,'system','2009/07/29 16:06:23',null,null);
INSERT INTO CODE_LIBRARY (CODENO,ITEMNO,ITEMNAME,BANKNO,SORTNO,ISINUSE,ITEMDESCRIBE,ITEMATTRIBUTE,RELATIVECODE,ATTRIBUTE1,ATTRIBUTE2,ATTRIBUTE3,ATTRIBUTE4,ATTRIBUTE5,ATTRIBUTE6,ATTRIBUTE7,ATTRIBUTE8,INPUTUSER,INPUTORG,INPUTTIME,UPDATEUSER,UPDATETIME,REMARK,HELPTEXT) VALUES ('标普主权国家评级','0040','阿根廷          ',null,'0040','1',null,null,null,null,null,null,null,null,null,null,null,null,null,null,'system','2009/07/29 16:06:21',null,null);
INSERT INTO CODE_LIBRARY (CODENO,ITEMNO,ITEMNAME,BANKNO,SORTNO,ISINUSE,ITEMDESCRIBE,ITEMATTRIBUTE,RELATIVECODE,ATTRIBUTE1,ATTRIBUTE2,ATTRIBUTE3,ATTRIBUTE4,ATTRIBUTE5,ATTRIBUTE6,ATTRIBUTE7,ATTRIBUTE8,INPUTUSER,INPUTORG,INPUTTIME,UPDATEUSER,UPDATETIME,REMARK,HELPTEXT) VALUES ('标普主权国家评级','0050','阿鲁巴岛        ',null,'0050','1',null,null,null,null,null,null,null,null,null,null,null,null,null,null,'system','2009/07/29 16:06:23',null,null);
INSERT INTO CODE_LIBRARY (CODENO,ITEMNO,ITEMNAME,BANKNO,SORTNO,ISINUSE,ITEMDESCRIBE,ITEMATTRIBUTE,RELATIVECODE,ATTRIBUTE1,ATTRIBUTE2,ATTRIBUTE3,ATTRIBUTE4,ATTRIBUTE5,ATTRIBUTE6,ATTRIBUTE7,ATTRIBUTE8,INPUTUSER,INPUTORG,INPUTTIME,UPDATEUSER,UPDATETIME,REMARK,HELPTEXT) VALUES ('标普主权国家评级','0060','阿塞拜疆        ',null,'0060','1',null,null,null,null,null,null,null,null,null,null,null,null,null,null,'system','2009/07/29 16:06:23',null,null);
INSERT INTO CODE_LIBRARY (CODENO,ITEMNO,ITEMNAME,BANKNO,SORTNO,ISINUSE,ITEMDESCRIBE,ITEMATTRIBUTE,RELATIVECODE,ATTRIBUTE1,ATTRIBUTE2,ATTRIBUTE3,ATTRIBUTE4,ATTRIBUTE5,ATTRIBUTE6,ATTRIBUTE7,ATTRIBUTE8,INPUTUSER,INPUTORG,INPUTTIME,UPDATEUSER,UPDATETIME,REMARK,HELPTEXT) VALUES ('标普主权国家评级','0070','巴林            ',null,'0070','1',null,null,null,null,null,null,null,null,null,null,null,null,null,null,'system','2009/07/29 16:06:21',null,null);
INSERT INTO CODE_LIBRARY (CODENO,ITEMNO,ITEMNAME,BANKNO,SORTNO,ISINUSE,ITEMDESCRIBE,ITEMATTRIBUTE,RELATIVECODE,ATTRIBUTE1,ATTRIBUTE2,ATTRIBUTE3,ATTRIBUTE4,ATTRIBUTE5,ATTRIBUTE6,ATTRIBUTE7,ATTRIBUTE8,INPUTUSER,INPUTORG,INPUTTIME,UPDATEUSER,UPDATETIME,REMARK,HELPTEXT) VALUES ('标普主权国家评级','0080','孟加拉          ',null,'0080','1',null,null,null,null,null,null,null,null,null,null,null,null,null,null,'system','2009/07/29 16:06:23',null,null);
INSERT INTO CODE_LIBRARY (CODENO,ITEMNO,ITEMNAME,BANKNO,SORTNO,ISINUSE,ITEMDESCRIBE,ITEMATTRIBUTE,RELATIVECODE,ATTRIBUTE1,ATTRIBUTE2,ATTRIBUTE3,ATTRIBUTE4,ATTRIBUTE5,ATTRIBUTE6,ATTRIBUTE7,ATTRIBUTE8,INPUTUSER,INPUTORG,INPUTTIME,UPDATEUSER,UPDATETIME,REMARK,HELPTEXT) VALUES ('标普主权国家评级','0090','巴巴多斯        ',null,'0090','1',null,null,null,null,null,null,null,null,null,null,null,null,null,null,'system','2009/07/29 16:06:23',null,null);
INSERT INTO CODE_LIBRARY (CODENO,ITEMNO,ITEMNAME,BANKNO,SORTNO,ISINUSE,ITEMDESCRIBE,ITEMATTRIBUTE,RELATIVECODE,ATTRIBUTE1,ATTRIBUTE2,ATTRIBUTE3,ATTRIBUTE4,ATTRIBUTE5,ATTRIBUTE6,ATTRIBUTE7,ATTRIBUTE8,INPUTUSER,INPUTORG,INPUTTIME,UPDATEUSER,UPDATETIME,REMARK,HELPTEXT) VALUES ('标普主权国家评级','0100','白俄罗斯        ',null,'0100','1',null,null,null,null,null,null,null,null,null,null,null,null,null,null,'system','2009/07/29 16:06:21',null,null);
INSERT INTO CODE_LIBRARY (CODENO,ITEMNO,ITEMNAME,BANKNO,SORTNO,ISINUSE,ITEMDESCRIBE,ITEMATTRIBUTE,RELATIVECODE,ATTRIBUTE1,ATTRIBUTE2,ATTRIBUTE3,ATTRIBUTE4,ATTRIBUTE5,ATTRIBUTE6,ATTRIBUTE7,ATTRIBUTE8,INPUTUSER,INPUTORG,INPUTTIME,UPDATEUSER,UPDATETIME,REMARK,HELPTEXT) VALUES ('标普主权国家评级','0110','比利时          ',null,'0110','1',null,null,null,null,null,null,null,null,null,null,null,null,null,null,'system','2009/07/29 16:06:23',null,null);
INSERT INTO CODE_LIBRARY (CODENO,ITEMNO,ITEMNAME,BANKNO,SORTNO,ISINUSE,ITEMDESCRIBE,ITEMATTRIBUTE,RELATIVECODE,ATTRIBUTE1,ATTRIBUTE2,ATTRIBUTE3,ATTRIBUTE4,ATTRIBUTE5,ATTRIBUTE6,ATTRIBUTE7,ATTRIBUTE8,INPUTUSER,INPUTORG,INPUTTIME,UPDATEUSER,UPDATETIME,REMARK,HELPTEXT) VALUES ('标普主权国家评级','0120','伯利兹          ',null,'0120','1',null,null,null,null,null,null,null,null,null,null,null,null,null,null,'system','2009/07/29 16:06:23',null,null);
INSERT INTO CODE_LIBRARY (CODENO,ITEMNO,ITEMNAME,BANKNO,SORTNO,ISINUSE,ITEMDESCRIBE,ITEMATTRIBUTE,RELATIVECODE,ATTRIBUTE1,ATTRIBUTE2,ATTRIBUTE3,ATTRIBUTE4,ATTRIBUTE5,ATTRIBUTE6,ATTRIBUTE7,ATTRIBUTE8,INPUTUSER,INPUTORG,INPUTTIME,UPDATEUSER,UPDATETIME,REMARK,HELPTEXT) VALUES ('标普主权国家评级','0130','贝宁            ',null,'0130','1',null,null,null,null,null,null,null,null,null,null,null,null,null,null,'system','2009/07/29 16:06:21',null,null);
INSERT INTO CODE_LIBRARY (CODENO,ITEMNO,ITEMNAME,BANKNO,SORTNO,ISINUSE,ITEMDESCRIBE,ITEMATTRIBUTE,RELATIVECODE,ATTRIBUTE1,ATTRIBUTE2,ATTRIBUTE3,ATTRIBUTE4,ATTRIBUTE5,ATTRIBUTE6,ATTRIBUTE7,ATTRIBUTE8,INPUTUSER,INPUTORG,INPUTTIME,UPDATEUSER,UPDATETIME,REMARK,HELPTEXT) VALUES ('标普主权国家评级','0140','百慕大群岛      ',null,'0140','1',null,null,null,null,null,null,null,null,null,null,null,null,null,null,'system','2009/07/29 16:06:23',null,null);
INSERT INTO CODE_LIBRARY (CODENO,ITEMNO,ITEMNAME,BANKNO,SORTNO,ISINUSE,ITEMDESCRIBE,ITEMATTRIBUTE,RELATIVECODE,ATTRIBUTE1,ATTRIBUTE2,ATTRIBUTE3,ATTRIBUTE4,ATTRIBUTE5,ATTRIBUTE6,ATTRIBUTE7,ATTRIBUTE8,INPUTUSER,INPUTORG,INPUTTIME,UPDATEUSER,UPDATETIME,REMARK,HELPTEXT) VALUES ('标普主权国家评级','0150','委内瑞拉        ',null,'0150','1',null,null,null,null,null,null,null,null,null,null,null,null,null,null,'system','2009/07/29 16:06:23',null,null);
INSERT INTO CODE_LIBRARY (CODENO,ITEMNO,ITEMNAME,BANKNO,SORTNO,ISINUSE,ITEMDESCRIBE,ITEMATTRIBUTE,RELATIVECODE,ATTRIBUTE1,ATTRIBUTE2,ATTRIBUTE3,ATTRIBUTE4,ATTRIBUTE5,ATTRIBUTE6,ATTRIBUTE7,ATTRIBUTE8,INPUTUSER,INPUTORG,INPUTTIME,UPDATEUSER,UPDATETIME,REMARK,HELPTEXT) VALUES ('标普主权国家评级','0160','玻利维亚        ',null,'0160','1',null,null,null,null,null,null,null,null,null,null,null,null,null,null,'system','2009/07/29 16:06:21',null,null);
INSERT INTO CODE_LIBRARY (CODENO,ITEMNO,ITEMNAME,BANKNO,SORTNO,ISINUSE,ITEMDESCRIBE,ITEMATTRIBUTE,RELATIVECODE,ATTRIBUTE1,ATTRIBUTE2,ATTRIBUTE3,ATTRIBUTE4,ATTRIBUTE5,ATTRIBUTE6,ATTRIBUTE7,ATTRIBUTE8,INPUTUSER,INPUTORG,INPUTTIME,UPDATEUSER,UPDATETIME,REMARK,HELPTEXT) VALUES ('标普主权国家评级','0170','波黑            ',null,'0170','1',null,null,null,null,null,null,null,null,null,null,null,null,null,null,'system','2009/07/29 16:06:23',null,null);
INSERT INTO CODE_LIBRARY (CODENO,ITEMNO,ITEMNAME,BANKNO,SORTNO,ISINUSE,ITEMDESCRIBE,ITEMATTRIBUTE,RELATIVECODE,ATTRIBUTE1,ATTRIBUTE2,ATTRIBUTE3,ATTRIBUTE4,ATTRIBUTE5,ATTRIBUTE6,ATTRIBUTE7,ATTRIBUTE8,INPUTUSER,INPUTORG,INPUTTIME,UPDATEUSER,UPDATETIME,REMARK,HELPTEXT) VALUES ('标普主权国家评级','0180','伯兹瓦纳        ',null,'0180','1',null,null,null,null,null,null,null,null,null,null,null,null,null,null,'system','2009/07/29 16:06:23',null,null);
INSERT INTO CODE_LIBRARY (CODENO,ITEMNO,ITEMNAME,BANKNO,SORTNO,ISINUSE,ITEMDESCRIBE,ITEMATTRIBUTE,RELATIVECODE,ATTRIBUTE1,ATTRIBUTE2,ATTRIBUTE3,ATTRIBUTE4,ATTRIBUTE5,ATTRIBUTE6,ATTRIBUTE7,ATTRIBUTE8,INPUTUSER,INPUTORG,INPUTTIME,UPDATEUSER,UPDATETIME,REMARK,HELPTEXT) VALUES ('标普主权国家评级','0190','保加利亚        ',null,'0190','1',null,null,null,null,null,null,null,null,null,null,null,null,null,null,'system','2009/07/29 16:06:21',null,null);
INSERT INTO CODE_LIBRARY (CODENO,ITEMNO,ITEMNAME,BANKNO,SORTNO,ISINUSE,ITEMDESCRIBE,ITEMATTRIBUTE,RELATIVECODE,ATTRIBUTE1,ATTRIBUTE2,ATTRIBUTE3,ATTRIBUTE4,ATTRIBUTE5,ATTRIBUTE6,ATTRIBUTE7,ATTRIBUTE8,INPUTUSER,INPUTORG,INPUTTIME,UPDATEUSER,UPDATETIME,REMARK,HELPTEXT) VALUES ('标普主权国家评级','0200','布基纳法索      ',null,'0200','1',null,null,null,null,null,null,null,null,null,null,null,null,null,null,'system','2009/07/29 16:06:23',null,null);
INSERT INTO CODE_LIBRARY (CODENO,ITEMNO,ITEMNAME,BANKNO,SORTNO,ISINUSE,ITEMDESCRIBE,ITEMATTRIBUTE,RELATIVECODE,ATTRIBUTE1,ATTRIBUTE2,ATTRIBUTE3,ATTRIBUTE4,ATTRIBUTE5,ATTRIBUTE6,ATTRIBUTE7,ATTRIBUTE8,INPUTUSER,INPUTORG,INPUTTIME,UPDATEUSER,UPDATETIME,REMARK,HELPTEXT) VALUES ('标普主权国家评级','0210','柬埔寨          ',null,'0210','1',null,null,null,null,null,null,null,null,null,null,null,null,null,null,'system','2009/07/29 16:06:23',null,null);
INSERT INTO CODE_LIBRARY (CODENO,ITEMNO,ITEMNAME,BANKNO,SORTNO,ISINUSE,ITEMDESCRIBE,ITEMATTRIBUTE,RELATIVECODE,ATTRIBUTE1,ATTRIBUTE2,ATTRIBUTE3,ATTRIBUTE4,ATTRIBUTE5,ATTRIBUTE6,ATTRIBUTE7,ATTRIBUTE8,INPUTUSER,INPUTORG,INPUTTIME,UPDATEUSER,UPDATETIME,REMARK,HELPTEXT) VALUES ('标普主权国家评级','0220','喀麦隆          ',null,'0220','1',null,null,null,null,null,null,null,null,null,null,null,null,null,null,'system','2009/07/29 16:06:21',null,null);
INSERT INTO CODE_LIBRARY (CODENO,ITEMNO,ITEMNAME,BANKNO,SORTNO,ISINUSE,ITEMDESCRIBE,ITEMATTRIBUTE,RELATIVECODE,ATTRIBUTE1,ATTRIBUTE2,ATTRIBUTE3,ATTRIBUTE4,ATTRIBUTE5,ATTRIBUTE6,ATTRIBUTE7,ATTRIBUTE8,INPUTUSER,INPUTORG,INPUTTIME,UPDATEUSER,UPDATETIME,REMARK,HELPTEXT) VALUES ('标普主权国家评级','0230','加拿大          ',null,'0230','1',null,null,null,null,null,null,null,null,null,null,null,null,null,null,'system','2009/07/29 16:06:23',null,null);
INSERT INTO CODE_LIBRARY (CODENO,ITEMNO,ITEMNAME,BANKNO,SORTNO,ISINUSE,ITEMDESCRIBE,ITEMATTRIBUTE,RELATIVECODE,ATTRIBUTE1,ATTRIBUTE2,ATTRIBUTE3,ATTRIBUTE4,ATTRIBUTE5,ATTRIBUTE6,ATTRIBUTE7,ATTRIBUTE8,INPUTUSER,INPUTORG,INPUTTIME,UPDATEUSER,UPDATETIME,REMARK,HELPTEXT) VALUES ('标普主权国家评级','0240','佛得角          ',null,'0240','1',null,null,null,null,null,null,null,null,null,null,null,null,null,null,'system','2009/07/29 16:06:23',null,null);
INSERT INTO CODE_LIBRARY (CODENO,ITEMNO,ITEMNAME,BANKNO,SORTNO,ISINUSE,ITEMDESCRIBE,ITEMATTRIBUTE,RELATIVECODE,ATTRIBUTE1,ATTRIBUTE2,ATTRIBUTE3,ATTRIBUTE4,ATTRIBUTE5,ATTRIBUTE6,ATTRIBUTE7,ATTRIBUTE8,INPUTUSER,INPUTORG,INPUTTIME,UPDATEUSER,UPDATETIME,REMARK,HELPTEXT) VALUES ('标普主权国家评级','0250','智利            ',null,'0250','1',null,null,null,null,null,null,null,null,null,null,null,null,null,null,'system','2009/07/29 16:06:21',null,null);
INSERT INTO CODE_LIBRARY (CODENO,ITEMNO,ITEMNAME,BANKNO,SORTNO,ISINUSE,ITEMDESCRIBE,ITEMATTRIBUTE,RELATIVECODE,ATTRIBUTE1,ATTRIBUTE2,ATTRIBUTE3,ATTRIBUTE4,ATTRIBUTE5,ATTRIBUTE6,ATTRIBUTE7,ATTRIBUTE8,INPUTUSER,INPUTORG,INPUTTIME,UPDATEUSER,UPDATETIME,REMARK,HELPTEXT) VALUES ('标普主权国家评级','0260','中国            ',null,'0260','1',null,null,null,null,null,null,null,null,null,null,null,null,null,null,'system','2009/07/29 16:06:23',null,null);
INSERT INTO CODE_LIBRARY (CODENO,ITEMNO,ITEMNAME,BANKNO,SORTNO,ISINUSE,ITEMDESCRIBE,ITEMATTRIBUTE,RELATIVECODE,ATTRIBUTE1,ATTRIBUTE2,ATTRIBUTE3,ATTRIBUTE4,ATTRIBUTE5,ATTRIBUTE6,ATTRIBUTE7,ATTRIBUTE8,INPUTUSER,INPUTORG,INPUTTIME,UPDATEUSER,UPDATETIME,REMARK,HELPTEXT) VALUES ('标普主权国家评级','0270','哥伦比亚        ',null,'0270','1',null,null,null,null,null,null,null,null,null,null,null,null,null,null,'system','2009/07/29 16:06:23',null,null);
INSERT INTO CODE_LIBRARY (CODENO,ITEMNO,ITEMNAME,BANKNO,SORTNO,ISINUSE,ITEMDESCRIBE,ITEMATTRIBUTE,RELATIVECODE,ATTRIBUTE1,ATTRIBUTE2,ATTRIBUTE3,ATTRIBUTE4,ATTRIBUTE5,ATTRIBUTE6,ATTRIBUTE7,ATTRIBUTE8,INPUTUSER,INPUTORG,INPUTTIME,UPDATEUSER,UPDATETIME,REMARK,HELPTEXT) VALUES ('标普主权国家评级','0280','澳大利亚        ',null,'0280','1',null,null,null,null,null,null,null,null,null,null,null,null,null,null,'system','2009/07/29 16:06:21',null,null);
INSERT INTO CODE_LIBRARY (CODENO,ITEMNO,ITEMNAME,BANKNO,SORTNO,ISINUSE,ITEMDESCRIBE,ITEMATTRIBUTE,RELATIVECODE,ATTRIBUTE1,ATTRIBUTE2,ATTRIBUTE3,ATTRIBUTE4,ATTRIBUTE5,ATTRIBUTE6,ATTRIBUTE7,ATTRIBUTE8,INPUTUSER,INPUTORG,INPUTTIME,UPDATEUSER,UPDATETIME,REMARK,HELPTEXT) VALUES ('标普主权国家评级','0290','巴哈马          ',null,'0290','1',null,null,null,null,null,null,null,null,null,null,null,null,null,null,'system','2009/07/29 16:06:23',null,null);
INSERT INTO CODE_LIBRARY (CODENO,ITEMNO,ITEMNAME,BANKNO,SORTNO,ISINUSE,ITEMDESCRIBE,ITEMATTRIBUTE,RELATIVECODE,ATTRIBUTE1,ATTRIBUTE2,ATTRIBUTE3,ATTRIBUTE4,ATTRIBUTE5,ATTRIBUTE6,ATTRIBUTE7,ATTRIBUTE8,INPUTUSER,INPUTORG,INPUTTIME,UPDATEUSER,UPDATETIME,REMARK,HELPTEXT) VALUES ('标普主权国家评级','0300','库克群岛        ',null,'0300','1',null,null,null,null,null,null,null,null,null,null,null,null,null,null,'system','2009/07/29 16:06:23',null,null);
INSERT INTO CODE_LIBRARY (CODENO,ITEMNO,ITEMNAME,BANKNO,SORTNO,ISINUSE,ITEMDESCRIBE,ITEMATTRIBUTE,RELATIVECODE,ATTRIBUTE1,ATTRIBUTE2,ATTRIBUTE3,ATTRIBUTE4,ATTRIBUTE5,ATTRIBUTE6,ATTRIBUTE7,ATTRIBUTE8,INPUTUSER,INPUTORG,INPUTTIME,UPDATEUSER,UPDATETIME,REMARK,HELPTEXT) VALUES ('标普主权国家评级','0310','哥斯达黎加      ',null,'0310','1',null,null,null,null,null,null,null,null,null,null,null,null,null,null,'system','2009/07/29 16:06:21',null,null);
INSERT INTO CODE_LIBRARY (CODENO,ITEMNO,ITEMNAME,BANKNO,SORTNO,ISINUSE,ITEMDESCRIBE,ITEMATTRIBUTE,RELATIVECODE,ATTRIBUTE1,ATTRIBUTE2,ATTRIBUTE3,ATTRIBUTE4,ATTRIBUTE5,ATTRIBUTE6,ATTRIBUTE7,ATTRIBUTE8,INPUTUSER,INPUTORG,INPUTTIME,UPDATEUSER,UPDATETIME,REMARK,HELPTEXT) VALUES ('标普主权国家评级','0320','克罗地亚        ',null,'0320','1',null,null,null,null,null,null,null,null,null,null,null,null,null,null,'system','2009/07/29 16:06:23',null,null);
INSERT INTO CODE_LIBRARY (CODENO,ITEMNO,ITEMNAME,BANKNO,SORTNO,ISINUSE,ITEMDESCRIBE,ITEMATTRIBUTE,RELATIVECODE,ATTRIBUTE1,ATTRIBUTE2,ATTRIBUTE3,ATTRIBUTE4,ATTRIBUTE5,ATTRIBUTE6,ATTRIBUTE7,ATTRIBUTE8,INPUTUSER,INPUTORG,INPUTTIME,UPDATEUSER,UPDATETIME,REMARK,HELPTEXT) VALUES ('标普主权国家评级','0330','塞浦路斯        ',null,'0330','1',null,null,null,null,null,null,null,null,null,null,null,null,null,null,'system','2009/07/29 16:06:23',null,null);
INSERT INTO CODE_LIBRARY (CODENO,ITEMNO,ITEMNAME,BANKNO,SORTNO,ISINUSE,ITEMDESCRIBE,ITEMATTRIBUTE,RELATIVECODE,ATTRIBUTE1,ATTRIBUTE2,ATTRIBUTE3,ATTRIBUTE4,ATTRIBUTE5,ATTRIBUTE6,ATTRIBUTE7,ATTRIBUTE8,INPUTUSER,INPUTORG,INPUTTIME,UPDATEUSER,UPDATETIME,REMARK,HELPTEXT) VALUES ('标普主权国家评级','0340','捷克            ',null,'0340','1',null,null,null,null,null,null,null,null,null,null,null,null,null,null,'system','2009/07/29 16:06:21',null,null);
INSERT INTO CODE_LIBRARY (CODENO,ITEMNO,ITEMNAME,BANKNO,SORTNO,ISINUSE,ITEMDESCRIBE,ITEMATTRIBUTE,RELATIVECODE,ATTRIBUTE1,ATTRIBUTE2,ATTRIBUTE3,ATTRIBUTE4,ATTRIBUTE5,ATTRIBUTE6,ATTRIBUTE7,ATTRIBUTE8,INPUTUSER,INPUTORG,INPUTTIME,UPDATEUSER,UPDATETIME,REMARK,HELPTEXT) VALUES ('标普主权国家评级','0350','丹麦            ',null,'0350','1',null,null,null,null,null,null,null,null,null,null,null,null,null,null,'system','2009/07/29 16:06:23',null,null);
INSERT INTO CODE_LIBRARY (CODENO,ITEMNO,ITEMNAME,BANKNO,SORTNO,ISINUSE,ITEMDESCRIBE,ITEMATTRIBUTE,RELATIVECODE,ATTRIBUTE1,ATTRIBUTE2,ATTRIBUTE3,ATTRIBUTE4,ATTRIBUTE5,ATTRIBUTE6,ATTRIBUTE7,ATTRIBUTE8,INPUTUSER,INPUTORG,INPUTTIME,UPDATEUSER,UPDATETIME,REMARK,HELPTEXT) VALUES ('标普主权国家评级','0360','多米尼加        ',null,'0360','1',null,null,null,null,null,null,null,null,null,null,null,null,null,null,'system','2009/07/29 16:06:23',null,null);
INSERT INTO CODE_LIBRARY (CODENO,ITEMNO,ITEMNAME,BANKNO,SORTNO,ISINUSE,ITEMDESCRIBE,ITEMATTRIBUTE,RELATIVECODE,ATTRIBUTE1,ATTRIBUTE2,ATTRIBUTE3,ATTRIBUTE4,ATTRIBUTE5,ATTRIBUTE6,ATTRIBUTE7,ATTRIBUTE8,INPUTUSER,INPUTORG,INPUTTIME,UPDATEUSER,UPDATETIME,REMARK,HELPTEXT) VALUES ('标普主权国家评级','0370','厄瓜多尔        ',null,'0370','1',null,null,null,null,null,null,null,null,null,null,null,null,null,null,'system','2009/07/29 16:06:21',null,null);
INSERT INTO CODE_LIBRARY (CODENO,ITEMNO,ITEMNAME,BANKNO,SORTNO,ISINUSE,ITEMDESCRIBE,ITEMATTRIBUTE,RELATIVECODE,ATTRIBUTE1,ATTRIBUTE2,ATTRIBUTE3,ATTRIBUTE4,ATTRIBUTE5,ATTRIBUTE6,ATTRIBUTE7,ATTRIBUTE8,INPUTUSER,INPUTORG,INPUTTIME,UPDATEUSER,UPDATETIME,REMARK,HELPTEXT) VALUES ('标普主权国家评级','0380','埃及            ',null,'0380','1',null,null,null,null,null,null,null,null,null,null,null,null,null,null,'system','2009/07/29 16:06:23',null,null);
INSERT INTO CODE_LIBRARY (CODENO,ITEMNO,ITEMNAME,BANKNO,SORTNO,ISINUSE,ITEMDESCRIBE,ITEMATTRIBUTE,RELATIVECODE,ATTRIBUTE1,ATTRIBUTE2,ATTRIBUTE3,ATTRIBUTE4,ATTRIBUTE5,ATTRIBUTE6,ATTRIBUTE7,ATTRIBUTE8,INPUTUSER,INPUTORG,INPUTTIME,UPDATEUSER,UPDATETIME,REMARK,HELPTEXT) VALUES ('标普主权国家评级','0390','萨尔瓦多        ',null,'0390','1',null,null,null,null,null,null,null,null,null,null,null,null,null,null,'system','2009/07/29 16:06:23',null,null);
INSERT INTO CODE_LIBRARY (CODENO,ITEMNO,ITEMNAME,BANKNO,SORTNO,ISINUSE,ITEMDESCRIBE,ITEMATTRIBUTE,RELATIVECODE,ATTRIBUTE1,ATTRIBUTE2,ATTRIBUTE3,ATTRIBUTE4,ATTRIBUTE5,ATTRIBUTE6,ATTRIBUTE7,ATTRIBUTE8,INPUTUSER,INPUTORG,INPUTTIME,UPDATEUSER,UPDATETIME,REMARK,HELPTEXT) VALUES ('标普主权国家评级','0400','阿联酋阿布扎比  ',null,'0400','1',null,null,null,null,null,null,null,null,null,null,null,null,null,null,'system','2009/07/29 16:06:21',null,null);
INSERT INTO CODE_LIBRARY (CODENO,ITEMNO,ITEMNAME,BANKNO,SORTNO,ISINUSE,ITEMDESCRIBE,ITEMATTRIBUTE,RELATIVECODE,ATTRIBUTE1,ATTRIBUTE2,ATTRIBUTE3,ATTRIBUTE4,ATTRIBUTE5,ATTRIBUTE6,ATTRIBUTE7,ATTRIBUTE8,INPUTUSER,INPUTORG,INPUTTIME,UPDATEUSER,UPDATETIME,REMARK,HELPTEXT) VALUES ('标普主权国家评级','0410','爱沙尼亚        ',null,'0410','1',null,null,null,null,null,null,null,null,null,null,null,null,null,null,'system','2009/07/29 16:06:23',null,null);
INSERT INTO CODE_LIBRARY (CODENO,ITEMNO,ITEMNAME,BANKNO,SORTNO,ISINUSE,ITEMDESCRIBE,ITEMATTRIBUTE,RELATIVECODE,ATTRIBUTE1,ATTRIBUTE2,ATTRIBUTE3,ATTRIBUTE4,ATTRIBUTE5,ATTRIBUTE6,ATTRIBUTE7,ATTRIBUTE8,INPUTUSER,INPUTORG,INPUTTIME,UPDATEUSER,UPDATETIME,REMARK,HELPTEXT) VALUES ('标普主权国家评级','0420','巴西            ',null,'0420','1',null,null,null,null,null,null,null,null,null,null,null,null,null,null,'system','2009/07/29 16:06:23',null,null);
INSERT INTO CODE_LIBRARY (CODENO,ITEMNO,ITEMNAME,BANKNO,SORTNO,ISINUSE,ITEMDESCRIBE,ITEMATTRIBUTE,RELATIVECODE,ATTRIBUTE1,ATTRIBUTE2,ATTRIBUTE3,ATTRIBUTE4,ATTRIBUTE5,ATTRIBUTE6,ATTRIBUTE7,ATTRIBUTE8,INPUTUSER,INPUTORG,INPUTTIME,UPDATEUSER,UPDATETIME,REMARK,HELPTEXT) VALUES ('标普主权国家评级','0430','斐济            ',null,'0430','1',null,null,null,null,null,null,null,null,null,null,null,null,null,null,'system','2009/07/29 16:06:21',null,null);
INSERT INTO CODE_LIBRARY (CODENO,ITEMNO,ITEMNAME,BANKNO,SORTNO,ISINUSE,ITEMDESCRIBE,ITEMATTRIBUTE,RELATIVECODE,ATTRIBUTE1,ATTRIBUTE2,ATTRIBUTE3,ATTRIBUTE4,ATTRIBUTE5,ATTRIBUTE6,ATTRIBUTE7,ATTRIBUTE8,INPUTUSER,INPUTORG,INPUTTIME,UPDATEUSER,UPDATETIME,REMARK,HELPTEXT) VALUES ('标普主权国家评级','0440','芬兰            ',null,'0440','1',null,null,null,null,null,null,null,null,null,null,null,null,null,null,'system','2009/07/29 16:06:23',null,null);
INSERT INTO CODE_LIBRARY (CODENO,ITEMNO,ITEMNAME,BANKNO,SORTNO,ISINUSE,ITEMDESCRIBE,ITEMATTRIBUTE,RELATIVECODE,ATTRIBUTE1,ATTRIBUTE2,ATTRIBUTE3,ATTRIBUTE4,ATTRIBUTE5,ATTRIBUTE6,ATTRIBUTE7,ATTRIBUTE8,INPUTUSER,INPUTORG,INPUTTIME,UPDATEUSER,UPDATETIME,REMARK,HELPTEXT) VALUES ('标普主权国家评级','0450','法国            ',null,'0450','1',null,null,null,null,null,null,null,null,null,null,null,null,null,null,'system','2009/07/29 16:06:23',null,null);
INSERT INTO CODE_LIBRARY (CODENO,ITEMNO,ITEMNAME,BANKNO,SORTNO,ISINUSE,ITEMDESCRIBE,ITEMATTRIBUTE,RELATIVECODE,ATTRIBUTE1,ATTRIBUTE2,ATTRIBUTE3,ATTRIBUTE4,ATTRIBUTE5,ATTRIBUTE6,ATTRIBUTE7,ATTRIBUTE8,INPUTUSER,INPUTORG,INPUTTIME,UPDATEUSER,UPDATETIME,REMARK,HELPTEXT) VALUES ('标普主权国家评级','0460','加蓬            ',null,'0460','1',null,null,null,null,null,null,null,null,null,null,null,null,null,null,'system','2009/07/29 16:06:21',null,null);
INSERT INTO CODE_LIBRARY (CODENO,ITEMNO,ITEMNAME,BANKNO,SORTNO,ISINUSE,ITEMDESCRIBE,ITEMATTRIBUTE,RELATIVECODE,ATTRIBUTE1,ATTRIBUTE2,ATTRIBUTE3,ATTRIBUTE4,ATTRIBUTE5,ATTRIBUTE6,ATTRIBUTE7,ATTRIBUTE8,INPUTUSER,INPUTORG,INPUTTIME,UPDATEUSER,UPDATETIME,REMARK,HELPTEXT) VALUES ('标普主权国家评级','0470','格鲁吉亚        ',null,'0470','1',null,null,null,null,null,null,null,null,null,null,null,null,null,null,'system','2009/07/29 16:06:23',null,null);
INSERT INTO CODE_LIBRARY (CODENO,ITEMNO,ITEMNAME,BANKNO,SORTNO,ISINUSE,ITEMDESCRIBE,ITEMATTRIBUTE,RELATIVECODE,ATTRIBUTE1,ATTRIBUTE2,ATTRIBUTE3,ATTRIBUTE4,ATTRIBUTE5,ATTRIBUTE6,ATTRIBUTE7,ATTRIBUTE8,INPUTUSER,INPUTORG,INPUTTIME,UPDATEUSER,UPDATETIME,REMARK,HELPTEXT) VALUES ('标普主权国家评级','0480','德国            ',null,'0480','1',null,null,null,null,null,null,null,null,null,null,null,null,null,null,'system','2009/07/29 16:06:23',null,null);
INSERT INTO CODE_LIBRARY (CODENO,ITEMNO,ITEMNAME,BANKNO,SORTNO,ISINUSE,ITEMDESCRIBE,ITEMATTRIBUTE,RELATIVECODE,ATTRIBUTE1,ATTRIBUTE2,ATTRIBUTE3,ATTRIBUTE4,ATTRIBUTE5,ATTRIBUTE6,ATTRIBUTE7,ATTRIBUTE8,INPUTUSER,INPUTORG,INPUTTIME,UPDATEUSER,UPDATETIME,REMARK,HELPTEXT) VALUES ('标普主权国家评级','0490','刚果            ',null,'0490','1',null,null,null,null,null,null,null,null,null,null,null,null,null,null,'system','2009/07/29 16:06:21',null,null);
INSERT INTO CODE_LIBRARY (CODENO,ITEMNO,ITEMNAME,BANKNO,SORTNO,ISINUSE,ITEMDESCRIBE,ITEMATTRIBUTE,RELATIVECODE,ATTRIBUTE1,ATTRIBUTE2,ATTRIBUTE3,ATTRIBUTE4,ATTRIBUTE5,ATTRIBUTE6,ATTRIBUTE7,ATTRIBUTE8,INPUTUSER,INPUTORG,INPUTTIME,UPDATEUSER,UPDATETIME,REMARK,HELPTEXT) VALUES ('标普主权国家评级','0500','格林纳达岛      ',null,'0500','1',null,null,null,null,null,null,null,null,null,null,null,null,null,null,'system','2009/07/29 16:06:23',null,null);
INSERT INTO CODE_LIBRARY (CODENO,ITEMNO,ITEMNAME,BANKNO,SORTNO,ISINUSE,ITEMDESCRIBE,ITEMATTRIBUTE,RELATIVECODE,ATTRIBUTE1,ATTRIBUTE2,ATTRIBUTE3,ATTRIBUTE4,ATTRIBUTE5,ATTRIBUTE6,ATTRIBUTE7,ATTRIBUTE8,INPUTUSER,INPUTORG,INPUTTIME,UPDATEUSER,UPDATETIME,REMARK,HELPTEXT) VALUES ('标普主权国家评级','0510','危地马拉        ',null,'0510','1',null,null,null,null,null,null,null,null,null,null,null,null,null,null,'system','2009/07/29 16:06:23',null,null);
INSERT INTO CODE_LIBRARY (CODENO,ITEMNO,ITEMNAME,BANKNO,SORTNO,ISINUSE,ITEMDESCRIBE,ITEMATTRIBUTE,RELATIVECODE,ATTRIBUTE1,ATTRIBUTE2,ATTRIBUTE3,ATTRIBUTE4,ATTRIBUTE5,ATTRIBUTE6,ATTRIBUTE7,ATTRIBUTE8,INPUTUSER,INPUTORG,INPUTTIME,UPDATEUSER,UPDATETIME,REMARK,HELPTEXT) VALUES ('标普主权国家评级','0520','格恩西岛        ',null,'0520','1',null,null,null,null,null,null,null,null,null,null,null,null,null,null,'system','2009/07/29 16:06:21',null,null);
INSERT INTO CODE_LIBRARY (CODENO,ITEMNO,ITEMNAME,BANKNO,SORTNO,ISINUSE,ITEMDESCRIBE,ITEMATTRIBUTE,RELATIVECODE,ATTRIBUTE1,ATTRIBUTE2,ATTRIBUTE3,ATTRIBUTE4,ATTRIBUTE5,ATTRIBUTE6,ATTRIBUTE7,ATTRIBUTE8,INPUTUSER,INPUTORG,INPUTTIME,UPDATEUSER,UPDATETIME,REMARK,HELPTEXT) VALUES ('标普主权国家评级','0530','希腊            ',null,'0530','1',null,null,null,null,null,null,null,null,null,null,null,null,null,null,'system','2009/07/29 16:06:23',null,null);
INSERT INTO CODE_LIBRARY (CODENO,ITEMNO,ITEMNAME,BANKNO,SORTNO,ISINUSE,ITEMDESCRIBE,ITEMATTRIBUTE,RELATIVECODE,ATTRIBUTE1,ATTRIBUTE2,ATTRIBUTE3,ATTRIBUTE4,ATTRIBUTE5,ATTRIBUTE6,ATTRIBUTE7,ATTRIBUTE8,INPUTUSER,INPUTORG,INPUTTIME,UPDATEUSER,UPDATETIME,REMARK,HELPTEXT) VALUES ('标普主权国家评级','0540','洪都拉斯        ',null,'0540','1',null,null,null,null,null,null,null,null,null,null,null,null,null,null,'system','2009/07/29 16:06:23',null,null);
INSERT INTO CODE_LIBRARY (CODENO,ITEMNO,ITEMNAME,BANKNO,SORTNO,ISINUSE,ITEMDESCRIBE,ITEMATTRIBUTE,RELATIVECODE,ATTRIBUTE1,ATTRIBUTE2,ATTRIBUTE3,ATTRIBUTE4,ATTRIBUTE5,ATTRIBUTE6,ATTRIBUTE7,ATTRIBUTE8,INPUTUSER,INPUTORG,INPUTTIME,UPDATEUSER,UPDATETIME,REMARK,HELPTEXT) VALUES ('标普主权国家评级','0550','香港            ',null,'0550','1',null,null,null,null,null,null,null,null,null,null,null,null,null,null,'system','2009/07/29 16:06:21',null,null);
INSERT INTO CODE_LIBRARY (CODENO,ITEMNO,ITEMNAME,BANKNO,SORTNO,ISINUSE,ITEMDESCRIBE,ITEMATTRIBUTE,RELATIVECODE,ATTRIBUTE1,ATTRIBUTE2,ATTRIBUTE3,ATTRIBUTE4,ATTRIBUTE5,ATTRIBUTE6,ATTRIBUTE7,ATTRIBUTE8,INPUTUSER,INPUTORG,INPUTTIME,UPDATEUSER,UPDATETIME,REMARK,HELPTEXT) VALUES ('标普主权国家评级','0560','匈牙利          ',null,'0560','1',null,null,null,null,null,null,null,null,null,null,null,null,null,null,'system','2009/07/29 16:06:23',null,null);
INSERT INTO CODE_LIBRARY (CODENO,ITEMNO,ITEMNAME,BANKNO,SORTNO,ISINUSE,ITEMDESCRIBE,ITEMATTRIBUTE,RELATIVECODE,ATTRIBUTE1,ATTRIBUTE2,ATTRIBUTE3,ATTRIBUTE4,ATTRIBUTE5,ATTRIBUTE6,ATTRIBUTE7,ATTRIBUTE8,INPUTUSER,INPUTORG,INPUTTIME,UPDATEUSER,UPDATETIME,REMARK,HELPTEXT) VALUES ('标普主权国家评级','0570','冰岛            ',null,'0570','1',null,null,null,null,null,null,null,null,null,null,null,null,null,null,'system','2009/07/29 16:06:23',null,null);
INSERT INTO CODE_LIBRARY (CODENO,ITEMNO,ITEMNAME,BANKNO,SORTNO,ISINUSE,ITEMDESCRIBE,ITEMATTRIBUTE,RELATIVECODE,ATTRIBUTE1,ATTRIBUTE2,ATTRIBUTE3,ATTRIBUTE4,ATTRIBUTE5,ATTRIBUTE6,ATTRIBUTE7,ATTRIBUTE8,INPUTUSER,INPUTORG,INPUTTIME,UPDATEUSER,UPDATETIME,REMARK,HELPTEXT) VALUES ('标普主权国家评级','0580','印度            ',null,'0580','1',null,null,null,null,null,null,null,null,null,null,null,null,null,null,'system','2009/07/29 16:06:21',null,null);
INSERT INTO CODE_LIBRARY (CODENO,ITEMNO,ITEMNAME,BANKNO,SORTNO,ISINUSE,ITEMDESCRIBE,ITEMATTRIBUTE,RELATIVECODE,ATTRIBUTE1,ATTRIBUTE2,ATTRIBUTE3,ATTRIBUTE4,ATTRIBUTE5,ATTRIBUTE6,ATTRIBUTE7,ATTRIBUTE8,INPUTUSER,INPUTORG,INPUTTIME,UPDATEUSER,UPDATETIME,REMARK,HELPTEXT) VALUES ('标普主权国家评级','0590','印度尼西亚      ',null,'0590','1',null,null,null,null,null,null,null,null,null,null,null,null,null,null,'system','2009/07/29 16:06:23',null,null);
INSERT INTO CODE_LIBRARY (CODENO,ITEMNO,ITEMNAME,BANKNO,SORTNO,ISINUSE,ITEMDESCRIBE,ITEMATTRIBUTE,RELATIVECODE,ATTRIBUTE1,ATTRIBUTE2,ATTRIBUTE3,ATTRIBUTE4,ATTRIBUTE5,ATTRIBUTE6,ATTRIBUTE7,ATTRIBUTE8,INPUTUSER,INPUTORG,INPUTTIME,UPDATEUSER,UPDATETIME,REMARK,HELPTEXT) VALUES ('标普主权国家评级','0600','爱尔兰          ',null,'0600','1',null,null,null,null,null,null,null,null,null,null,null,null,null,null,'system','2009/07/29 16:06:23',null,null);
INSERT INTO CODE_LIBRARY (CODENO,ITEMNO,ITEMNAME,BANKNO,SORTNO,ISINUSE,ITEMDESCRIBE,ITEMATTRIBUTE,RELATIVECODE,ATTRIBUTE1,ATTRIBUTE2,ATTRIBUTE3,ATTRIBUTE4,ATTRIBUTE5,ATTRIBUTE6,ATTRIBUTE7,ATTRIBUTE8,INPUTUSER,INPUTORG,INPUTTIME,UPDATEUSER,UPDATETIME,REMARK,HELPTEXT) VALUES ('标普主权国家评级','0610','马恩岛          ',null,'0610','1',null,null,null,null,null,null,null,null,null,null,null,null,null,null,'system','2009/07/29 16:06:21',null,null);
INSERT INTO CODE_LIBRARY (CODENO,ITEMNO,ITEMNAME,BANKNO,SORTNO,ISINUSE,ITEMDESCRIBE,ITEMATTRIBUTE,RELATIVECODE,ATTRIBUTE1,ATTRIBUTE2,ATTRIBUTE3,ATTRIBUTE4,ATTRIBUTE5,ATTRIBUTE6,ATTRIBUTE7,ATTRIBUTE8,INPUTUSER,INPUTORG,INPUTTIME,UPDATEUSER,UPDATETIME,REMARK,HELPTEXT) VALUES ('标普主权国家评级','0620','以色列          ',null,'0620','1',null,null,null,null,null,null,null,null,null,null,null,null,null,null,'system','2009/07/29 16:06:23',null,null);
INSERT INTO CODE_LIBRARY (CODENO,ITEMNO,ITEMNAME,BANKNO,SORTNO,ISINUSE,ITEMDESCRIBE,ITEMATTRIBUTE,RELATIVECODE,ATTRIBUTE1,ATTRIBUTE2,ATTRIBUTE3,ATTRIBUTE4,ATTRIBUTE5,ATTRIBUTE6,ATTRIBUTE7,ATTRIBUTE8,INPUTUSER,INPUTORG,INPUTTIME,UPDATEUSER,UPDATETIME,REMARK,HELPTEXT) VALUES ('标普主权国家评级','0630','意大利          ',null,'0630','1',null,null,null,null,null,null,null,null,null,null,null,null,null,null,'system','2009/07/29 16:06:23',null,null);
INSERT INTO CODE_LIBRARY (CODENO,ITEMNO,ITEMNAME,BANKNO,SORTNO,ISINUSE,ITEMDESCRIBE,ITEMATTRIBUTE,RELATIVECODE,ATTRIBUTE1,ATTRIBUTE2,ATTRIBUTE3,ATTRIBUTE4,ATTRIBUTE5,ATTRIBUTE6,ATTRIBUTE7,ATTRIBUTE8,INPUTUSER,INPUTORG,INPUTTIME,UPDATEUSER,UPDATETIME,REMARK,HELPTEXT) VALUES ('标普主权国家评级','0640','牙买加          ',null,'0640','1',null,null,null,null,null,null,null,null,null,null,null,null,null,null,'system','2009/07/29 16:06:21',null,null);
INSERT INTO CODE_LIBRARY (CODENO,ITEMNO,ITEMNAME,BANKNO,SORTNO,ISINUSE,ITEMDESCRIBE,ITEMATTRIBUTE,RELATIVECODE,ATTRIBUTE1,ATTRIBUTE2,ATTRIBUTE3,ATTRIBUTE4,ATTRIBUTE5,ATTRIBUTE6,ATTRIBUTE7,ATTRIBUTE8,INPUTUSER,INPUTORG,INPUTTIME,UPDATEUSER,UPDATETIME,REMARK,HELPTEXT) VALUES ('标普主权国家评级','0650','日本            ',null,'0650','1',null,null,null,null,null,null,null,null,null,null,null,null,null,null,'system','2009/07/29 16:06:23',null,null);
INSERT INTO CODE_LIBRARY (CODENO,ITEMNO,ITEMNAME,BANKNO,SORTNO,ISINUSE,ITEMDESCRIBE,ITEMATTRIBUTE,RELATIVECODE,ATTRIBUTE1,ATTRIBUTE2,ATTRIBUTE3,ATTRIBUTE4,ATTRIBUTE5,ATTRIBUTE6,ATTRIBUTE7,ATTRIBUTE8,INPUTUSER,INPUTORG,INPUTTIME,UPDATEUSER,UPDATETIME,REMARK,HELPTEXT) VALUES ('标普主权国家评级','0660','约旦            ',null,'0660','1',null,null,null,null,null,null,null,null,null,null,null,null,null,null,'system','2009/07/29 16:06:23',null,null);
INSERT INTO CODE_LIBRARY (CODENO,ITEMNO,ITEMNAME,BANKNO,SORTNO,ISINUSE,ITEMDESCRIBE,ITEMATTRIBUTE,RELATIVECODE,ATTRIBUTE1,ATTRIBUTE2,ATTRIBUTE3,ATTRIBUTE4,ATTRIBUTE5,ATTRIBUTE6,ATTRIBUTE7,ATTRIBUTE8,INPUTUSER,INPUTORG,INPUTTIME,UPDATEUSER,UPDATETIME,REMARK,HELPTEXT) VALUES ('标普主权国家评级','0670','哈萨克斯坦      ',null,'0670','1',null,null,null,null,null,null,null,null,null,null,null,null,null,null,'system','2009/07/29 16:06:21',null,null);
INSERT INTO CODE_LIBRARY (CODENO,ITEMNO,ITEMNAME,BANKNO,SORTNO,ISINUSE,ITEMDESCRIBE,ITEMATTRIBUTE,RELATIVECODE,ATTRIBUTE1,ATTRIBUTE2,ATTRIBUTE3,ATTRIBUTE4,ATTRIBUTE5,ATTRIBUTE6,ATTRIBUTE7,ATTRIBUTE8,INPUTUSER,INPUTORG,INPUTTIME,UPDATEUSER,UPDATETIME,REMARK,HELPTEXT) VALUES ('标普主权国家评级','0680','肯尼亚          ',null,'0680','1',null,null,null,null,null,null,null,null,null,null,null,null,null,null,'system','2009/07/29 16:06:23',null,null);
INSERT INTO CODE_LIBRARY (CODENO,ITEMNO,ITEMNAME,BANKNO,SORTNO,ISINUSE,ITEMDESCRIBE,ITEMATTRIBUTE,RELATIVECODE,ATTRIBUTE1,ATTRIBUTE2,ATTRIBUTE3,ATTRIBUTE4,ATTRIBUTE5,ATTRIBUTE6,ATTRIBUTE7,ATTRIBUTE8,INPUTUSER,INPUTORG,INPUTTIME,UPDATEUSER,UPDATETIME,REMARK,HELPTEXT) VALUES ('标普主权国家评级','0690','韩国            ',null,'0690','1',null,null,null,null,null,null,null,null,null,null,null,null,null,null,'system','2009/07/29 16:06:23',null,null);
INSERT INTO CODE_LIBRARY (CODENO,ITEMNO,ITEMNAME,BANKNO,SORTNO,ISINUSE,ITEMDESCRIBE,ITEMATTRIBUTE,RELATIVECODE,ATTRIBUTE1,ATTRIBUTE2,ATTRIBUTE3,ATTRIBUTE4,ATTRIBUTE5,ATTRIBUTE6,ATTRIBUTE7,ATTRIBUTE8,INPUTUSER,INPUTORG,INPUTTIME,UPDATEUSER,UPDATETIME,REMARK,HELPTEXT) VALUES ('标普主权国家评级','0700','科威特          ',null,'0700','1',null,null,null,null,null,null,null,null,null,null,null,null,null,null,'system','2009/07/29 16:06:21',null,null);
INSERT INTO CODE_LIBRARY (CODENO,ITEMNO,ITEMNAME,BANKNO,SORTNO,ISINUSE,ITEMDESCRIBE,ITEMATTRIBUTE,RELATIVECODE,ATTRIBUTE1,ATTRIBUTE2,ATTRIBUTE3,ATTRIBUTE4,ATTRIBUTE5,ATTRIBUTE6,ATTRIBUTE7,ATTRIBUTE8,INPUTUSER,INPUTORG,INPUTTIME,UPDATEUSER,UPDATETIME,REMARK,HELPTEXT) VALUES ('标普主权国家评级','0710','拉脱维亚        ',null,'0710','1',null,null,null,null,null,null,null,null,null,null,null,null,null,null,'system','2009/07/29 16:06:23',null,null);
INSERT INTO CODE_LIBRARY (CODENO,ITEMNO,ITEMNAME,BANKNO,SORTNO,ISINUSE,ITEMDESCRIBE,ITEMATTRIBUTE,RELATIVECODE,ATTRIBUTE1,ATTRIBUTE2,ATTRIBUTE3,ATTRIBUTE4,ATTRIBUTE5,ATTRIBUTE6,ATTRIBUTE7,ATTRIBUTE8,INPUTUSER,INPUTORG,INPUTTIME,UPDATEUSER,UPDATETIME,REMARK,HELPTEXT) VALUES ('标普主权国家评级','0720','黎巴嫩          ',null,'0720','1',null,null,null,null,null,null,null,null,null,null,null,null,null,null,'system','2009/07/29 16:06:23',null,null);
INSERT INTO CODE_LIBRARY (CODENO,ITEMNO,ITEMNAME,BANKNO,SORTNO,ISINUSE,ITEMDESCRIBE,ITEMATTRIBUTE,RELATIVECODE,ATTRIBUTE1,ATTRIBUTE2,ATTRIBUTE3,ATTRIBUTE4,ATTRIBUTE5,ATTRIBUTE6,ATTRIBUTE7,ATTRIBUTE8,INPUTUSER,INPUTORG,INPUTTIME,UPDATEUSER,UPDATETIME,REMARK,HELPTEXT) VALUES ('标普主权国家评级','0730','列支敦士登      ',null,'0730','1',null,null,null,null,null,null,null,null,null,null,null,null,null,null,'system','2009/07/29 16:06:21',null,null);
INSERT INTO CODE_LIBRARY (CODENO,ITEMNO,ITEMNAME,BANKNO,SORTNO,ISINUSE,ITEMDESCRIBE,ITEMATTRIBUTE,RELATIVECODE,ATTRIBUTE1,ATTRIBUTE2,ATTRIBUTE3,ATTRIBUTE4,ATTRIBUTE5,ATTRIBUTE6,ATTRIBUTE7,ATTRIBUTE8,INPUTUSER,INPUTORG,INPUTTIME,UPDATEUSER,UPDATETIME,REMARK,HELPTEXT) VALUES ('标普主权国家评级','0740','立陶宛          ',null,'0740','1',null,null,null,null,null,null,null,null,null,null,null,null,null,null,'system','2009/07/29 16:06:23',null,null);
INSERT INTO CODE_LIBRARY (CODENO,ITEMNO,ITEMNAME,BANKNO,SORTNO,ISINUSE,ITEMDESCRIBE,ITEMATTRIBUTE,RELATIVECODE,ATTRIBUTE1,ATTRIBUTE2,ATTRIBUTE3,ATTRIBUTE4,ATTRIBUTE5,ATTRIBUTE6,ATTRIBUTE7,ATTRIBUTE8,INPUTUSER,INPUTORG,INPUTTIME,UPDATEUSER,UPDATETIME,REMARK,HELPTEXT) VALUES ('标普主权国家评级','0750','卢森堡          ',null,'0750','1',null,null,null,null,null,null,null,null,null,null,null,null,null,null,'system','2009/07/29 16:06:23',null,null);
INSERT INTO CODE_LIBRARY (CODENO,ITEMNO,ITEMNAME,BANKNO,SORTNO,ISINUSE,ITEMDESCRIBE,ITEMATTRIBUTE,RELATIVECODE,ATTRIBUTE1,ATTRIBUTE2,ATTRIBUTE3,ATTRIBUTE4,ATTRIBUTE5,ATTRIBUTE6,ATTRIBUTE7,ATTRIBUTE8,INPUTUSER,INPUTORG,INPUTTIME,UPDATEUSER,UPDATETIME,REMARK,HELPTEXT) VALUES ('标普主权国家评级','0760','马其顿          ',null,'0760','1',null,null,null,null,null,null,null,null,null,null,null,null,null,null,'system','2009/07/29 16:06:21',null,null);
INSERT INTO CODE_LIBRARY (CODENO,ITEMNO,ITEMNAME,BANKNO,SORTNO,ISINUSE,ITEMDESCRIBE,ITEMATTRIBUTE,RELATIVECODE,ATTRIBUTE1,ATTRIBUTE2,ATTRIBUTE3,ATTRIBUTE4,ATTRIBUTE5,ATTRIBUTE6,ATTRIBUTE7,ATTRIBUTE8,INPUTUSER,INPUTORG,INPUTTIME,UPDATEUSER,UPDATETIME,REMARK,HELPTEXT) VALUES ('标普主权国家评级','0770','马来西亚        ',null,'0770','1',null,null,null,null,null,null,null,null,null,null,null,null,null,null,'system','2009/07/29 16:06:23',null,null);
INSERT INTO CODE_LIBRARY (CODENO,ITEMNO,ITEMNAME,BANKNO,SORTNO,ISINUSE,ITEMDESCRIBE,ITEMATTRIBUTE,RELATIVECODE,ATTRIBUTE1,ATTRIBUTE2,ATTRIBUTE3,ATTRIBUTE4,ATTRIBUTE5,ATTRIBUTE6,ATTRIBUTE7,ATTRIBUTE8,INPUTUSER,INPUTORG,INPUTTIME,UPDATEUSER,UPDATETIME,REMARK,HELPTEXT) VALUES ('标普主权国家评级','0780','马耳他          ',null,'0780','1',null,null,null,null,null,null,null,null,null,null,null,null,null,null,'system','2009/07/29 16:06:23',null,null);
INSERT INTO CODE_LIBRARY (CODENO,ITEMNO,ITEMNAME,BANKNO,SORTNO,ISINUSE,ITEMDESCRIBE,ITEMATTRIBUTE,RELATIVECODE,ATTRIBUTE1,ATTRIBUTE2,ATTRIBUTE3,ATTRIBUTE4,ATTRIBUTE5,ATTRIBUTE6,ATTRIBUTE7,ATTRIBUTE8,INPUTUSER,INPUTORG,INPUTTIME,UPDATEUSER,UPDATETIME,REMARK,HELPTEXT) VALUES ('标普主权国家评级','0790','蒙古            ',null,'0790','1',null,null,null,null,null,null,null,null,null,null,null,null,null,null,'system','2009/07/29 16:06:21',null,null);
INSERT INTO CODE_LIBRARY (CODENO,ITEMNO,ITEMNAME,BANKNO,SORTNO,ISINUSE,ITEMDESCRIBE,ITEMATTRIBUTE,RELATIVECODE,ATTRIBUTE1,ATTRIBUTE2,ATTRIBUTE3,ATTRIBUTE4,ATTRIBUTE5,ATTRIBUTE6,ATTRIBUTE7,ATTRIBUTE8,INPUTUSER,INPUTORG,INPUTTIME,UPDATEUSER,UPDATETIME,REMARK,HELPTEXT) VALUES ('标普主权国家评级','0800','黑山            ',null,'0800','1',null,null,null,null,null,null,null,null,null,null,null,null,null,null,'system','2009/07/29 16:06:23',null,null);
INSERT INTO CODE_LIBRARY (CODENO,ITEMNO,ITEMNAME,BANKNO,SORTNO,ISINUSE,ITEMDESCRIBE,ITEMATTRIBUTE,RELATIVECODE,ATTRIBUTE1,ATTRIBUTE2,ATTRIBUTE3,ATTRIBUTE4,ATTRIBUTE5,ATTRIBUTE6,ATTRIBUTE7,ATTRIBUTE8,INPUTUSER,INPUTORG,INPUTTIME,UPDATEUSER,UPDATETIME,REMARK,HELPTEXT) VALUES ('标普主权国家评级','0810','蒙特萨拉特      ',null,'0810','1',null,null,null,null,null,null,null,null,null,null,null,null,null,null,'system','2009/07/29 16:06:23',null,null);
INSERT INTO CODE_LIBRARY (CODENO,ITEMNO,ITEMNAME,BANKNO,SORTNO,ISINUSE,ITEMDESCRIBE,ITEMATTRIBUTE,RELATIVECODE,ATTRIBUTE1,ATTRIBUTE2,ATTRIBUTE3,ATTRIBUTE4,ATTRIBUTE5,ATTRIBUTE6,ATTRIBUTE7,ATTRIBUTE8,INPUTUSER,INPUTORG,INPUTTIME,UPDATEUSER,UPDATETIME,REMARK,HELPTEXT) VALUES ('标普主权国家评级','0820','摩洛哥          ',null,'0820','1',null,null,null,null,null,null,null,null,null,null,null,null,null,null,'system','2009/07/29 16:06:21',null,null);
INSERT INTO CODE_LIBRARY (CODENO,ITEMNO,ITEMNAME,BANKNO,SORTNO,ISINUSE,ITEMDESCRIBE,ITEMATTRIBUTE,RELATIVECODE,ATTRIBUTE1,ATTRIBUTE2,ATTRIBUTE3,ATTRIBUTE4,ATTRIBUTE5,ATTRIBUTE6,ATTRIBUTE7,ATTRIBUTE8,INPUTUSER,INPUTORG,INPUTTIME,UPDATEUSER,UPDATETIME,REMARK,HELPTEXT) VALUES ('标普主权国家评级','0830','莫桑比克        ',null,'0830','1',null,null,null,null,null,null,null,null,null,null,null,null,null,null,'system','2009/07/29 16:06:23',null,null);
INSERT INTO CODE_LIBRARY (CODENO,ITEMNO,ITEMNAME,BANKNO,SORTNO,ISINUSE,ITEMDESCRIBE,ITEMATTRIBUTE,RELATIVECODE,ATTRIBUTE1,ATTRIBUTE2,ATTRIBUTE3,ATTRIBUTE4,ATTRIBUTE5,ATTRIBUTE6,ATTRIBUTE7,ATTRIBUTE8,INPUTUSER,INPUTORG,INPUTTIME,UPDATEUSER,UPDATETIME,REMARK,HELPTEXT) VALUES ('标普主权国家评级','0840','荷兰            ',null,'0840','1',null,null,null,null,null,null,null,null,null,null,null,null,null,null,'system','2009/07/29 16:06:23',null,null);
INSERT INTO CODE_LIBRARY (CODENO,ITEMNO,ITEMNAME,BANKNO,SORTNO,ISINUSE,ITEMDESCRIBE,ITEMATTRIBUTE,RELATIVECODE,ATTRIBUTE1,ATTRIBUTE2,ATTRIBUTE3,ATTRIBUTE4,ATTRIBUTE5,ATTRIBUTE6,ATTRIBUTE7,ATTRIBUTE8,INPUTUSER,INPUTORG,INPUTTIME,UPDATEUSER,UPDATETIME,REMARK,HELPTEXT) VALUES ('标普主权国家评级','0850','新西兰          ',null,'0850','1',null,null,null,null,null,null,null,null,null,null,null,null,null,null,'system','2009/07/29 16:06:21',null,null);
INSERT INTO CODE_LIBRARY (CODENO,ITEMNO,ITEMNAME,BANKNO,SORTNO,ISINUSE,ITEMDESCRIBE,ITEMATTRIBUTE,RELATIVECODE,ATTRIBUTE1,ATTRIBUTE2,ATTRIBUTE3,ATTRIBUTE4,ATTRIBUTE5,ATTRIBUTE6,ATTRIBUTE7,ATTRIBUTE8,INPUTUSER,INPUTORG,INPUTTIME,UPDATEUSER,UPDATETIME,REMARK,HELPTEXT) VALUES ('标普主权国家评级','0860','尼日利亚        ',null,'0860','1',null,null,null,null,null,null,null,null,null,null,null,null,null,null,'system','2009/07/29 16:06:23',null,null);
INSERT INTO CODE_LIBRARY (CODENO,ITEMNO,ITEMNAME,BANKNO,SORTNO,ISINUSE,ITEMDESCRIBE,ITEMATTRIBUTE,RELATIVECODE,ATTRIBUTE1,ATTRIBUTE2,ATTRIBUTE3,ATTRIBUTE4,ATTRIBUTE5,ATTRIBUTE6,ATTRIBUTE7,ATTRIBUTE8,INPUTUSER,INPUTORG,INPUTTIME,UPDATEUSER,UPDATETIME,REMARK,HELPTEXT) VALUES ('标普主权国家评级','0870','挪威            ',null,'0870','1',null,null,null,null,null,null,null,null,null,null,null,null,null,null,'system','2009/07/29 16:06:23',null,null);
INSERT INTO CODE_LIBRARY (CODENO,ITEMNO,ITEMNAME,BANKNO,SORTNO,ISINUSE,ITEMDESCRIBE,ITEMATTRIBUTE,RELATIVECODE,ATTRIBUTE1,ATTRIBUTE2,ATTRIBUTE3,ATTRIBUTE4,ATTRIBUTE5,ATTRIBUTE6,ATTRIBUTE7,ATTRIBUTE8,INPUTUSER,INPUTORG,INPUTTIME,UPDATEUSER,UPDATETIME,REMARK,HELPTEXT) VALUES ('标普主权国家评级','0880','阿曼            ',null,'0880','1',null,null,null,null,null,null,null,null,null,null,null,null,null,null,'system','2009/07/29 16:06:21',null,null);
INSERT INTO CODE_LIBRARY (CODENO,ITEMNO,ITEMNAME,BANKNO,SORTNO,ISINUSE,ITEMDESCRIBE,ITEMATTRIBUTE,RELATIVECODE,ATTRIBUTE1,ATTRIBUTE2,ATTRIBUTE3,ATTRIBUTE4,ATTRIBUTE5,ATTRIBUTE6,ATTRIBUTE7,ATTRIBUTE8,INPUTUSER,INPUTORG,INPUTTIME,UPDATEUSER,UPDATETIME,REMARK,HELPTEXT) VALUES ('标普主权国家评级','0890','巴基斯坦        ',null,'0890','1',null,null,null,null,null,null,null,null,null,null,null,null,null,null,'system','2009/07/29 16:06:23',null,null);
INSERT INTO CODE_LIBRARY (CODENO,ITEMNO,ITEMNAME,BANKNO,SORTNO,ISINUSE,ITEMDESCRIBE,ITEMATTRIBUTE,RELATIVECODE,ATTRIBUTE1,ATTRIBUTE2,ATTRIBUTE3,ATTRIBUTE4,ATTRIBUTE5,ATTRIBUTE6,ATTRIBUTE7,ATTRIBUTE8,INPUTUSER,INPUTORG,INPUTTIME,UPDATEUSER,UPDATETIME,REMARK,HELPTEXT) VALUES ('标普主权国家评级','0900','巴拿马          ',null,'0900','1',null,null,null,null,null,null,null,null,null,null,null,null,null,null,'system','2009/07/29 16:06:23',null,null);
INSERT INTO CODE_LIBRARY (CODENO,ITEMNO,ITEMNAME,BANKNO,SORTNO,ISINUSE,ITEMDESCRIBE,ITEMATTRIBUTE,RELATIVECODE,ATTRIBUTE1,ATTRIBUTE2,ATTRIBUTE3,ATTRIBUTE4,ATTRIBUTE5,ATTRIBUTE6,ATTRIBUTE7,ATTRIBUTE8,INPUTUSER,INPUTORG,INPUTTIME,UPDATEUSER,UPDATETIME,REMARK,HELPTEXT) VALUES ('标普主权国家评级','0910','巴布亚新几内亚  ',null,'0910','1',null,null,null,null,null,null,null,null,null,null,null,null,null,null,'system','2009/07/29 16:06:21',null,null);
INSERT INTO CODE_LIBRARY (CODENO,ITEMNO,ITEMNAME,BANKNO,SORTNO,ISINUSE,ITEMDESCRIBE,ITEMATTRIBUTE,RELATIVECODE,ATTRIBUTE1,ATTRIBUTE2,ATTRIBUTE3,ATTRIBUTE4,ATTRIBUTE5,ATTRIBUTE6,ATTRIBUTE7,ATTRIBUTE8,INPUTUSER,INPUTORG,INPUTTIME,UPDATEUSER,UPDATETIME,REMARK,HELPTEXT) VALUES ('标普主权国家评级','0920','巴拉圭          ',null,'0920','1',null,null,null,null,null,null,null,null,null,null,null,null,null,null,'system','2009/07/29 16:06:23',null,null);
INSERT INTO CODE_LIBRARY (CODENO,ITEMNO,ITEMNAME,BANKNO,SORTNO,ISINUSE,ITEMDESCRIBE,ITEMATTRIBUTE,RELATIVECODE,ATTRIBUTE1,ATTRIBUTE2,ATTRIBUTE3,ATTRIBUTE4,ATTRIBUTE5,ATTRIBUTE6,ATTRIBUTE7,ATTRIBUTE8,INPUTUSER,INPUTORG,INPUTTIME,UPDATEUSER,UPDATETIME,REMARK,HELPTEXT) VALUES ('标普主权国家评级','0930','秘鲁            ',null,'0930','1',null,null,null,null,null,null,null,null,null,null,null,null,null,null,'system','2009/07/29 16:06:23',null,null);
INSERT INTO CODE_LIBRARY (CODENO,ITEMNO,ITEMNAME,BANKNO,SORTNO,ISINUSE,ITEMDESCRIBE,ITEMATTRIBUTE,RELATIVECODE,ATTRIBUTE1,ATTRIBUTE2,ATTRIBUTE3,ATTRIBUTE4,ATTRIBUTE5,ATTRIBUTE6,ATTRIBUTE7,ATTRIBUTE8,INPUTUSER,INPUTORG,INPUTTIME,UPDATEUSER,UPDATETIME,REMARK,HELPTEXT) VALUES ('标普主权国家评级','0940','菲律宾          ',null,'0940','1',null,null,null,null,null,null,null,null,null,null,null,null,null,null,'system','2009/07/29 16:06:21',null,null);
INSERT INTO CODE_LIBRARY (CODENO,ITEMNO,ITEMNAME,BANKNO,SORTNO,ISINUSE,ITEMDESCRIBE,ITEMATTRIBUTE,RELATIVECODE,ATTRIBUTE1,ATTRIBUTE2,ATTRIBUTE3,ATTRIBUTE4,ATTRIBUTE5,ATTRIBUTE6,ATTRIBUTE7,ATTRIBUTE8,INPUTUSER,INPUTORG,INPUTTIME,UPDATEUSER,UPDATETIME,REMARK,HELPTEXT) VALUES ('标普主权国家评级','0950','波兰            ',null,'0950','1',null,null,null,null,null,null,null,null,null,null,null,null,null,null,'system','2009/07/29 16:06:23',null,null);
INSERT INTO CODE_LIBRARY (CODENO,ITEMNO,ITEMNAME,BANKNO,SORTNO,ISINUSE,ITEMDESCRIBE,ITEMATTRIBUTE,RELATIVECODE,ATTRIBUTE1,ATTRIBUTE2,ATTRIBUTE3,ATTRIBUTE4,ATTRIBUTE5,ATTRIBUTE6,ATTRIBUTE7,ATTRIBUTE8,INPUTUSER,INPUTORG,INPUTTIME,UPDATEUSER,UPDATETIME,REMARK,HELPTEXT) VALUES ('标普主权国家评级','0960','葡萄牙          ',null,'0960','1',null,null,null,null,null,null,null,null,null,null,null,null,null,null,'system','2009/07/29 16:06:23',null,null);
INSERT INTO CODE_LIBRARY (CODENO,ITEMNO,ITEMNAME,BANKNO,SORTNO,ISINUSE,ITEMDESCRIBE,ITEMATTRIBUTE,RELATIVECODE,ATTRIBUTE1,ATTRIBUTE2,ATTRIBUTE3,ATTRIBUTE4,ATTRIBUTE5,ATTRIBUTE6,ATTRIBUTE7,ATTRIBUTE8,INPUTUSER,INPUTORG,INPUTTIME,UPDATEUSER,UPDATETIME,REMARK,HELPTEXT) VALUES ('标普主权国家评级','0970','卡塔尔          ',null,'0970','1',null,null,null,null,null,null,null,null,null,null,null,null,null,null,'system','2009/07/29 16:06:21',null,null);
INSERT INTO CODE_LIBRARY (CODENO,ITEMNO,ITEMNAME,BANKNO,SORTNO,ISINUSE,ITEMDESCRIBE,ITEMATTRIBUTE,RELATIVECODE,ATTRIBUTE1,ATTRIBUTE2,ATTRIBUTE3,ATTRIBUTE4,ATTRIBUTE5,ATTRIBUTE6,ATTRIBUTE7,ATTRIBUTE8,INPUTUSER,INPUTORG,INPUTTIME,UPDATEUSER,UPDATETIME,REMARK,HELPTEXT) VALUES ('标普主权国家评级','0980','哈伊马角        ',null,'0980','1',null,null,null,null,null,null,null,null,null,null,null,null,null,null,'system','2009/07/29 16:06:23',null,null);
INSERT INTO CODE_LIBRARY (CODENO,ITEMNO,ITEMNAME,BANKNO,SORTNO,ISINUSE,ITEMDESCRIBE,ITEMATTRIBUTE,RELATIVECODE,ATTRIBUTE1,ATTRIBUTE2,ATTRIBUTE3,ATTRIBUTE4,ATTRIBUTE5,ATTRIBUTE6,ATTRIBUTE7,ATTRIBUTE8,INPUTUSER,INPUTORG,INPUTTIME,UPDATEUSER,UPDATETIME,REMARK,HELPTEXT) VALUES ('标普主权国家评级','0990','罗马尼亚        ',null,'0990','1',null,null,null,null,null,null,null,null,null,null,null,null,null,null,'system','2009/07/29 16:06:23',null,null);
INSERT INTO CODE_LIBRARY (CODENO,ITEMNO,ITEMNAME,BANKNO,SORTNO,ISINUSE,ITEMDESCRIBE,ITEMATTRIBUTE,RELATIVECODE,ATTRIBUTE1,ATTRIBUTE2,ATTRIBUTE3,ATTRIBUTE4,ATTRIBUTE5,ATTRIBUTE6,ATTRIBUTE7,ATTRIBUTE8,INPUTUSER,INPUTORG,INPUTTIME,UPDATEUSER,UPDATETIME,REMARK,HELPTEXT) VALUES ('标普主权国家评级','1000','俄罗斯          ',null,'1000','1',null,null,null,null,null,null,null,null,null,null,null,null,null,null,'system','2009/07/29 16:06:21',null,null);
INSERT INTO CODE_LIBRARY (CODENO,ITEMNO,ITEMNAME,BANKNO,SORTNO,ISINUSE,ITEMDESCRIBE,ITEMATTRIBUTE,RELATIVECODE,ATTRIBUTE1,ATTRIBUTE2,ATTRIBUTE3,ATTRIBUTE4,ATTRIBUTE5,ATTRIBUTE6,ATTRIBUTE7,ATTRIBUTE8,INPUTUSER,INPUTORG,INPUTTIME,UPDATEUSER,UPDATETIME,REMARK,HELPTEXT) VALUES ('标普主权国家评级','1010','沙特阿拉伯      ',null,'1010','1',null,null,null,null,null,null,null,null,null,null,null,null,null,null,'system','2009/07/29 16:06:23',null,null);
INSERT INTO CODE_LIBRARY (CODENO,ITEMNO,ITEMNAME,BANKNO,SORTNO,ISINUSE,ITEMDESCRIBE,ITEMATTRIBUTE,RELATIVECODE,ATTRIBUTE1,ATTRIBUTE2,ATTRIBUTE3,ATTRIBUTE4,ATTRIBUTE5,ATTRIBUTE6,ATTRIBUTE7,ATTRIBUTE8,INPUTUSER,INPUTORG,INPUTTIME,UPDATEUSER,UPDATETIME,REMARK,HELPTEXT) VALUES ('标普主权国家评级','1020','塞内加尔        ',null,'1020','1',null,null,null,null,null,null,null,null,null,null,null,null,null,null,'system','2009/07/29 16:06:23',null,null);
INSERT INTO CODE_LIBRARY (CODENO,ITEMNO,ITEMNAME,BANKNO,SORTNO,ISINUSE,ITEMDESCRIBE,ITEMATTRIBUTE,RELATIVECODE,ATTRIBUTE1,ATTRIBUTE2,ATTRIBUTE3,ATTRIBUTE4,ATTRIBUTE5,ATTRIBUTE6,ATTRIBUTE7,ATTRIBUTE8,INPUTUSER,INPUTORG,INPUTTIME,UPDATEUSER,UPDATETIME,REMARK,HELPTEXT) VALUES ('标普主权国家评级','1030','塞尔维亚        ',null,'1030','1',null,null,null,null,null,null,null,null,null,null,null,null,null,null,'system','2009/07/29 16:06:21',null,null);
INSERT INTO CODE_LIBRARY (CODENO,ITEMNO,ITEMNAME,BANKNO,SORTNO,ISINUSE,ITEMDESCRIBE,ITEMATTRIBUTE,RELATIVECODE,ATTRIBUTE1,ATTRIBUTE2,ATTRIBUTE3,ATTRIBUTE4,ATTRIBUTE5,ATTRIBUTE6,ATTRIBUTE7,ATTRIBUTE8,INPUTUSER,INPUTORG,INPUTTIME,UPDATEUSER,UPDATETIME,REMARK,HELPTEXT) VALUES ('标普主权国家评级','1040','新加坡          ',null,'1040','1',null,null,null,null,null,null,null,null,null,null,null,null,null,null,'system','2009/07/29 16:06:23',null,null);
INSERT INTO CODE_LIBRARY (CODENO,ITEMNO,ITEMNAME,BANKNO,SORTNO,ISINUSE,ITEMDESCRIBE,ITEMATTRIBUTE,RELATIVECODE,ATTRIBUTE1,ATTRIBUTE2,ATTRIBUTE3,ATTRIBUTE4,ATTRIBUTE5,ATTRIBUTE6,ATTRIBUTE7,ATTRIBUTE8,INPUTUSER,INPUTORG,INPUTTIME,UPDATEUSER,UPDATETIME,REMARK,HELPTEXT) VALUES ('标普主权国家评级','1050','斯洛伐克        ',null,'1050','1',null,null,null,null,null,null,null,null,null,null,null,null,null,null,'system','2009/07/29 16:06:23',null,null);
INSERT INTO CODE_LIBRARY (CODENO,ITEMNO,ITEMNAME,BANKNO,SORTNO,ISINUSE,ITEMDESCRIBE,ITEMATTRIBUTE,RELATIVECODE,ATTRIBUTE1,ATTRIBUTE2,ATTRIBUTE3,ATTRIBUTE4,ATTRIBUTE5,ATTRIBUTE6,ATTRIBUTE7,ATTRIBUTE8,INPUTUSER,INPUTORG,INPUTTIME,UPDATEUSER,UPDATETIME,REMARK,HELPTEXT) VALUES ('标普主权国家评级','1060','斯洛文尼亚      ',null,'1060','1',null,null,null,null,null,null,null,null,null,null,null,null,null,null,'system','2009/07/29 16:06:21',null,null);
INSERT INTO CODE_LIBRARY (CODENO,ITEMNO,ITEMNAME,BANKNO,SORTNO,ISINUSE,ITEMDESCRIBE,ITEMATTRIBUTE,RELATIVECODE,ATTRIBUTE1,ATTRIBUTE2,ATTRIBUTE3,ATTRIBUTE4,ATTRIBUTE5,ATTRIBUTE6,ATTRIBUTE7,ATTRIBUTE8,INPUTUSER,INPUTORG,INPUTTIME,UPDATEUSER,UPDATETIME,REMARK,HELPTEXT) VALUES ('标普主权国家评级','1070','南非            ',null,'1070','1',null,null,null,null,null,null,null,null,null,null,null,null,null,null,'system','2009/07/29 16:06:23',null,null);
INSERT INTO CODE_LIBRARY (CODENO,ITEMNO,ITEMNAME,BANKNO,SORTNO,ISINUSE,ITEMDESCRIBE,ITEMATTRIBUTE,RELATIVECODE,ATTRIBUTE1,ATTRIBUTE2,ATTRIBUTE3,ATTRIBUTE4,ATTRIBUTE5,ATTRIBUTE6,ATTRIBUTE7,ATTRIBUTE8,INPUTUSER,INPUTORG,INPUTTIME,UPDATEUSER,UPDATETIME,REMARK,HELPTEXT) VALUES ('标普主权国家评级','1080','西班牙          ',null,'1080','1',null,null,null,null,null,null,null,null,null,null,null,null,null,null,'system','2009/07/29 16:06:23',null,null);
INSERT INTO CODE_LIBRARY (CODENO,ITEMNO,ITEMNAME,BANKNO,SORTNO,ISINUSE,ITEMDESCRIBE,ITEMATTRIBUTE,RELATIVECODE,ATTRIBUTE1,ATTRIBUTE2,ATTRIBUTE3,ATTRIBUTE4,ATTRIBUTE5,ATTRIBUTE6,ATTRIBUTE7,ATTRIBUTE8,INPUTUSER,INPUTORG,INPUTTIME,UPDATEUSER,UPDATETIME,REMARK,HELPTEXT) VALUES ('标普主权国家评级','1090','斯里兰卡        ',null,'1090','1',null,null,null,null,null,null,null,null,null,null,null,null,null,null,'system','2009/07/29 16:06:21',null,null);
INSERT INTO CODE_LIBRARY (CODENO,ITEMNO,ITEMNAME,BANKNO,SORTNO,ISINUSE,ITEMDESCRIBE,ITEMATTRIBUTE,RELATIVECODE,ATTRIBUTE1,ATTRIBUTE2,ATTRIBUTE3,ATTRIBUTE4,ATTRIBUTE5,ATTRIBUTE6,ATTRIBUTE7,ATTRIBUTE8,INPUTUSER,INPUTORG,INPUTTIME,UPDATEUSER,UPDATETIME,REMARK,HELPTEXT) VALUES ('标普主权国家评级','1100','苏里南          ',null,'1100','1',null,null,null,null,null,null,null,null,null,null,null,null,null,null,'system','2009/07/29 16:06:23',null,null);
INSERT INTO CODE_LIBRARY (CODENO,ITEMNO,ITEMNAME,BANKNO,SORTNO,ISINUSE,ITEMDESCRIBE,ITEMATTRIBUTE,RELATIVECODE,ATTRIBUTE1,ATTRIBUTE2,ATTRIBUTE3,ATTRIBUTE4,ATTRIBUTE5,ATTRIBUTE6,ATTRIBUTE7,ATTRIBUTE8,INPUTUSER,INPUTORG,INPUTTIME,UPDATEUSER,UPDATETIME,REMARK,HELPTEXT) VALUES ('标普主权国家评级','1110','瑞典            ',null,'1110','1',null,null,null,null,null,null,null,null,null,null,null,null,null,null,'system','2009/07/29 16:06:23',null,null);
INSERT INTO CODE_LIBRARY (CODENO,ITEMNO,ITEMNAME,BANKNO,SORTNO,ISINUSE,ITEMDESCRIBE,ITEMATTRIBUTE,RELATIVECODE,ATTRIBUTE1,ATTRIBUTE2,ATTRIBUTE3,ATTRIBUTE4,ATTRIBUTE5,ATTRIBUTE6,ATTRIBUTE7,ATTRIBUTE8,INPUTUSER,INPUTORG,INPUTTIME,UPDATEUSER,UPDATETIME,REMARK,HELPTEXT) VALUES ('标普主权国家评级','1120','瑞士            ',null,'1120','1',null,null,null,null,null,null,null,null,null,null,null,null,null,null,'system','2009/07/29 16:06:21',null,null);
INSERT INTO CODE_LIBRARY (CODENO,ITEMNO,ITEMNAME,BANKNO,SORTNO,ISINUSE,ITEMDESCRIBE,ITEMATTRIBUTE,RELATIVECODE,ATTRIBUTE1,ATTRIBUTE2,ATTRIBUTE3,ATTRIBUTE4,ATTRIBUTE5,ATTRIBUTE6,ATTRIBUTE7,ATTRIBUTE8,INPUTUSER,INPUTORG,INPUTTIME,UPDATEUSER,UPDATETIME,REMARK,HELPTEXT) VALUES ('标普主权国家评级','1130','台湾            ',null,'1130','1',null,null,null,null,null,null,null,null,null,null,null,null,null,null,'system','2009/07/29 16:06:23',null,null);
INSERT INTO CODE_LIBRARY (CODENO,ITEMNO,ITEMNAME,BANKNO,SORTNO,ISINUSE,ITEMDESCRIBE,ITEMATTRIBUTE,RELATIVECODE,ATTRIBUTE1,ATTRIBUTE2,ATTRIBUTE3,ATTRIBUTE4,ATTRIBUTE5,ATTRIBUTE6,ATTRIBUTE7,ATTRIBUTE8,INPUTUSER,INPUTORG,INPUTTIME,UPDATEUSER,UPDATETIME,REMARK,HELPTEXT) VALUES ('标普主权国家评级','1140','泰国            ',null,'1140','1',null,null,null,null,null,null,null,null,null,null,null,null,null,null,'system','2009/07/29 16:06:23',null,null);
INSERT INTO CODE_LIBRARY (CODENO,ITEMNO,ITEMNAME,BANKNO,SORTNO,ISINUSE,ITEMDESCRIBE,ITEMATTRIBUTE,RELATIVECODE,ATTRIBUTE1,ATTRIBUTE2,ATTRIBUTE3,ATTRIBUTE4,ATTRIBUTE5,ATTRIBUTE6,ATTRIBUTE7,ATTRIBUTE8,INPUTUSER,INPUTORG,INPUTTIME,UPDATEUSER,UPDATETIME,REMARK,HELPTEXT) VALUES ('标普主权国家评级','1150','特立尼达和多巴哥',null,'1150','1',null,null,null,null,null,null,null,null,null,null,null,null,null,null,'system','2009/07/29 16:06:21',null,null);
INSERT INTO CODE_LIBRARY (CODENO,ITEMNO,ITEMNAME,BANKNO,SORTNO,ISINUSE,ITEMDESCRIBE,ITEMATTRIBUTE,RELATIVECODE,ATTRIBUTE1,ATTRIBUTE2,ATTRIBUTE3,ATTRIBUTE4,ATTRIBUTE5,ATTRIBUTE6,ATTRIBUTE7,ATTRIBUTE8,INPUTUSER,INPUTORG,INPUTTIME,UPDATEUSER,UPDATETIME,REMARK,HELPTEXT) VALUES ('标普主权国家评级','1160','突尼斯          ',null,'1160','1',null,null,null,null,null,null,null,null,null,null,null,null,null,null,'system','2009/07/29 16:06:23',null,null);
INSERT INTO CODE_LIBRARY (CODENO,ITEMNO,ITEMNAME,BANKNO,SORTNO,ISINUSE,ITEMDESCRIBE,ITEMATTRIBUTE,RELATIVECODE,ATTRIBUTE1,ATTRIBUTE2,ATTRIBUTE3,ATTRIBUTE4,ATTRIBUTE5,ATTRIBUTE6,ATTRIBUTE7,ATTRIBUTE8,INPUTUSER,INPUTORG,INPUTTIME,UPDATEUSER,UPDATETIME,REMARK,HELPTEXT) VALUES ('标普主权国家评级','1170','土耳其          ',null,'1170','1',null,null,null,null,null,null,null,null,null,null,null,null,null,null,'system','2009/07/29 16:06:23',null,null);
INSERT INTO CODE_LIBRARY (CODENO,ITEMNO,ITEMNAME,BANKNO,SORTNO,ISINUSE,ITEMDESCRIBE,ITEMATTRIBUTE,RELATIVECODE,ATTRIBUTE1,ATTRIBUTE2,ATTRIBUTE3,ATTRIBUTE4,ATTRIBUTE5,ATTRIBUTE6,ATTRIBUTE7,ATTRIBUTE8,INPUTUSER,INPUTORG,INPUTTIME,UPDATEUSER,UPDATETIME,REMARK,HELPTEXT) VALUES ('标普主权国家评级','1180','乌干达          ',null,'1180','1',null,null,null,null,null,null,null,null,null,null,null,null,null,null,'system','2009/07/29 16:06:21',null,null);
INSERT INTO CODE_LIBRARY (CODENO,ITEMNO,ITEMNAME,BANKNO,SORTNO,ISINUSE,ITEMDESCRIBE,ITEMATTRIBUTE,RELATIVECODE,ATTRIBUTE1,ATTRIBUTE2,ATTRIBUTE3,ATTRIBUTE4,ATTRIBUTE5,ATTRIBUTE6,ATTRIBUTE7,ATTRIBUTE8,INPUTUSER,INPUTORG,INPUTTIME,UPDATEUSER,UPDATETIME,REMARK,HELPTEXT) VALUES ('标普主权国家评级','1190','乌克兰          ',null,'1190','1',null,null,null,null,null,null,null,null,null,null,null,null,null,null,'system','2009/07/29 16:06:23',null,null);
INSERT INTO CODE_LIBRARY (CODENO,ITEMNO,ITEMNAME,BANKNO,SORTNO,ISINUSE,ITEMDESCRIBE,ITEMATTRIBUTE,RELATIVECODE,ATTRIBUTE1,ATTRIBUTE2,ATTRIBUTE3,ATTRIBUTE4,ATTRIBUTE5,ATTRIBUTE6,ATTRIBUTE7,ATTRIBUTE8,INPUTUSER,INPUTORG,INPUTTIME,UPDATEUSER,UPDATETIME,REMARK,HELPTEXT) VALUES ('标普主权国家评级','1200','英国            ',null,'1200','1',null,null,null,null,null,null,null,null,null,null,null,null,null,null,'system','2009/07/29 16:06:23',null,null);
INSERT INTO CODE_LIBRARY (CODENO,ITEMNO,ITEMNAME,BANKNO,SORTNO,ISINUSE,ITEMDESCRIBE,ITEMATTRIBUTE,RELATIVECODE,ATTRIBUTE1,ATTRIBUTE2,ATTRIBUTE3,ATTRIBUTE4,ATTRIBUTE5,ATTRIBUTE6,ATTRIBUTE7,ATTRIBUTE8,INPUTUSER,INPUTORG,INPUTTIME,UPDATEUSER,UPDATETIME,REMARK,HELPTEXT) VALUES ('标普主权国家评级','1210','墨西哥          ',null,'1210','1',null,null,null,null,null,null,null,null,null,null,null,null,null,null,'system','2009/07/29 16:06:21',null,null);
INSERT INTO CODE_LIBRARY (CODENO,ITEMNO,ITEMNAME,BANKNO,SORTNO,ISINUSE,ITEMDESCRIBE,ITEMATTRIBUTE,RELATIVECODE,ATTRIBUTE1,ATTRIBUTE2,ATTRIBUTE3,ATTRIBUTE4,ATTRIBUTE5,ATTRIBUTE6,ATTRIBUTE7,ATTRIBUTE8,INPUTUSER,INPUTORG,INPUTTIME,UPDATEUSER,UPDATETIME,REMARK,HELPTEXT) VALUES ('标普主权国家评级','1220','美国            ',null,'1220','1',null,null,null,null,null,null,null,null,null,null,null,null,null,null,'system','2009/07/29 16:06:23',null,null);
INSERT INTO CODE_LIBRARY (CODENO,ITEMNO,ITEMNAME,BANKNO,SORTNO,ISINUSE,ITEMDESCRIBE,ITEMATTRIBUTE,RELATIVECODE,ATTRIBUTE1,ATTRIBUTE2,ATTRIBUTE3,ATTRIBUTE4,ATTRIBUTE5,ATTRIBUTE6,ATTRIBUTE7,ATTRIBUTE8,INPUTUSER,INPUTORG,INPUTTIME,UPDATEUSER,UPDATETIME,REMARK,HELPTEXT) VALUES ('标普主权国家评级','1230','乌拉圭          ',null,'1230','1',null,null,null,null,null,null,null,null,null,null,null,null,null,null,'system','2009/07/29 16:06:23',null,null);
INSERT INTO CODE_LIBRARY (CODENO,ITEMNO,ITEMNAME,BANKNO,SORTNO,ISINUSE,ITEMDESCRIBE,ITEMATTRIBUTE,RELATIVECODE,ATTRIBUTE1,ATTRIBUTE2,ATTRIBUTE3,ATTRIBUTE4,ATTRIBUTE5,ATTRIBUTE6,ATTRIBUTE7,ATTRIBUTE8,INPUTUSER,INPUTORG,INPUTTIME,UPDATEUSER,UPDATETIME,REMARK,HELPTEXT) VALUES ('标普主权国家评级','1240','越南            ',null,'1240','1',null,null,null,null,null,null,null,null,null,null,null,null,null,null,'system','2009/07/29 16:06:21',null,null);
INSERT INTO CODE_LIBRARY (CODENO,ITEMNO,ITEMNAME,BANKNO,SORTNO,ISINUSE,ITEMDESCRIBE,ITEMATTRIBUTE,RELATIVECODE,ATTRIBUTE1,ATTRIBUTE2,ATTRIBUTE3,ATTRIBUTE4,ATTRIBUTE5,ATTRIBUTE6,ATTRIBUTE7,ATTRIBUTE8,INPUTUSER,INPUTORG,INPUTTIME,UPDATEUSER,UPDATETIME,REMARK,HELPTEXT) VALUES ('标普主权国家评级','1250','赞比亚          ',null,'1250','1',null,null,null,null,null,null,null,null,null,null,null,null,null,null,'system','2009/07/29 16:06:23',null,null);

--delete FROM code_catalog where CodeNo='金融机构所属地区';
--delete FROM code_library where CodeNo='金融机构所属地区';
INSERT INTO CODE_CATALOG (CODENO,SORTNO,CODETYPEONE,CODETYPETWO,CODENAME,CODEDESCRIBE,CODEATTRIBUTE,INPUTUSER,INPUTORG,INPUTTIME,UPDATEUSER,UPDATETIME,REMARK) VALUES ('金融机构所属地区',null,'1.客户管理','信用等级评估','金融机构所属地区',null,null,'system','9900','2009/07/29 15:51:13','system','2009/07/29 15:51:16',null);
INSERT INTO CODE_LIBRARY (CODENO,ITEMNO,ITEMNAME,BANKNO,SORTNO,ISINUSE,ITEMDESCRIBE,ITEMATTRIBUTE,RELATIVECODE,ATTRIBUTE1,ATTRIBUTE2,ATTRIBUTE3,ATTRIBUTE4,ATTRIBUTE5,ATTRIBUTE6,ATTRIBUTE7,ATTRIBUTE8,INPUTUSER,INPUTORG,INPUTTIME,UPDATEUSER,UPDATETIME,REMARK,HELPTEXT) VALUES ('金融机构所属地区','010','西欧                ',null,'010','1',null,null,null,'1%@0.69:2%@0.08:3%@0.08:4%@0.15','0.08','0.08','0.15',null,null,null,null,null,null,null,'system','2009/07/29 16:06:21',null,null);
INSERT INTO CODE_LIBRARY (CODENO,ITEMNO,ITEMNAME,BANKNO,SORTNO,ISINUSE,ITEMDESCRIBE,ITEMATTRIBUTE,RELATIVECODE,ATTRIBUTE1,ATTRIBUTE2,ATTRIBUTE3,ATTRIBUTE4,ATTRIBUTE5,ATTRIBUTE6,ATTRIBUTE7,ATTRIBUTE8,INPUTUSER,INPUTORG,INPUTTIME,UPDATEUSER,UPDATETIME,REMARK,HELPTEXT) VALUES ('金融机构所属地区','020','东欧                ',null,'020','1',null,null,null,'1%@0.59:2%@0.11:3%@0.10:4%@0.20','0.11','0.10','0.20',null,null,null,null,null,null,null,'system','2009/07/29 16:06:23',null,null);
INSERT INTO CODE_LIBRARY (CODENO,ITEMNO,ITEMNAME,BANKNO,SORTNO,ISINUSE,ITEMDESCRIBE,ITEMATTRIBUTE,RELATIVECODE,ATTRIBUTE1,ATTRIBUTE2,ATTRIBUTE3,ATTRIBUTE4,ATTRIBUTE5,ATTRIBUTE6,ATTRIBUTE7,ATTRIBUTE8,INPUTUSER,INPUTORG,INPUTTIME,UPDATEUSER,UPDATETIME,REMARK,HELPTEXT) VALUES ('金融机构所属地区','030','北美                ',null,'030','1',null,null,null,'1%@0.80:2%@0.06:3%@0.05:4%@0.09','0.06','0.05','0.09',null,null,null,null,null,null,null,'system','2009/07/29 16:06:23',null,null);
INSERT INTO CODE_LIBRARY (CODENO,ITEMNO,ITEMNAME,BANKNO,SORTNO,ISINUSE,ITEMDESCRIBE,ITEMATTRIBUTE,RELATIVECODE,ATTRIBUTE1,ATTRIBUTE2,ATTRIBUTE3,ATTRIBUTE4,ATTRIBUTE5,ATTRIBUTE6,ATTRIBUTE7,ATTRIBUTE8,INPUTUSER,INPUTORG,INPUTTIME,UPDATEUSER,UPDATETIME,REMARK,HELPTEXT) VALUES ('金融机构所属地区','040','日本                ',null,'040','1',null,null,null,'1%@0.69:2%@0.08:3%@0.08:4%@0.15','0.08','0.08','0.15',null,null,null,null,null,null,null,'system','2009/07/29 16:06:21',null,null);
INSERT INTO CODE_LIBRARY (CODENO,ITEMNO,ITEMNAME,BANKNO,SORTNO,ISINUSE,ITEMDESCRIBE,ITEMATTRIBUTE,RELATIVECODE,ATTRIBUTE1,ATTRIBUTE2,ATTRIBUTE3,ATTRIBUTE4,ATTRIBUTE5,ATTRIBUTE6,ATTRIBUTE7,ATTRIBUTE8,INPUTUSER,INPUTORG,INPUTTIME,UPDATEUSER,UPDATETIME,REMARK,HELPTEXT) VALUES ('金融机构所属地区','050','拉美                ',null,'050','1',null,null,null,'1%@0.48:2%@0.06:3%@0.11:4%@0.35','0.06','0.11','0.35',null,null,null,null,null,null,null,'system','2009/07/29 16:06:23',null,null);
INSERT INTO CODE_LIBRARY (CODENO,ITEMNO,ITEMNAME,BANKNO,SORTNO,ISINUSE,ITEMDESCRIBE,ITEMATTRIBUTE,RELATIVECODE,ATTRIBUTE1,ATTRIBUTE2,ATTRIBUTE3,ATTRIBUTE4,ATTRIBUTE5,ATTRIBUTE6,ATTRIBUTE7,ATTRIBUTE8,INPUTUSER,INPUTORG,INPUTTIME,UPDATEUSER,UPDATETIME,REMARK,HELPTEXT) VALUES ('金融机构所属地区','060','亚洲（除中国、日本）',null,'060','1',null,null,null,'1%@0.69:2%@0.08:3%@0.08:4%@0.15','0.08','0.08','0.15',null,null,null,null,null,null,null,'system','2009/07/29 16:06:23',null,null);
INSERT INTO CODE_LIBRARY (CODENO,ITEMNO,ITEMNAME,BANKNO,SORTNO,ISINUSE,ITEMDESCRIBE,ITEMATTRIBUTE,RELATIVECODE,ATTRIBUTE1,ATTRIBUTE2,ATTRIBUTE3,ATTRIBUTE4,ATTRIBUTE5,ATTRIBUTE6,ATTRIBUTE7,ATTRIBUTE8,INPUTUSER,INPUTORG,INPUTTIME,UPDATEUSER,UPDATETIME,REMARK,HELPTEXT) VALUES ('金融机构所属地区','070','其他发展中国家      ',null,'070','1',null,null,null,'1%@0.48:2%@0.12:3%@0.10:4%@0.30','0.12','0.10','0.30',null,null,null,null,null,null,null,'system','2009/07/29 16:06:21',null,null);
INSERT INTO CODE_LIBRARY (CODENO,ITEMNO,ITEMNAME,BANKNO,SORTNO,ISINUSE,ITEMDESCRIBE,ITEMATTRIBUTE,RELATIVECODE,ATTRIBUTE1,ATTRIBUTE2,ATTRIBUTE3,ATTRIBUTE4,ATTRIBUTE5,ATTRIBUTE6,ATTRIBUTE7,ATTRIBUTE8,INPUTUSER,INPUTORG,INPUTTIME,UPDATEUSER,UPDATETIME,REMARK,HELPTEXT) VALUES ('金融机构所属地区','080','中国                ',null,'080','1',null,null,null,'1%@0.84:2%@0.08:3%@0.08:4%@0.0','0.08','0.08','0.0',null,null,null,null,null,null,null,'system','2009/07/29 16:06:23',null,null);
                                                                                                                                                                                                                                                                                                                                                                               